Provider,Sheets,Recorded,Found,Parity,Missed
Spectrum,86,658,658,100,
3DJake / 3DJAKE,73,632,627,99,"S-FIBER-PPSGF-TDS-2: Glass transition temperature 95.0 °C (p. 1: Glass transition temp.) | S-FIBER-PPSGF-TDS-2: Crystallization temperature 225.8 °C (p. 1: Crystallization temp.) | S-FIBER-PPSGF-TDS-2: HDT 248.9 °C (p. 1: HDT note, specimens annealed at 230 °C (0.45MPa)) | S-FIBER-PPSGF-TDS-2: HDT 219.6 °C (p. 1: HDT note, specimens annealed at 230 °C (1.8MPa)) | S-FIBER-PPSGF-TDS-2: Water absorption 0.11 % (p. 1: Equilibrium water absorption)"
Polymaker / Fiberon,60,1022,982,96,"S-FIBER-PA612: Crystallization temperature 180 °C (p. 1: Crystallization temp.) | S-FIBER-PA612: Water absorption 2.2 % (p. 1: Equilibrium water absorption) | S-FIBER-PA612: Crystallization temperature 180 °C (p. 1: Crystallization temp.) | S-FIBER-PA612: Water absorption 2.2 % (p. 1: Equilibrium water absorption) | S-POLYCN-TDS-FIBERON-PA612-ESD-V1-0-EN-1: Crystallization temperature 180.3 °C (p. 1: Crystallization temp.) | S-POLYCN-TDS-FIBERON-PA612-ESD-V1-0-EN-1: Vicat softening temperature 190.0 °C (p. 1: Vicat softening temp.) | S-POLYCN-TDS-FIBERON-PA612-ESD-V1-0-EN-1: HDT 157.0 °C (p. 1: Heat deflection temp. 0.45MPa) | R-FIBERON-PETCF17-TDS: Water absorption 0.53 % (p. 1: Equilibrium water absorption) | R-FIBERON-PETCF17-TDS: Melting temperature 241.3 °C (p. 1: Melting temperature) | R-FIBERON-PETCF17-TDS: Crystallization temperature 202.9 °C (p. 1: Crystallization temp.) | R-FIBERON-PETCF17-TDS: HDT 147.5 °C (p. 1: Heat deflection temp. ISO 75 0.45MPa) | R-FIBERON-PETGF15-TDS: HDT 71.8 °C (Thermal properties: Heat deflection temp. (as printed)) | R-FIBERON-PETGF15-TDS: HDT 81.6 °C (Thermal properties: Heat deflection temp. (as printed)) | R-FIBERON-PETGF15-TDS: Crystallization temperature 201.4 °C (Thermal properties: Crystallization temp.) | R-FIBERON-PETGF15-TDS: Water absorption 0.32 % (Physical properties: Equilibrium water absorption) | R-FIBERON-PETGRCF08-TDS: Water absorption 0.55 % (p. 1: Equilibrium water absorption) | S-FIBER-PPSGF-TDS-2: Glass transition temperature 95.0 °C (p. 1: Glass transition temp.) | S-FIBER-PPSGF-TDS-2: Crystallization temperature 225.8 °C (p. 1: Crystallization temp.) | S-FIBER-PPSGF-TDS-2: HDT 248.9 °C (p. 1: HDT note, specimens annealed at 230 °C (0.45MPa)) | S-FIBER-PPSGF-TDS-2: HDT 219.6 °C (p. 1: HDT note, specimens annealed at 230 °C (1.8MPa)) | S-FIBER-PPSGF-TDS-2: Water absorption 0.11 % (p. 1: Equilibrium water absorption) | R-POLYMAKER-PANCHROMA-TDS-V2-1: Density 1240 kg/m³ (Data table, Silk: Density) | R-POLYMAKER-PANCHROMA-TDS-V2-1: Vicat softening temperature 64.7 °C (Data table, Silk: Vicat softening temperature) | R-POLYMAKER-PANCHROMA-TDS-V2-1: Tensile modulus 2.403 GPa (Data table, Silk: Young's modulus (X-Y)) | R-POLYMAKER-PANCHROMA-TDS-V2-1: Tensile strength (endpoint unspecified) 41.1 MPa (Data table, Silk: Tensile strength (X-Y)) | R-POLYMAKER-PANCHROMA-TDS-V2-1: Tensile strength (endpoint unspecified) 23.8 MPa (Data table, Silk: Tensile strength (Z)) | R-POLYMAKER-PANCHROMA-TDS-V2-1: Charpy strength 13.8 kJ/m² (Data table, Silk: Notched Charpy impact strength) | R-POLYMAKER-PANCHROMA-TDS-V2-1: Density 1300 kg/m³ (Data table, CoPE: Density) | R-POLYMAKER-PANCHROMA-TDS-V2-1: Vicat softening temperature 66 °C (Data table, CoPE: Vicat softening temperature) | R-POLYMAKER-PANCHROMA-TDS-V2-1: Tensile modulus 2.515 GPa (Data table, CoPE: Young's modulus (X-Y)) | R-POLYMAKER-PANCHROMA-TDS-V2-1: Tensile strength (endpoint unspecified) 51.6 MPa (Data table, CoPE: Tensile strength (X-Y)) | R-POLYMAKER-PANCHROMA-TDS-V2-1: Tensile strength (endpoint unspecified) 36.1 MPa (Data table, CoPE: Tensile strength (Z)) | R-POLYMAKER-PANCHROMA-TDS-V2-1: Charpy strength 2.9 kJ/m² (Data table, CoPE: Notched Charpy impact strength) | S-POLYCN-Polymaker-HT-PLA-GF-TDS-EN-V1-1: Charpy strength 5.31 kJ/m² (p. 4: Notched Charpy impact strength (X-Y)) | S-POLYCN-Polymaker-HT-PLA-GF-TDS-EN-V1-1: Charpy strength 4.92 kJ/m² (p. 4: Notched Charpy impact) | S-POLYCN-Polymaker-HT-PLA-GF-TDS-EN-V1-1: Charpy strength 4.37 kJ/m² (p. 4: Notched Charpy impact) | S-POLYCN-TDS-Polymaker-HT-PLA-Pro-V1-4-2026-7-17-EN: Charpy strength 45.7 kJ/m² (p. 1: Notched charpy impact strength (X-Y) Unnotched charpy impact strength (X-Y)) | S-POLYCN-TDS-Polymaker-HT-PLA-Pro-V1-4-2026-7-17-EN: Charpy strength 10.3 kJ/m² (p. 1: Notched charpy impact strength (X-Y) Unnotched charpy impact strength (Z)) | S-POLYCN-TDS-Polymaker-HT-PLA-Pro-V1-4-2026-7-17-EN: Charpy strength 10.1 kJ/m² (p. 1: Notched charpy impact strength (X-Y) Notched Impact Strength (X-Y)) | S-POLYCN-PolySonic-PLA-EN-V5-3-TDS: Water absorption 0.4 % (p. 2: Equilibrium water absorption (%))"
3DXTECH,58,458,457,100,X-ECOMAX-3DXSTAT-ESD-Ultem1010-TDS-v3-1: Glass transition temperature 205 °C (p. 1: Glass Transition Temperature (Tg) ISO 75 °C)
Bambu Lab,41,739,592,80,B-abs-filament-TDS: Vicat softening temperature 94 °C (p. 2: Vicar Softening Temperature) | B-abs-filament-TDS: Elongation at break 10.5 % (p. 2: Breaking Elongation Rate (X-Y)) | B-abs-filament-TDS: Elongation at break 4.7 % (p. 2: Breaking Elongation Rate (Z)) | B-abs-filament-TDS: Charpy strength 39.3 kJ/m² (p. 2: Impact Strength (X-Y) — unnotched) | B-abs-gf-TDS: Vicat softening temperature 103 °C (p. 2: Vicar Softening Temperature) | B-abs-gf-TDS: Elongation at break 1.2 % (p. 2: Breaking Elongation Rate (X-Y)) | B-abs-gf-TDS: Elongation at break 0.8 % (p. 2: Breaking Elongation Rate (Z)) | B-abs-gf-TDS: Charpy strength 14.5 kJ/m² (p. 2: Impact Strength (X-Y)) | B-abs-gf-TDS: Charpy strength 4.2 kJ/m² (p. 2: Impact Strength (X-Y) (notched)) | B-asa-filament-TDS: Vicat softening temperature 106 °C (p. 2: Vicar Softening Temperature) | B-asa-filament-TDS: Elongation at break 9.2 % (p. 2: Breaking Elongation Rate (X-Y)) | B-asa-filament-TDS: Elongation at break 4.6 % (p. 2: Breaking Elongation Rate (Z)) | B-asa-filament-TDS: Charpy strength 41 kJ/m² (p. 2: Impact Strength (X-Y) — unnotched) | B-asa-filament-TDS: Melt mass-flow rate 7.0 g/10 min (p. 2: Melt Index) | B-asa-aero-TDS: Vicat softening temperature 80 °C (p. 2: Vicar Softening Temperature) | B-asa-aero-TDS: Elongation at break 1.6 % (p. 2: Breaking Elongation Rate (X-Y)) | B-asa-aero-TDS: Elongation at break 0.9 % (p. 2: Breaking Elongation Rate (Z)) | B-asa-aero-TDS: Charpy strength 32 kJ/m² (p. 2: Impact Strength (X-Y)) | B-asa-aero-TDS: Charpy strength 3.4 kJ/m² (p. 2: Impact Strength (Z)) | B-asa-aero-TDS: Charpy strength 8.2 kJ/m² (p. 2: Impact Strength (X-Y) (notched)) | B-asa-cf-TDS: Vicat softening temperature 108 °C (p. 2: Vicar Softening Temperature) | B-asa-cf-TDS: Elongation at break 9.6 % (p. 2: Breaking Elongation Rate (X-Y)) | B-asa-cf-TDS: Elongation at break 4.4 % (p. 2: Breaking Elongation Rate (Z)) | B-asa-cf-TDS: Charpy strength 14 kJ/m² (p. 2: Impact Strength (X-Y)) | B-asa-cf-TDS: Charpy strength 9.4 kJ/m² (p. 2: Impact Strength (Z)) | B-asa-cf-TDS: Charpy strength 6.2 kJ/m² (p. 2: Impact Strength (X-Y) (notched)) | B-pa6-cf-TDS: Elongation at break 5.8 % (p. 2: Breaking Elongation Rate (X-Y)) | B-pa6-cf-TDS: Elongation at break 3.7 % (p. 2: Breaking Elongation Rate (Z)) | B-pa6-cf-TDS: Charpy strength 40.3 kJ/m² (p. 2: Impact Strength (X-Y) — unnotched) | B-pa6-gf-TDS: Elongation at break 3.9 % (p. 2: Breaking Elongation Rate (X-Y)) | B-pa6-gf-TDS: Elongation at break 2.3 % (p. 2: Breaking Elongation Rate (Z)) | B-pa6-gf-TDS: Charpy strength 27.2 kJ/m² (p. 2: Impact Strength (X-Y) — unnotched) | B-pa6-gf-TDS: Melt mass-flow rate 9.0 g/10 min (p. 2: Melt Index) | B-paht-cf-TDS: Vicat softening temperature 220 °C (p. 2: Vicar Softening Temperature) | B-paht-cf-TDS: Elongation at break 8.4 % (p. 2: Breaking Elongation Rate (X-Y)) | B-paht-cf-TDS: Elongation at break 4.1 % (p. 2: Breaking Elongation Rate (Z)) | B-paht-cf-TDS: Charpy strength 57.5 kJ/m² (p. 2: Impact Strength (X-Y) — unnotched) | B-PC-TDS: Vicat softening temperature 119 °C (p. 2: Vicar Softening Temperature) | B-PC-TDS: Elongation at break 3.8 % (p. 2: Breaking Elongation Rate (X-Y)) | B-PC-TDS: Elongation at break 2.1 % (p. 2: Breaking Elongation Rate (Z))
Extrudr,40,330,330,100,
SUNLU,38,457,457,100,
Flashforge,34,355,349,98,R-FLASHFORGE-ASA-GF10-TDS: Flexural strength 72.5 MPa (Mechanical Properties: Bending Modulus (X-Y) [sheet label; the value is the strength]) | R-FLASHFORGE-ASA-GF10-TDS: Flexural modulus 3.359 GPa (Mechanical Properties: Bending Strength (X-Y) [sheet label; the value is the modulus]) | R-FLASHFORGE-ASA-GF10-TDS: Flexural strength 27.2 MPa (Mechanical Properties: Bending Modulus (X-Z) [sheet label; the value is the strength]) | R-FLASHFORGE-ASA-GF10-TDS: Flexural modulus 1.359 GPa (Mechanical Properties: Bending Strength (X-Z) [sheet label; the value is the modulus]) | R-FLASHFORGE-ASA-GF10-TDS: Izod impact strength 6.3 kJ/m² (Mechanical Properties: Izod Impact Strength (X-Y)) | R-FLASHFORGE-ASA-GF10-TDS: Izod impact strength 2.5 kJ/m² (Mechanical Properties: Izod Impact Strength (X-Z))
Fabru / purefil,33,205,205,100,
colorFabb,29,212,207,98,"R-COLORFABB-NGEN-TDS-V2: Izod impact strength 70 J/m (p. 1: Mechanical Properties - Injection Molded: Izod Impact Strength) | R-COLORFABB-NGEN-TDS-V2: HDT 71 °C (p. 1: Thermal Properties: Heat Deflection Temp. @0.455 MPa) | R-COLORFABB-NGEN-TDS-V2: HDT 63 °C (p. 1: Thermal Properties: Heat Deflection Temp. @1.82 MPa) | R-COLORFABB-TDS-E-ColorFabb-nGen-FLEX: Izod impact strength 40 J/m (p. 1: Izod Impact Strength Izod Notch, ISO 179) | R-COLORFABB-TDS-E-ColorFabb-PETG-Economy: Izod impact strength 107 J/m (p. 1: Izod Impact Strength Izod Notch, ISO 179)"
Eryone,28,340,340,100,
3D4Makers,20,155,155,100,
Fillamentum,18,144,143,99,"R-FILLAMENTUM-FLEXFILL-PEBA-90A-TDS: Tensile break strength 36 MPa (p. 1: Tensile strength, at break)"
Raise3D,14,136,129,95,"D-RAISE3D-Industrial-PPA-CF-TDS-V2-0: Density 1150 kg/m³ (p. 1: Filament Specifications, Density) | D-RAISE3D-Industrial-PPA-CF-TDS-V2-0: HDT 113 °C (p. 1: Filament Specifications, Heat Deflection Temperature, ISO75 1.8 MPa) | D-RAISE3D-Industrial-PPA-CF-TDS-V2-0: HDT 188 °C (p. 1: Filament Specifications, Heat Deflection Temperature, ISO75 0.45 MPa) | D-RAISE3D-Industrial-PPA-CF-TDS-V2-0: Melting temperature 231 °C (p. 1: Filament Specifications, Melting Temperature) | D-RAISE3D-Industrial-PPA-CF-TDS-V2-0: Melt mass-flow rate 11 g/10 min (p. 1: Filament Specifications, Melt index) | D-RAISE3D-Industrial-PPA-CF-TDS-V2-0: Moisture content 0.6 % (p. 1: Filament Specifications, Moisture content) | D-RAISE3D-Industrial-PPA-CF-TDS-V2-0: Tensile strength (endpoint unspecified) 30.2 MPa (p. 2: Mechanical Properties (Conditioned), Mono-layer Z-axis tensile strength)"
iSANMATE,14,142,58,41,"I-ASA-Glass-Fiber-Technical-Data-Sheet: Density 1150 kg/m³ (p. 1: Density) | I-ASA-Glass-Fiber-Technical-Data-Sheet: Melting temperature 220 °C (p. 1: Melting point) | I-ASA-Glass-Fiber-Technical-Data-Sheet: Flexural strength 82 MPa (p. 1: Bending stress) | I-ASA-Glass-Fiber-Technical-Data-Sheet: Impact strength 9 kJ/m² (p. 1: Notched) | I-ASA-Glass-Fiber-Technical-Data-Sheet: Tensile strength (endpoint unspecified) 55 MPa (p. 1: Tensile Strength) | I-ASA-Glass-Fiber-Technical-Data-Sheet: Elongation at break 10 % (p. 1: Tensile Strain (Break)) | I-ASA-Glass-Fiber-Technical-Data-Sheet: Flexural modulus 2.765 GPa (p. 1: Flexural modulus) | I-ASA-Glass-Fiber-Technical-Data-Sheet: Melt mass-flow rate 15 g/10 min (p. 1: Melt Flow Index (220 ℃, 10Kg)) | I-PEEK-TDS: Charpy strength 6 kJ/m² (p. 1: Charpy strength notched) | I-PEEK-TDS: Izod impact strength 6 kJ/m² (p. 1: Izod strength notched) | I-PEEK-TDS: Coefficient of thermal expansion 45 µm/m/K (p. 1: Coefficient of thermal expansion) | I-PEEK-TDS: Density 1300 kg/m³ (p. 1: Density) | I-PEEK-TDS: Water absorption 0.4 % (p. 2: Water absorption) | I-PEI-9085-TDS: Tensile modulus 2.176 GPa (p. 1: Tensile modulus) | I-PEI-9085-TDS: Tensile modulus 2.555 GPa (p. 1: Tensile modulus) | I-PEI-9085-TDS: Tensile modulus 2.439 GPa (p. 1: Tensile modulus) | I-PEI-9085-TDS: Tensile break strength 62 MPa (p. 1: Tensile break strength) | I-PEI-9085-TDS: Tensile break strength 80 MPa (p. 1: Tensile break strength) | I-PEI-9085-TDS: Tensile break strength 45 MPa (p. 1: Tensile break strength) | I-PEI-9085-TDS: Elongation at break 5.1 % (p. 1: Elongation at break) | I-PEI-9085-TDS: Elongation at break 5.8 % (p. 1: Elongation at break) | I-PEI-9085-TDS: Elongation at break 2.3 % (p. 1: Elongation at break) | I-PEI-9085-TDS: Flexural modulus 2.126 GPa (p. 1: Flexural modulus) | I-PEI-9085-TDS: Flexural modulus 2.55 GPa (p. 1: Flexural modulus) | I-PEI-9085-TDS: Flexural modulus 2.07 GPa (p. 1: Flexural modulus) | I-PEI-9085-TDS: Izod impact strength 104 J/m (p. 1: Izod strength notched) | I-PEI-9085-TDS: Izod impact strength 100 J/m (p. 1: Izod strength notched) | I-PEI-9085-TDS: Izod impact strength 33 J/m (p. 1: Izod strength notched) | I-PEI-9085-TDS: Izod impact strength 763 J/m (p. 2: Izod strength unnotched) | I-PEI-9085-TDS: Izod impact strength 1003 J/m (p. 2: Izod strength unnotched) | I-PEI-9085-TDS: Izod impact strength 131 J/m (p. 2: Izod strength unnotched) | I-PEI-9085-TDS: HDT 175 °C (p. 2: HDT) | I-PEI-9085-TDS: HDT 165 °C (p. 2: HDT) | I-PETG-TDS: Tensile strain at strength 4 % (p. 1: Elongation at Stress) | I-PETG-TDS: Vicat softening temperature 78 °C (p. 2: Vicat Softening Temperature) | I-PETG-TDS: Glass transition temperature 80 °C (p. 2: Glass Transition Temperature) | I-PETG-TDS: Tensile break strength 19 MPa (p. 1: Stress at Break) | I-PETG-TDS: HDT 68 °C (p. 2: Heat Deflection Temperature 0,45 MPa) | I-PETG-TDS: HDT 62 °C (p. 2: Heat Deflection Temperature 1.8 MPa) | I-PETG-Glass-Fiber-Technical-Data-Sheet: Density 1260 kg/m³ (p. 1: Density)"
eSUN,13,131,129,98,S-PEBA-PEBA90A-TDS-en: Tensile strength (endpoint unspecified) 16.5 MPa (p. 1: Tensile Strength (XY-axis)) | S-ESUN-PLA-Silk-TDS-2025-06-19: Melt mass-flow rate 4.8 g/10 min (p. 1: Melt Flow Index)
Prusa Research / Prusament,12,34,13,38,S-PVB-PVB-Prusament-TDS-2021-10-EN: Density 1100 kg/m³ (p. 2: Density) | S-PVB-PVB-Prusament-TDS-2021-10-EN: Water absorption 0.18 % (p. 2: Water absorption) | S-PVB-PVB-Prusament-TDS-2021-10-EN: Water absorption 0.35 % (p. 2: Water absorption) | S-PVB-PVB-Prusament-TDS-2021-10-EN: HDT 63 °C (p. 2: HDT) | S-PVB-PVB-Prusament-TDS-2021-10-EN: HDT 58 °C (p. 2: HDT) | S-PVB-PVB-Prusament-TDS-2021-10-EN: Tensile yield strength 57 MPa (p. 2: Tensile yield strength) | S-PVB-PVB-Prusament-TDS-2021-10-EN: Interlayer adhesion strength 9 MPa (p. 2: Interlayer adhesion strength) | S-PVB-PVB-Prusament-TDS-2021-10-EN: Tensile yield strength 50 MPa (p. 2: Tensile yield strength) | S-PVB-PVB-Prusament-TDS-2021-10-EN: Tensile yield strength 49 MPa (p. 2: Tensile yield strength) | S-PVB-PVB-Prusament-TDS-2021-10-EN: Tensile modulus 1.7 GPa (p. 2: Tensile modulus) | S-PVB-PVB-Prusament-TDS-2021-10-EN: Elongation at yield 4.6 % (p. 2: Elongation at yield) | S-PVB-PVB-Prusament-TDS-2021-10-EN: Elongation at yield 4.4 % (p. 2: Elongation at yield) | S-PVB-PVB-Prusament-TDS-2021-10-EN: Flexural strength 72 MPa (p. 2: Flexural strength) | S-PVB-PVB-Prusament-TDS-2021-10-EN: Flexural strength 73 MPa (p. 2: Flexural strength) | S-PVB-PVB-Prusament-TDS-2021-10-EN: Flexural modulus 2.2 GPa (p. 2: Flexural modulus) | S-PVB-PVB-Prusament-TDS-2021-10-EN: Flexural modulus 2.3 GPa (p. 2: Flexural modulus) | S-PVB-PVB-Prusament-TDS-2021-10-EN: Charpy strength 55 kJ/m² (p. 2: Charpy strength unnotched) | S-PVB-PVB-Prusament-TDS-2021-10-EN: Charpy strength 59 kJ/m² (p. 2: Charpy strength unnotched) | S-PVB-PVB-Prusament-TDS-2021-10-EN: Charpy strength 7 kJ/m² (p. 2: Charpy strength notched) | S-PVB-PVB-Prusament-TDS-2021-10-EN: Charpy strength 10 kJ/m² (p. 2: Charpy strength notched) | S-PVB-PVB-Prusament-TDS-2021-10-EN: Melt mass-flow rate 6 g/10 min (p. 1: MFR [g/10 min])
NinjaTek,11,76,76,100,
BigRep,8,61,58,95,S-BVOH: Vicat softening temperature 90 °C (p. 2: Vicat So昀琀ening Temperature) | S-BVOH: Glass transition temperature 68 °C (p. 2: Glass Transition Temperature (Tg)) | S-BVOH: Melting temperature 175 °C (p. 2: Melting Temperature (Tm))
Fiberlogy,7,78,78,100,
Yousu,7,41,37,90,"R-YOUSU-POM-TDS: Melt mass-flow rate 6 g/10 min (p. 1: Melt Flow Rate) | R-YOUSU-POM-TDS: Tensile yield strength 65 MPa (p. 1: Tensile Strength (23 °C, yield)) | R-YOUSU-POM-TDS: Elongation at break 35 % (p. 1: Tensile Elongation (23 °C, break)) | R-YOUSU-POM-TDS: HDT 96 °C (p. 1: Heat Deflection Temperature (1.8 MPa, Unannealed))"
3D-Fuel,5,58,58,100,
Recreus / Filaflex,5,34,34,100,
Shop3D Canada,5,56,56,100,
Filament2Print,4,48,48,100,
IPCON,4,76,56,74,R-IPCON-ASA-GF-TDS: Vicat softening temperature 107 °C (Filament's properties: Vicat softening temperature) | R-IPCON-ASA-GF-TDS: Elongation at break 5.8 % (Mechanical properties: Breaking Elongation Rate XY) | R-IPCON-ASA-GF-TDS: Elongation at break 2.1 % (Mechanical properties: Breaking Elongation Rate Z) | R-IPCON-ASA-GF-TDS: Hardness 80 Shore D (Filament's properties: Surface Hardness) | S-PPA-TDS: Vicat softening temperature 133 °C (p. 1: Vicar Softening Temperature) | S-PPA-TDS: HDT 131 °C (p. 1: Heat Deflection Temperature) | S-PPA-TDS: Elongation at break 3.4 % (p. 1: Breaking Elongation Rate XY) | S-PPA-TDS: Elongation at break 1.6 % (p. 1: Breaking Elongation Rate Z) | S-PPA-TDS: Flexural modulus 2.576 GPa (p. 1: Flexural Modulus Z) | S-PPA-TDS: Charpy strength 5.4 kJ/m² (p. 1: Impact Strength Z) | S-PPA-TDS: Melt mass-flow rate 15.6 g/10 min (p. 1: Melt Index) | S-PPA-TDS: Vicat softening temperature 106 °C (p. 1: Vicar Softening Temperature (as printed)) | D-IPCON-PPA: Vicat softening temperature 231 °C (p. 1: Vicar Softening Temperature) | D-IPCON-PPA: Elongation at break 2.1 % (p. 1: Breaking Elongation Rate XY) | D-IPCON-PPA: Elongation at break 1 % (p. 1: Breaking Elongation Rate Z) | D-IPCON-PPA: Melt mass-flow rate 13.2 g/10 min (p. 1: Melt Index) | S-PPSGF-TDS-0: Vicat softening temperature 258 °C (p. 1: Vicar Softening Temperature) | S-PPSGF-TDS-0: Elongation at break 1.6 % (p. 1: Breaking Elongation Rate XY) | S-PPSGF-TDS-0: Elongation at break 0.7 % (p. 1: Breaking Elongation Rate Z) | S-PPSGF-TDS-0: Hardness 83 Shore D (p. 1: Surface Hardness)
BASF Forward AM / Ultrafuse,3,57,56,98,"S-TPC: Hardness 45 Shore D (p. 1: Product Description, ""shore 45D"")"
Essentium / Nexa3D,3,27,4,15,R-ESSENTIUM-PPSCF-TDS: Tensile strength (endpoint unspecified) 63 MPa (p. 1: Tensile strength (endpoint unspecified) (XY)) | R-ESSENTIUM-PPSCF-TDS: Tensile strength (endpoint unspecified) 44.7 MPa (p. 1: Tensile strength (endpoint unspecified) (45/45)) | R-ESSENTIUM-PPSCF-TDS: Tensile strength (endpoint unspecified) 28.2 MPa (p. 1: Tensile strength (endpoint unspecified) (ZX)) | R-ESSENTIUM-PPSCF-TDS: Tensile modulus 7.46 GPa (p. 1: Tensile modulus (XY)) | R-ESSENTIUM-PPSCF-TDS: Tensile modulus 4.55 GPa (p. 1: Tensile modulus (45/45)) | R-ESSENTIUM-PPSCF-TDS: Tensile modulus 2.72 GPa (p. 1: Tensile modulus (ZX)) | R-ESSENTIUM-PPSCF-TDS: Elongation at break 2.2 % (p. 1: Elongation at break (XY)) | R-ESSENTIUM-PPSCF-TDS: Elongation at break 2.1 % (p. 1: Elongation at break (45/45)) | R-ESSENTIUM-PPSCF-TDS: Elongation at break 1.7 % (p. 1: Elongation at break (ZX)) | R-ESSENTIUM-PPSCF-TDS: Flexural strength 98.2 MPa (p. 1: Flexural strength (XY)) | R-ESSENTIUM-PPSCF-TDS: Flexural strength 78.3 MPa (p. 1: Flexural strength (45/45)) | R-ESSENTIUM-PPSCF-TDS: Flexural strength 38.7 MPa (p. 1: Flexural strength (ZX)) | R-ESSENTIUM-PPSCF-TDS: Flexural modulus 6.18 GPa (p. 1: Flexural modulus (XY)) | R-ESSENTIUM-PPSCF-TDS: Flexural modulus 3.61 GPa (p. 1: Flexural modulus (45/45)) | R-ESSENTIUM-PPSCF-TDS: Flexural modulus 2.31 GPa (p. 1: Flexural modulus (ZX)) | R-ESSENTIUM-PPSCF-TDS: Izod impact strength 3 kJ/m² (p. 1: Izod impact strength (XY)) | R-ESSENTIUM-PPSCF-TDS: Izod impact strength 2.6 kJ/m² (p. 1: Izod impact strength (45/45)) | R-ESSENTIUM-PPSCF-TDS: Izod impact strength 2.2 kJ/m² (p. 1: Izod impact strength (ZX)) | R-ESSENTIUM-PPSCF-TDS: Density 1500 kg/m³ (p. 1: Density) | R-ESSENTIUM-PPSCF-TDS: Melting temperature 280 °C (p. 1: Melting Point) | R-ESSENTIUM-PPSCF-TDS: Glass transition temperature 92 °C (p. 1: Glass Transition Temp) | R-ESSENTIUM-PPSCF-TDS: Water absorption 0.06 % (p. 1: Equilibrium Water Absorption) | R-ESSENTIUM-PPSCF-TDS: Continuous service temperature 220 °C (p. 1: Continuous Service Temp)
Trinity3DS,3,23,23,100,
Braskem,2,15,14,93,"R-BRASKEM-FL300PE-PDS: Tensile strength (endpoint unspecified) 18.5 MPa (p. 1: Printed Part Properties, Ultimate Tensile Strength*)"
FormFutura,2,26,12,46,"S-PET-TDS: Density 1340 kg/m³ (p. 1: Density) | S-PET-TDS: Charpy strength 1.7 kJ/m² (p. 1: Charpy strength notched) | S-PET-TDS: Tensile yield strength 59.4 MPa (p. 1: Tensile yield strength) | S-PET-TDS: Tensile break strength 54.3 MPa (p. 1: Tensile break strength) | S-PET-TDS: Tensile modulus 2.564 GPa (p. 1: Tensile modulus) | S-PET-TDS: Elongation at yield 2.9 % (p. 1: Elongation at yield) | S-PET-TDS: Elongation at break 5.2 % (p. 1: Elongation at break) | S-PET-TDS: Flexural strength 87.5 MPa (p. 1: Flexural strength) | S-PET-TDS: Flexural modulus 2.621 GPa (p. 1: Flexural modulus) | S-PET-TDS: HDT 65.7 °C (p. 1: HDT) | S-PET-TDS: Vicat softening temperature 65.9 °C (p. 1: Vicat softening temperature) | S-PET-TDS: Glass transition temperature 70 °C (p. 1: Glass transition temperature) | S-PET-TDS: Hardness 75.3 Shore D (p. 1: ""Rockwell hardness"" row (mislabeled in source - value carries a Shore D unit)) | R-FORMFUTURA-STYX-PA6-TDS: Charpy strength 139 kJ/m² (p. 1: Charpy unnotched impact strength, 23°C)"
SIDDAMENT,2,24,22,92,S-PCGF-TDS-1: Impact strength 50 kJ/m² (p. 1: Impact strength (XY)) | S-PCGF-TDS-1: Impact strength 15 kJ/m² (p. 1: Impact strength (Z))
UltiMaker / MakerBot,2,12,12,100,
Grupa Azoty / Tarfuse,1,6,4,67,"R-GRUPA-AZOTY-TARFUSE-POM-TDS: Density 1420 kg/m³ (Physical Properties: Density) | R-GRUPA-AZOTY-TARFUSE-POM-TDS: Tensile modulus 1.87 GPa (Mechanical Properties: Tensile E-modulus, XY (flat))"
Kimya / Airtech,1,11,7,64,"R-KIMYA-TPC-91A-TDS: Tensile strength (endpoint unspecified) 17.7 MPa (p. 2: Printed specimens properties, Strength) | R-KIMYA-TPC-91A-TDS: Tensile strain at strength 500 % (p. 2: Printed specimens properties, Strain at Strength) | R-KIMYA-TPC-91A-TDS: Tensile break strength 17.5 MPa (p. 2: Printed specimens properties, Stress at break) | R-KIMYA-TPC-91A-TDS: Flexural stress at conventional deflection 2.6 MPa (p. 2: Printed specimens properties, Flexural stress at conventional deflection (3,5% strain))"
Stratasys,1,16,2,13,"R-STRATASYS-FDM-NYLON12-MDS: Density 1010 kg/m³ (Table 3: Specific Gravity) | R-STRATASYS-FDM-NYLON12-MDS: HDT 94.7 °C (Table 3: HDT @ 66 psi, XY) | R-STRATASYS-FDM-NYLON12-MDS: HDT 84.3 °C (Table 3: HDT @ 264 psi, XY) | R-STRATASYS-FDM-NYLON12-MDS: Glass transition temperature 34.03 °C (Table 3: Tg) | R-STRATASYS-FDM-NYLON12-MDS: Tensile yield strength 49.3 MPa (Table 4: Yield Strength, XZ orientation) | R-STRATASYS-FDM-NYLON12-MDS: Tensile yield strength 41.8 MPa (Table 4: Yield Strength, ZX orientation) | R-STRATASYS-FDM-NYLON12-MDS: Elongation at yield 5.8 % (Table 4: Elongation @ Yield, ZX orientation) | R-STRATASYS-FDM-NYLON12-MDS: Tensile break strength 33.4 MPa (Table 4: Strength @ Break, XZ orientation) | R-STRATASYS-FDM-NYLON12-MDS: Tensile break strength 41.2 MPa (Table 4: Strength @ Break, ZX orientation) | R-STRATASYS-FDM-NYLON12-MDS: Elongation at break 6.5 % (Table 4: Elongation @ Break, ZX orientation) | R-STRATASYS-FDM-NYLON12-MDS: Tensile modulus 1.51 GPa (Table 4: Modulus (Elastic), XZ orientation) | R-STRATASYS-FDM-NYLON12-MDS: Tensile modulus 1.25 GPa (Table 4: Modulus (Elastic), ZX orientation) | R-STRATASYS-FDM-NYLON12-MDS: Flexural modulus 1.26 GPa (Table 4: Flexural Modulus, XZ orientation) | R-STRATASYS-FDM-NYLON12-MDS: Flexural modulus 1.2 GPa (Table 4: Flexural Modulus, ZX orientation)"
