ID,Workstream,Class,Severity,Title,Evidence,Repro,SuggestedFix
B-01,B-physics,defect,high,"Implied lower bounds include ASTM D882 film strengths, so PLA is never screened for tensile strength up to 144.7 MPa","build/src/compile.js impliedBounds() filters out only ""Raw material"" specimens. M001 PLA carries V000039 (110.3 MPa, film MD) and V002179 (144.7 MPa, film TD), I-PLA-TDS p. 1, Specimen type ""Film specimen (ASTM D882)"". estimates.js excludes /^Film/ from the model, but the engine veto still reads them: PLA estimate 48.8-65.2 MPa (plausible 46.9-67.8) is vetoed for every requirement tensileStrengthXY >= 68 ... 144.7 MPa (33 thresholds). Printed PLA XY cannot exceed ~75 MPa; biaxially oriented film is 2-3x stronger than a printed bar.","node docs/audits/2026-09-15-filtering-estimates-data/physics/physics-check.mjs; then filter physics-findings.csv on check C8-implied-bound-not-a-bound and D1-explore-kept-envelope-fails (M001 tensileStrengthXY); node -e ""const d=require('./dist/db.json');console.log(d.materials.find(m=>m.id==='M001').headline.tensileStrengthXY.impliedBounds)""","KNOWN: the lead has fixed film/filament implied bounds in a separate worktree; verify there. In compile.js impliedBounds(), use the same evidence filter as estimates.js snapshot(): exclude /^Film/ specimens (and retired grades). Add a test: no implied bound comes from a film specimen."
B-02,B-physics,policy,medium,Implied bounds come from specimen-not-stated values and from the top of a +/- SD interval,"49 bounds rest on ""Not published (do not assume printed)"" specimens, which on filament sheets are frequently moulded: M053 PA12-CF V001002 125 MPa (Spectrum PA12-CF15, 125 MPa / 8 GPa / 5 %, a moulded-compound profile) vetoes screens for >= 95-125 MPa although printed PA12-CF XY is 70-90 MPa (V000965 72, V000982 71.6); M045 PEBA V000839 30, V001892 32.8, V001894 32.3 MPa (GB/T 1040, ISO 37 rubber dumbbells) sit above the PEBA estimate 16.8-23.1; M049 V000919 78, M085 V001517 29, M086 V001685/V001687. 32 bounds use interval.hi: M052 PA12 V002012 elongation 30 % with SD 23 becomes a lower bound of 53 %. The code comment says moulded values are not bounds; unknown specimens are treated as printed, contradicting D35 ""do not assume printed"".","node docs/audits/2026-09-15-filtering-estimates-data/physics/physics-check.mjs; then filter physics-findings.csv on check C8-implied-bound-not-a-bound, C5-likely-range-below-implied-bound","Take implied bounds only from printed specimens (or treat ""not stated"" as moulded for bounds, as for estimates), and use the value (or interval.lo), not interval.hi. Keep the veto conservative by widening the screen instead, if needed."
B-03,B-physics,defect,high,"Z-direction rows coded as direction ""unknown"" (locator names Z)","18 rows whose locator reads ""... Z"": S-PPA-TDS p. 1 (M069 PPA) V001291, V001293, V001295, V001297, V001299, V001301; D-IPCON-PPA p. 1 (M071 PPA-GF) V001328, V001330, V001332, V001334, V001336, V001338; S-PPSGF-TDS-0 p. 1 (M074 PPS-GF) V001380, V001382, V001384, V001386, V001388, V001390. Re-read: S-PPA-TDS prints ""Tensile Strength Z ... 40 MPa"". Ambiguous X-Z labels also coded unknown: R-ERYONE-PETG-GF-TDS Part III V001973 (25.1 MPa vs XY 53.6), V001974, V001975; M034 ASA-GF V002205, V002206, V002208 (behave as upright bars). These feed B-04.","node docs/audits/2026-09-15-filtering-estimates-data/physics/physics-check.mjs; then filter physics-findings.csv on check A14-direction-in-locator-not-coded, A14b-xz-label-ambiguous",Set Direction Z on the 18 rows (migration naming the replaced value). Resolve X-Z against each sheet figure; the values (about half of XY) indicate upright bars.
B-04,B-physics,defect,high,"""Direction unstated"" conversions are learned from those Z rows and inflate XY estimates by 1.35-1.6x","meta.estimateModel fitted offsets (log): tensileStrengthXY ""ultimate unk"" +0.439 (documented +0.1; 5 of its 6 pairs are the Z rows of B-03), tensileModulusXY ""tensile unk"" +0.309 and ""flexural unk"" +0.44 (documented 0), elongationXY ""break unk"" +0.464 (documented 0), flexural strength ""flexural unk"" -0.06 vs -0.55 for XY. Physically a filament-sheet value without a direction is an XY or a moulded bar, both >= the printed XY value, so the offset should be <= 0. Inflated estimates: M049 PA6 strength V000919 78 -> 121 MPa (estimate 66.3-112), M085 PE modulus V001519 3.5 -> 4.77 GPa, M045 PEBA modulus V000841 80 -> 124 MPa and strength V000839 30 -> 46.5, M064 PA-ESD modulus V001205 6.7 -> 10.4 GPa, M076 BVOH strength V001419 34 -> 52.7, M066 PET modulus V001761 2.62 -> 4.07 GPa, M020 PETG V000414 53 -> 82.2, M037 PC-CF V000736 58 -> 89.9, M090 CPE-CF elongation 8 -> 12.7 %, M082 PP V002054 13.9 -> 21.6 (30 evidence items in all).","node docs/audits/2026-09-15-filtering-estimates-data/physics/physics-check.mjs; then filter physics-findings.csv on check (not a separate check); node -e ""const d=require('./dist/db.json');console.log(d.meta.estimateModel.properties.tensileStrengthXY.conversions)""; list pairs with the XY/unk pairing snippet in NOTES.md","Fix B-03 first. Then constrain unk (and moulded) offsets to the physically allowed sign (<= documented value), require more pairs (>= 8) before data may move a documented offset, and drop pairs whose locator names a direction."
B-05,B-physics,defect,high,PPA heat deflection headline is the annealed value; the as-printed values were not transcribed,"S-PPA-TDS p. 1 prints ""Vicat 106 °C; 133 °C (annealed)"" and ""HDT ISO 75 0.45 MPa 103 °C; 131 °C (annealed)"" (re-read with pdfjs). Data: V001289 HDT 131 and V001288 Vicat 133 with Post-processing ""Not published""; 103 and 106 are absent. M069 PPA headline hdt045 = 131 (headlines.csv M069,hdt045,V001289) passes Strict for HDT >= 104-131 °C that an as-printed part (103 °C) fails. The source also gives Tm 246 °C (V001287), low for a PPA (typically 290-325), consistent with a PA6T/6I-type copolymer.","Re-read .cache/sources/S-PPA-TDS.pdf p. 1 (pdfjs text; helper in NOTES.md). physics-check has no row for it: the PPA envelope admits annealed values, and the condition is not coded","Record V001289/V001288 as annealed, add the as-printed 103 °C and 106 °C rows, and point the PPA hdt045 headline at the as-printed value (or show the annealed one with its condition)."
B-06,B-physics,defect,medium,"Bambu sheets that state ""All the specimens were printed ... annealed and dried at X °C"" are coded ""specimen not stated / post-processing not published""","Re-read 16 cached Bambu sheets: the statement is present in B-pa6-gf-TDS, B-pet-cf-TDS, B-pc-fr-TDS, B-abs-gf-TDS, B-petg-hf-TDS, B-tpu-for-ams-TDS (70 °C 12 h), B-pla-tough-upgrade-TDS, B-pla-translucent-TDS, B-pla-sparkle-TDS (50-55 °C 8 h) and others, but their rows are ""Not published (do not assume printed)"" and/or Post-processing ""Not published"" (e.g. PET-CF V001269 HDT1.8 182, V001270 HDT0.45 205; PA6-GF V000943-V000958; TPU for AMS V000775), while the same wording on B-pa6-cf-TDS, B-PC-TDS is coded Printed/annealed. Physics consequence: M067 PET-CF headline HDT 205 °C is the 80 °C/12 h annealed (cold-crystallised, Tc 130 °C) value of a slow-crystallising PET, shown and screened as unconditioned; printed values are treated as possibly moulded (B2: 23 medium headline rows).",node docs/audits/2026-09-15-filtering-estimates-data/physics/physics-check.mjs; then filter physics-findings.csv on check B2-headline-condition; per-source tally snippet in NOTES.md,A source-level migration: set Specimen type Printed specimen and the Post-processing sentence on every row of a Bambu sheet that states it (one edit per source).
B-07,B-physics,defect,medium,"Heat-deflection model ignores annealing and treats slow crystallisers (PET, PPS, PPA, BVOH, PVA) as crystallised semicrystalline bars","estimates.js kindOf() has no annealed flag, so as-printed and annealed HDT of one formulation are averaged as one kind: M019 PLA-GF V000350 75.5 + V000353 114.7 (flagged conflict), M074 PPS-GF V002071 236.3 / V002072 248.9 (annealed 130/230 °C). The matrix class for PET/PPS/PPA/BVOH/PVA is semi-unfilled/semi-filled though estimate-model.json itself says they print largely amorphous: M066 PET HDT1.8 V001762 65.7 -> 96.5 °C (+30.8 semi-unfilled gap) and estimate 71.2-109 (plausible to 132) against its own Vicat 65.9 (V001763); M076 BVOH Vicat 90 (V001424) -> estimate 54.7-117 (plausible to 158). The fitted semi-filled class learns from annealed PET-CF 205 / PPS-CF 264 / PPS-GF 241, so M068 PET-GF measured 81.6 (as printed) is an outlier vs 114 expected (meta.estimateModel.outliers). PLA (also a slow crystalliser) is declared amorphous, PET semicrystalline: inconsistent.","node docs/audits/2026-09-15-filtering-estimates-data/physics/physics-check.mjs; then filter physics-findings.csv on check C7-slow-crystalliser-converted-as-semicrystalline, C6-hdt-estimate-above-own-vicat, C2-ordering-estimate (M068 vs M066)","KNOWN IN PART: the lead has fixed annealed-vs-as-printed averaging in a separate worktree; the slow-crystalliser matrix class and the Vicat bound remain. Add an annealed/as-printed covariate (or kind suffix) for HDT, Vicat and Tm-based kinds; for identities that are semicrystalline but not fastCrystallising, convert as-printed values with the amorphous gap and bound by Tg + lift unless annealed; add own Vicat as a soft upper bound for unfilled matrices (HDT0.45 <= Vicat + ~10 °C)."
B-08,B-physics,defect,high,TPU heat deflection is estimated (and certified to screen) from a physically impossible source value,"M039 TPU hdt045 estimate 70.2-84.6 °C (plausible 61.2-93.6, canScreen true) from I-TPU-TDS V000765 (74 °C at 0.455 MPa) and V000766 (49 °C at 1.82 MPa) on a 95A TPU whose sheet gives tensile modulus 26 MPa (re-read). ISO 75 / ASTM D648 stop at 0.2 % outer-fibre strain, so a bar deflects at the temperature where E ~ sigma/0.002 = 225 MPa (0.45 MPa) or 900 MPa (1.8 MPa); a 26 MPa elastomer exceeds that at room temperature. estimate-model.json notApplicable.elastomerHdt exempts materials whose own sources publish an HDT; ""HDT 1.8 elastomer"" (+13.8, 1 pair) is fitted from the same sheet.","node docs/audits/2026-09-15-filtering-estimates-data/physics/physics-check.mjs; then filter physics-findings.csv on check C4-estimate-where-not-applicable, A3b-hdt-on-soft-matrix","Make elastomer hdt045 not applicable unconditionally (or only where a grade modulus >= 0.25 GPa is published); give V000765/V000766 a Parse review note ""physically implausible"" and exclude them from the model; drop the ""HDT 1.8 elastomer"" conversion."
B-09,B-physics,suspect,medium,"TPU for AMS modulus 1190 MPa is inconsistent with its own 68D hardness, >650 % elongation and N/A heat deflection","M040 V000775 Tensile modulus XY 1.19 GPa and V000776 Z 0.60 GPa, SourceID B-tpu-for-ams-TDS, Locator p. 2 ""Young's Modulus (X-Y) 1190 +/- 0.4 MPa"" (transcription faithful). Qi-Joyce-Boyce for 68D gives ~208 MPa; 22.4 MPa strength / 1.19 GPa = 1.9 % linear strain for a bar that stretches >650 %; the same sheet lists HDT as N/A, which fits a low modulus, not 1.19 GPa (a 1.19 GPa bar would have an HDT at 0.45 MPa); +/- 0.4 MPa on 1190 is implausibly tight. Effects: Strict PASS for tensileModulusXY >= 1.18 GPa (a TPU among rigid candidates); the ""hardness"" conversion pair +1.75 widens its sd to 0.885; the elastomer group spread plausibly drives M086 OBC modulus estimate 0.016-1.14 GPa (plausible to 2.75 GPa) for an olefin block copolymer whose modulus is 0.01-0.1 GPa.","node docs/audits/2026-09-15-filtering-estimates-data/physics/physics-check.mjs; then filter physics-findings.csv on check C2b-modulus-vs-shore, B1-headline-outside-envelope, D2-strict-pass-envelope-fails (M040)",Ask Bambu Lab / check a later sheet revision; until then quarantine or caveat V000775-V000776 and exclude them from the elastomer fit and the hardness conversion.
B-10,B-physics,policy,medium,Physically self-contradictory source values are published and screened without a caveat,"Transcriptions verified against the sheets, but physics rules them out: M035 PC V000683 HDT0.45 112 < V000682 HDT1.8 117 (B-PC-TDS p. 2; a lighter load cannot deflect earlier; PC headline hdt045 = 112), with V000678 Tm 228 °C for amorphous PC and Vicat 119 < Tg 145; V000970 (X-CarbonX-CF-PA12-TDS-v1), V001013 (X-FIBREX-PA12-GF30), V001206 (X-3DXSTAT-ESD-PA12) Tg 158 °C for PA12 (Tg 35-55 °C; a template value); M001 PLA V000008 HDT0.45 80 °C (X-ECOMAX-PLA-TDS-v3, no annealing stated, Tg 55 °C; PolySonic PLA 53 °C) is the PLA headline and passes Strict for HDT >= 67-80 °C; M073 PPS-CF V001359 264 / V001358 235 °C ""not annealed"" for a PPS with Tg 100 °C; M051 PA6-GF conditioned Z modulus V001192 2.593 > XY V001191 2.053 GPa; M035 PC Z elongation V000690 2.1 % below its Z stress/modulus 56 MPa/1.45 GPa = 3.9 %; M032 ASA Aero V000646 0.9 % < 21/1.18 = 1.8 %.","node docs/audits/2026-09-15-filtering-estimates-data/physics/physics-check.mjs; then filter physics-findings.csv on check A2-hdt045-below-hdt18, A1-outside-envelope (Tg), A3-pla-hdt-above-tg-not-annealed, A6-z-above-xy, A9-break-strain-below-linear-strain",Add these physics rules to data:lint (HDT0.45 >= HDT1.8 same grade; Tg/Tm inside identity limits; HDT <= Tg + lift for as-printed amorphous; strain at break >= stress/modulus; Z <= XY) and require an accepted reason or a Parse review note; prefer another grade as the headline where one exists.
B-11,B-physics,policy,medium,The PE and PA6 materials are represented by compounds that are not the neat polymer,"M085 PE has one grade, G085-01 Spectrum HDPE: 1.1 g/cm³ (V001516), Young's modulus 3.5 GPa (V001519), flexural 3.2 GPa (V001520), 80 HRM (re-read S-SPECTRUM-en-tds-spectrum-hdpe). HDPE is 941-970 kg/m³ and 0.6-1.4 GPa. The grade is declared ""undisclosed dense filler"", which keeps it out of the family, but the material called PE shows density 1100 and estimates modulus 2.97-7.41 GPa, strength 21.5-54.1 MPa, HDT 52-124 °C. M049 PA6 is Spectrum ""PA6 Neat"" G049-01: density 1.25 g/cm³ (V000917), modulus 3.4 GPa (V002078) (re-read); neat PA6 is 1130-1150 kg/m³, so it is the base against which PA6-CF 1090 and PA6-GF 1140 look impossible, and it lifts the polyamide density group.","node docs/audits/2026-09-15-filtering-estimates-data/physics/physics-check.mjs; then filter physics-findings.csv on check B1-headline-outside-envelope, C2-ordering-data, D1/D2 rows for M049 and M085","Label such a material as its compound (or declare G049-01 a variant too) and do not present its headline as the family value; with a variant as the only grade, publish no family estimate for PE."
B-12,B-physics,policy,low,"Filled-grade densities below the unfilled polymer: the density basis (filament, printed part, resin) is not recorded","Carbon (1750-1800) and glass (2500-2600 kg/m³) fibre cannot lower a compound's density, yet: M033 ASA-CF V000653 1020 (ASA 1050), M050 PA6-CF V000922 1090 and M051 PA6-GF V000943 1140 (verified in B-pa6-gf-TDS: 1.14 g/cm³), M059 PA612-CF V001052 1030, M073 PPS-CF V001353 1260, M074 PPS-GF V001374/V001391 1360 (PPS 1350), M018 PLA-CF V000323 1220, M024 PETG-CF V000484 1250, M067 PET-CF V001264 1290, M090 CPE-CF V001676 1160, M037 PC-CF V000733 1180, M025 PETG-GF V000505 1260, M038 PC-GF V001829 1176 (""Printed Part Density"", R-BASF-PCGF30-TDS p. 2). These are plausible only as porous filament or printed-part densities. Strict passes/fails density requirements on them (D2: 8 rows).","node docs/audits/2026-09-15-filtering-estimates-data/physics/physics-check.mjs; then filter physics-findings.csv on check A10-filled-density-below-base, C2-ordering-data","Record the density basis (filament / printed part / resin) as a column or in Specimen type, and convert or separate them in the density model; note the basis in the drawer."
B-13,B-physics,defect,medium,Density estimates for polyamides contradict both physics and the material's own measurement,"M052 PA12 estimate 1040-1180 kg/m³ (centre 1110, plausible 1010-1210) although its own reference grade publishes 1010 (V002002) and PA12 is 1010-1020; M055 PA66 1050-1170 (plausible from 1020) vs its own Zytel 1140 (V002033); M056 PA66-CF 1050-1190, centre below unfilled PA66; M058 PA612 1020-1110 (PA612 1060); M060 PA612-GF plausible from 1050; M038 PC-GF 1150-1330 (PC alone is 1200). The density model has no rule-of-mixtures structure, pools filament/printed-part densities (B-12) and the PA6 1250 compound (B-11) into ""aliphatic polyamide"", and gives the own reference only 30 % weight (ownShare 0.3) because its formulation differs from the representative grade.","node docs/audits/2026-09-15-filtering-estimates-data/physics/physics-check.mjs; then filter physics-findings.csv on check C1-centre-outside-envelope (density), D1 rows density for M052/M055/M056/M058/M060","Model density as identity density (handbook prior, sd 1-2 %) x reinforcement term with a positive sign constraint; let a same-identity reference density dominate; exclude declared variants and porous bases from the identity prior."
B-14,B-physics,policy,low,Moisture (conditioned to dry) offsets are one value for every polymer,"estimate-model.json wet: modulus +0.25, strength +0.12, elongation -0.4 (log). Printed polyamide pairs in the snapshot show much more: PolyMide PA6-GF modulus V001179 4.431 dry vs V001191 2.053 conditioned (ln 0.77), CoPA V001023 2.223 vs V001035 1.053 (0.75); strength V001181 84.5 vs V001193 50.8 (0.51), V001025 66.2 vs V001037 31.4 (0.75); elongation V001183 3.4 vs V001195 19.4 (-1.74); PA12-CF strength V000982 71.6 vs V000994 73.4 (about 0). The build itself fits ""tensile Z wet"" +0.707. A PA6-type material with only conditioned data would be estimated ~2x too soft and too weak when dry; a PA12 or non-hygroscopic one would be over-corrected.","node -e ""const d=require('./dist/db.json');console.log(d.meta.estimateModel.properties.tensileModulusXY.conversions)""","Scale the wet offset by identity (PA6/PA66/CoPA/PPA high; PA12/PA612/PAHT low; non-hygroscopic 0), e.g. by saturated water absorption; never use a conditioned elongation as a lower bound of the dry value."
B-15,B-physics,policy,low,Heat-deflection estimates for unfilled semicrystalline polymers are capped only at the melting point,"bounds.hdtAboveMelting caps at Tm with sd 6 °C; an unfilled bar deflects well below Tm (moulded PP ~65, PE ~55, PA12 ~40 °C below). M085 PE plausible 45.7-134 °C at Tm 132 (likely 52-124, width 72 °C, ""poor""); M087 POM likely 77.8-151 (plausible 52-163); M076 BVOH to 158 °C above its own Vicat 90 °C; M066 PET to 132 °C above Vicat 65.9. These wide high tails keep materials as Explore candidates for heat requirements physics excludes (D1: PE >= 133, BVOH >= 155, PET >= 130 °C).","node docs/audits/2026-09-15-filtering-estimates-data/physics/physics-check.mjs; then filter physics-findings.csv on check C6-hdt-estimate-near-tm-unfilled, C6-hdt-estimate-above-own-vicat, C3-likely-range-too-wide (hdt045)",For unfilled semicrystalline matrices cap softly at Tm - 20 °C; use own Vicat as a soft upper bound; keep Tm as the cap for fibre-filled bars.
B-16,B-physics,policy,medium,Estimate ranges are not truncated at the lower bounds the material's own measurements prove,"58 estimates show plausible (and 7 likely) ranges below an implied bound that only vetoes screens: M049 PA6 hdt045 plausible 71.9-153 though its own HDT1.8 is 90 °C (V002079; HDT0.45 >= HDT1.8); M052 PA12 hdt045 plausible 56.9-136 vs HDT1.8 84.3 (V002004); M066 PET 53.5-132 vs HDT1.8 65.7 (V001762); M020 PETG strength plausible 42-60.8 vs break 53 (V000414); M090 CPE-CF strength 39.1-75.4 vs yield 70 (V001544); M045 PEBA 16.8-23.1 vs 30-32.8 (see B-02). The reader sees values the evidence rules out, and the back-test judges ranges that ignore them.","node docs/audits/2026-09-15-filtering-estimates-data/physics/physics-check.mjs; then filter physics-findings.csv on check C5-range-extends-below-implied-bound, C5-likely-range-below-implied-bound","(B-01 film part known fixed by the lead.) Once B-01/B-02 make the bounds sound (printed, value not interval top), apply them in rangeFor() as soft lower bounds, as the one-sided published bounds already are."
B-17,B-physics,policy,low,Elastomer stiffness from Shore hardness uses one offset for Gent (A) and Qi-Joyce-Boyce (D); yield-to-ultimate conversions apply to strain-hardening elastomers,"modulusFromShore() implements Gent (1958) and the inverted Qi et al. (2003) relation correctly (95A 43.8 MPa, 90A 20.8, 85A 13.2, 68D 208, 45D 46.5 MPa). A single ""hardness"" offset (fitted -0.714, sd 0.885 from 5 pairs, one of them V000775 at +1.75) mixes two relations with different biases; Gent under-predicts above ~90A (M045 PEBA 90A flexural V000841 80 MPa is 3.8x Gent). Bambu TPU 85A V000826 6.8 MPa > TPU 90A V000810 5.3 MPa (inverted order). ""yield XY"" (+0.02) and ""yield unk"" (+0.1) assume necking thermoplastics; for TPU yield 8.6 MPa (V000756) vs break 39 MPa (V000757) the conversion is off by ln 1.5 and is only rescued by the conflict detector.","node docs/audits/2026-09-15-filtering-estimates-data/physics/physics-check.mjs; then filter physics-findings.csv on check C2b-modulus-vs-shore, C2b-headline-modulus-vs-shore, C2c-shore-order-inverted",Separate A and D hardness offsets; exclude V000775 from the fit; skip yield-to-ultimate (and yield-strain-to-break) conversions for elastomer morphology.
B-18,B-physics,note,low,"Headlines resting on specimen-not-stated values while printed, dry values exist for the same material","M038 PC-GF headline tensile strength 40 MPa (V000740) and elongation 9.5 % (V000742), S-PCGF-TDS-1 p. 1 (re-read: ""9.5 +/- 1.5 %""), while BASF Ultrafuse PC GF30 printed XY gives 36.1 MPa (V001835) and 2.4 % (V001837); 9.5 % for glass-filled PC exceeds the unfilled PC headline 3.8 % (V000689). M051 PA6-GF modulus 2.85 GPa (V000951; Bambu, printed per B-06) vs printed 4.261 (V001165) and 4.431 (V001179). M073 PPS-CF strength 87 MPa (V001363) vs printed 63 (V001862). M021 PETG Basic V000431 2.78 GPa XY and V000432 2.55 GPa Z (re-read, faithful) sit above PETG's 1.1-2.6 GPa and fail Strict ""<= 2.7 GPa"".","node docs/audits/2026-09-15-filtering-estimates-data/physics/physics-check.mjs; then filter physics-findings.csv on check B2-headline-condition-better-exists, C2-ordering-data (M038 elongation)","Prefer a printed, dry, stated-condition value as the representative observation when one exists; otherwise caveat the headline condition in the drawer."
B-19,B-physics,note,low,Screens narrower than physics allows for thinly evidenced identities,"Certified screen ranges cover a small part of the physical envelope where own evidence is thin: M052 PA12 elongation screen 3.72-47.1 % (ownShare 0.14; printed PA12 XY reaches >100 %), M049 PA6 9.53-84.4 %, M055 PA66 elongation 7.31-40.5 % and hdt045 57.7-190 °C, M058 PA612 7.6-33.6 %, M056 PA66-CF 2.8-16.1 % (no own evidence), M091 CoPE 3.33-59.2 %. The back-test certifies classes on average over measured headlines; it cannot see identities with no measured analogue, so these screens rest on the family prior. No estimate screened out a material whose envelope wholly meets a requirement (D3 estimate rows: 0).","node docs/audits/2026-09-15-filtering-estimates-data/physics/physics-check.mjs; then filter physics-findings.csv on check C9-screen-range-narrow-vs-physics, D3-removed-though-envelope-passes","Require an identity-level measured analogue (or own evidence share) before an estimate may screen, or widen screen ranges for identities without one."
B-20,B-physics,note,low,Envelope sweep summary (non-circular leak check),"2240 selections over thresholds at every envelope edge: Strict PASS although the envelope wholly fails: 15 (material, key, operator) cases, all measured headlines explained by B-05, B-06, B-09, B-10, B-11, B-12, B-18 (PLA HDT 80, PETG Basic 2.78 GPa, ABS-CF HDT 76 (V000594, below ABS itself), TPU for AMS 1.19 GPa, PA6 1250, PET-CF 205 °C, PPS-CF 264 °C, PPS-GF 241 °C, filled densities). Explore+estimates kept although the envelope wholly fails: 73, of which 18 medium: estimate tails beyond physics (M085 PE modulus >= 8.26 GPa, M086 OBC modulus >= 2.7 GPa, M076 BVOH HDT >= 155, M066 PET HDT >= 130, M049 PA6 strength >= 120, M052 PA12 strength >= 96.9) and vetoes (B-01, B-02). Kept by policy (no estimate / one-sided bound): 5. Removed although the envelope wholly meets the requirement: 25, all measured headlines or support-product N/A (PVA), none by an estimate.","node docs/audits/2026-09-15-filtering-estimates-data/physics/physics-check.mjs; then filter physics-findings.csv on check D1-*, D2-strict-pass-envelope-fails, D3-removed-though-envelope-passes",Re-run physics-check.mjs after the fixes above; the D2 list should shrink to source-faithful outliers with accepted reasons.
