Verdict,Note,measurementid,material,manufacturer,grade,property,value,unit,median,z,group_grades,direction,specimen_form,sourceid,locator,SHA256,URL
wrong-condition,"Prints ""Bending Modulus (X-Y) 4500~4600 ISO 527 Mpa""; value right, but p. 2 ""Testing Specimen Printing Conditions"" (Guider 3 Ultra, 100% infill) makes it printed, not recorded.",V005255,PET-GF,Flashforge,PET-GF,Flexural modulus,4.5,GPa,3.6503,1790.9,3,XY,unstated,D-FLASH-PET-GF-TDS-EN,p. 1: Bending Modulus (X-Y) ISO 527 Mpa,42ce708596453e8e4d792a91c549d3234a69be4da97a488384f167199c05d0df,https://after-support.flashforge.jp/uploads/datasheet/tds/PET_GF_TDS_EN.pdf
variant,"Prints ""Elongation at break Tensile, ISO 527-1A 418 %"" (3D printed) beside Young's modulus 442 MPa and tensile 19,5 MPa: ""PET Flex Max"" is a flexible grade; the grade's Variant is Not applicable.",V005814,PET,colorFabb,PET Flex Max,Elongation at break,418,%,8.6,172.6,3,Unstated,printed,R-COLORFABB-TDS-PET-FLEX-MAX,"p. 1: Elongation at break Tensile, ISO 527-1A",5e0b06d8afee556c2a7fcdf272849911a5035d236fdb58f089691ce676c0a0d4,https://downloads.colorfabb.com/public.php/dav/files/rtfDDRCa723Xdor/Technical%20Data%20Sheets/Co-Polyester/PET/TDS_PET-FLEX-MAX.pdf
real,"Prints ""Elongation at break 103 % ISO 527 50 mm/min"" beside tensile modulus 500 MPa and Tm 160 °C: consistent with a soft copolyamide, not a typical PA12-CF; filing under PA12-CF may be wrong.",V010095,PA12-CF,Fillamentum,Nylon CF15 Carbon,Elongation at break,103,%,5,132.2,6,Unstated,unstated,R-FILLAMENTUM-Technical-Data-Sheet-Nylon-CF15-Carbon-03012019,p. 1: Elongation at break,4cff0dfc0c42e48525cc97595a7285f92ca4037aa1f4b489bf24a24e3e5c8074,https://fillamentum.com/wp-content/uploads/2020/10/Technical-Data-Sheet_Nylon-CF15-Carbon_03012019.pdf
real,"Prints ""Melt Flow Rate ISO1133 190℃/2.16kg g/10min 15.6""; a credible MFR for a PVB at 190 °C/2.16 kg.",V008371,PVB,SUNLU,PVB,Melt mass-flow rate,15.6,g/10 min,6.65,120.7,5,Not applicable,unstated,R-SUNLU-PVB-TDS,p. 1: Melt Flow Rate ISO1133 190℃/2.16kg g/10min,6622dff0d6b9f85343f2bf6e4370c7b5ae0c2e78581876c24f81c3a54ae006e8,https://3d.nice-cdn.com/upload/file/PVB-TDS.pdf
real,"Prints ""Deflection Temperature at 0.45 MPa (66psi) ISO 75 °C 78""; credible for a CF-ABS whose Tg is printed as 105 °C.",V002175,ABS-CF,iSANMATE,CF ABS,HDT,78,°C,94.9,-114,5,Not applicable,unstated,I-CF-ABS-TDS,p. 1: Deflection Temperature at 0.45 MPa (66psi),ea1795df0a5516f6b7ff66d0d1286f2956ebd0a1a099593e87fa8208f83e2921,https://www.isanmate.com/wp-content/uploads/2022/09/CF-ABS_TDS.pdf
wrong-property,"""Melt temperature °C 330"" is in the Processing block (Zone 1-3, Nozzle 320-340): an extrusion melt temperature setting, not the polymer's melting point.",V007166,PPS-CF,LEHVOSS,LUVOCOM 3F PPS CF 9938 BK,Melting temperature,330,°C,280,112.4,3,Not applicable,unstated,R-3D4MAKERS-TDS-pps-cf-9938-bk-filament-en-iso,p. 2: Melt temperature °C,a17d96e9e9e5b77453f191dbd59a4ad0e964a472a9c28a27be627edd91dfb31a,https://cdn.shopify.com/s/files/1/0762/2839/files/TDS_pps-cf-9938-bk-filament_en_iso.pdf?v=1622387081
wrong-condition,"Prints ""Bending modulus 2mm/min GB/T 9341 MPa 2987.7"" under ""Mechanical Properties of Printed Samples"" (""All splines are printed"", 100% fill); value right, printed specimen not recorded.",V005093,PLA Glow,Eryone,Glow in the dark PLA,Flexural modulus,2.9877,GPa,2.155,112.3,3,Unstated,unstated,R-ERYONE-eryone-glow-in-the-dark-pla-tds,p. 2: Bending modulus 2mm/min GB/T 9341 MPa,edb6b42f3d1b638158809831ae1e5b005deffd9c5af599dc69fb7b7889df6ade,https://file.globalso.com/file_manage/3828/20250903/eryone-glow-in-the-dark-pla-tds.pdf
implausible,"Prints ""Notched Impact Strength ISO 180 kJ/m2 82"": a notched 82 kJ/m² is PETG's unnotched range; the maker's plain PETG sheet prints 17, and nothing on the matte sheet explains 5× that.",V007970,PETG,SIDDAMENT,PETG Matte,Izod impact strength,82,kJ/m²,5,103.9,16,Not applicable,unstated,S-PCGF-PETG-Matte-TDS-Siddament,p. 1: Notched Impact Strength ISO 180 kJ/m2,996e93039bc14988b45a69c5f5764789f9269c21e5ee3255604cff701351ad83,https://cdn.shopify.com/s/files/1/0685/9168/1815/files/PETG_Matte_TDS_Siddament.pdf?v=1747543225
implausible,"Prints ""Izod Impact Strength (Notched) @ 23℃ ASTM D256 kJ/m 160"" (modulus 2870): far past any notched PLA, likely J/m. Footnote (printed, XY, annealed 110°C/15min) also unrecorded.",V005538,PLA,Fiberlogy,IMPACT PLA,Izod impact strength,160,kJ/m²,4.9,95.1,28,Not applicable,unstated,R-FIBERLOGY-FIBERLOGY-IMPACT-PLA-TDS,p. 1: Izod Impact Strength (Notched) @ 23℃ ASTM D256 kJ/m2,d57fb0b76dd54870dfbdae8db83a8366d06f299639fd7cd057431858c1f046a5,https://fiberlogy.com/app/uploads/2026/08/FIBERLOGY_IMPACT-PLA_TDS.pdf
wrong-condition,"Prints ""Bending Strength (X-Y) 132~138 ISO178 Mpa""; value right, but p. 2 ""Testing Specimen Printing Conditions"" (100% infill) makes it printed, not recorded.",V005257,PET-GF,Flashforge,PET-GF,Flexural strength,132,MPa,115,88.2,3,XY,unstated,D-FLASH-PET-GF-TDS-EN,p. 1: Bending Strength (X-Y) ISO178 Mpa,42ce708596453e8e4d792a91c549d3234a69be4da97a488384f167199c05d0df,https://after-support.flashforge.jp/uploads/datasheet/tds/PET_GF_TDS_EN.pdf
wrong-condition,"Prints ""Elongation at break (tensile test) 5mm/min, Orientation XY 119,5 % DIN EN ISO 527-2"" on printed specimens (*5,*6); value right, but direction XY, printed and ISO 527-2 not recorded.",V008881,PEEK,Ensinger,TECAFIL PEEK EV natural - 1.75 mm,Elongation at break,119.5,%,30,86.2,4,Unstated,unstated,R-FILAMENT2PRINT-PEEK-EV-Nat,p. 1: Elongation at break (tensile test),4ec8da77f509ca7279b3c409300bb349dd2f517bbdbc5da72405bcaebd229dc5,https://filament2print.com/en/index.php?controller=attachment&id_attachment=3797
wrong-condition,"Prints ""Elongation at Break (X-Y) ISO 527 % 15.5~17.5""; value right, but p. 2 ""Testing Specimen Printing Conditions"" (100% infill) makes it printed, not recorded.",V005197,ASA-CF,Flashforge,ASACF10,Elongation at break,15.5,%,1.8,57.8,3,XY,unstated,D-FLASH-ASA-CF-TDS-EN,p. 1: Elongation at Break(X-Y) ISO 527 %,174ca50eef981c2a3242b0fd5d1649866b0056506b183bdac79b1529fa455ad1,https://after-support.flashforge.jp/uploads/datasheet/tds/ASA_CF_TDS_EN.pdf
real,"Prints ""HDT (1,8 MPa, flatwise) 87 °C ISO 75""; credible for an ABS-CF at 1.8 MPa.",V009392,ABS-CF,3DJake,ABS CF,HDT,87,°C,94.9,-53.3,5,Not applicable,unstated,R-3DJAKE-TDS-3DJAKE-ABS-CF,"p. 1: HDT (1,8 MPa, flatwise)",5ef7248a5c3bd5b8adcfe379e50c4d0b56e29528f17d86b3fa61a0b72f427af3,https://3d.nice-cdn.com/upload/file/TDS_3DJAKE_ABS-CF.pdf
wrong-condition,"Prints ""Flexural Modulus (X-Y) GB/T 9341 2162.79±61.09 MPa""; value right, but p. 3: ""evaluated based on standard samples printed by eSUN"" (100% infill), not recorded.",V007229,PETG-ESD,eSUN,PETG-ESD,Flexural modulus,2.16279,GPa,1.658,47.3,3,XY,unstated,S-PEBA-PETG-ESD-TDS-EN,p. 2: Flexural Modulus (X-Y) GB/T 9341,b82fad6b1d2d38bce104e5c37c160af3126a2c3d9037d82eaf18021bf61902f2,https://3d.nice-cdn.com/upload/file/PETG-ESD-TDS-EN.pdf
implausible,"Prints ""Modulus of Elasticity (X-Y) ISO 527 Mpa 800~950"": PC and ABS each exceed 2 GPa, so a solid PC/ABS part cannot be under 1 GPa. Printed, not annealed (p. 2) also unrecorded.",V005228,PC-ABS,Flashforge,PC/ABS,Tensile modulus,0.8,GPa,1.835,-46.5,3,XY,unstated,D-FLASH-PC-ABS-TDS-EN,p. 1: Modulus of Elasticity (X-Y) ISO 527 Mpa,2e2d8d5c5d1b4c4368256ad9d0fcbe8964813f10c618157cbc1eddab13ec0959,https://after-support.flashforge.jp/uploads/datasheet/tds/PC_ABS_TDS_EN.pdf
wrong-condition,"Prints ""Tensile Strength GB/T 1040 63.16 MPa""; p. 2 says values come from ""the injection molding spline test"", not recorded. Also a metallic-lustre PLA (1.225), not metal-filled.",V007388,PLA Metal,eSUN,ePLA Metal,Tensile strength (endpoint unspecified),63.16,MPa,19,42.6,3,Unstated,unstated,S-PEBA-ePLA-Metal-TDS,p. 1: Tensile Strength GB/T 1040,e5987bde5b93939b96d63e27e9aa89b0fbc947ef4adcc5046d5adec14f36da6e,https://3d.nice-cdn.com/upload/file/ePLA-Metal-TDS.pdf
wrong-value,"Prints ""Impact Strength Charpy Notch, ISO 179 40 20 kJ/m"" under ""210˚C; 100%"" and ""230°C; 70%"" (foamed): 40 and 20 were joined into 4020. Already corrected to 40 by m126.",V005776,TPU,colorFabb,varioShore TPU,Charpy strength,4020,kJ/m²,78,42.4,3,Not applicable,printed,R-COLORFABB-TDS-varioShore-TPU-95A,"p. 1: Impact Strength Charpy Notch, ISO 179",48d452d467ccb220bf754fa9e21e74b2ab72f94e896eece5ace228820758ffe8,https://downloads.colorfabb.com/public.php/dav/files/rtfDDRCa723Xdor/Technical%20Data%20Sheets/TPU/colorFabb%20varioShore%20TPU%2095A/TDS__varioShore%20TPU%2095A.pdf
real,"p. 2 ""TYPICAL MATERIAL PROPERTIES – Injection molded"": ""Tensile modulus MPa 3400 ISO 527""; credible for moulded PLA. The moulded group's median (0.43 GPa) is what makes it look far out.",V006532,PLA,colorFabb,PLA Chameleon,Tensile modulus,3.4,GPa,0.4329,41.6,4,Unstated,moulded,R-COLORFABB-TDS-E-colorFabb-PLA-Chameleon,p. 2: Tensile modulus MPa,de530a3995ad40e2cd7be04f5ce1d03fae1e70e9f8915f335ed6175bde0c2dd9,https://3d.nice-cdn.com/upload/file/TDS_E_colorFabb_PLA_Chameleon.pdf
real,"Prints ""Bending strength ISO 178, GB/T 9341 100 ± 3 (MPa)"" on 3D printed specimens, 100% infill; credible for a PC.",V006856,PC,Raise3D,colors.,Flexural strength,100,MPa,94.1,39.8,3,Unstated,printed,D-RAISE3D-Raise3d-Premium-PC-Transparent-TDS-V6,"p. 1: Bending strength ISO 178, GB/T 9341",4f04287709294336c921ae28a4fa68a642af18a09df11f208b1f437caada961f,https://s1.raise3d.com/2024/07/Raise3d_Premium_PC_Transparent__TDS_V6.pdf
implausible,"Prints ""Impact Strength Charpy Notch, ISO 179 27.9 kJ/m"" (3D printed) beside modulus 2630 MPa and 5.7% elongation: 10× a notched PLA, in the unnotched range; not credible as a notched value.",V005980,PLA,colorFabb,PLA High Speed PRO,Charpy strength,27.9,kJ/m²,2.87,36.7,10,Not applicable,printed,R-COLORFABB-TDS-colorFabb-PLA-High-Speed-PRO,"p. 1: Impact Strength Charpy Notch, ISO 179",ca2eafcc1dec0b53a7641c415d58bf4be492aaa417153458cf6310e5d231c9ca,https://downloads.colorfabb.com/public.php/dav/files/rtfDDRCa723Xdor/Technical%20Data%20Sheets/PLA/colorFabb%20PLA%20High%20Speed%20PRO/TDS_colorFabb%20PLA%20High%20Speed%20PRO.pdf
wrong-condition,"Prints ""IZOD Impact Strength 63 kJ/m² GB/T 1843"" (notch not stated) from ""the injection molding spline test"" (p. 2), not recorded. Also a declared toughened PLA: grade Variant unset.",V007946,PLA,eSUN,ePLA ST,Izod impact strength,63,kJ/m²,4.9,35.6,28,Not applicable,unstated,S-PEBA-eSUN-ePLA-ST-Filament-TDS-V4-0,p. 1: IZOD Impact Strength,86425190ca99099bd5c2e4d1a5d12153212dc776bdca444438bc90014bb109a3,https://3d.nice-cdn.com/upload/file/eSUN_ePLA-ST-Filament_TDS_V4.0.pdf
real,"Prints ""Elongation at break Z ISO 527, GB/T 1040 7.6%"" (XY 12.3%); the maker's own lab figure, consistent with its Z strength 34 MPa and modulus 2200 MPa.",V009479,PLA-CF,CreatBot,PLA-CF,Elongation at break,7.6,%,0.955,34.5,4,Z,unstated,R-FILAMENT2PRINT-CreatBot-PLA,"p. 1: Elongation at break Z ISO 527, GB/T 1040",01e54a25e1320675541a316e6dc5cc73f6cb2b79f16915d7c7f0175ef3950974,https://filament2print.com/en/index.php?controller=attachment&id_attachment=4084
real,"Prints ""Charpy unnotched impact strength kJ/m2 ISO 179-1/1 eU 23,25"" (3D printed); credible unnotched PLA. It is compared with notched values (notched on the sheet: 3,97).",V006527,PLA,colorFabb,PLA Chameleon,Charpy strength,23.25,kJ/m²,2.87,29.9,10,Not applicable,printed,R-COLORFABB-TDS-E-colorFabb-PLA-Chameleon,p. 1: Charpy unnotched impact strength kJ/m2,de530a3995ad40e2cd7be04f5ce1d03fae1e70e9f8915f335ed6175bde0c2dd9,https://3d.nice-cdn.com/upload/file/TDS_E_colorFabb_PLA_Chameleon.pdf
wrong-condition,"Prints ""Elongation at Break GB/T 1040 360 %""; credible for PVA, but p. 2 says the values come from ""the injection molding spline test"", which is not recorded.",V010005,PVA,eSUN,PVA,Elongation at break,360,%,9.9,29.5,3,Unstated,unstated,S-PEBA-eSUN-PVA-Filament-TDS-V4-0,p. 1: Elongation at Break GB/T 1040,03aaa3c13628c73f5d7982defeed80dadbeb6018dbaf9cb536577f5ebf9a02c1,https://www.esun3d.com/media/esun/catalog/certification/product/PVA/eSUN_PVA_Filament_TDS_V4.0.pdf
real,"Prints ""Specific gravity ISO 1183-3 g/cm³ 1,51""; credible for a carbon-fibre PPS compound.",V007156,PPS-CF,LEHVOSS,LUVOCOM 3F PPS CF 9938 BK,Density,1510,kg/m³,1295,29,4,Not applicable,unstated,R-3D4MAKERS-TDS-pps-cf-9938-bk-filament-en-iso,p. 1: Specific gravity ISO 1183-3 g/cm³,a17d96e9e9e5b77453f191dbd59a4ad0e964a472a9c28a27be627edd91dfb31a,https://cdn.shopify.com/s/files/1/0762/2839/files/TDS_pps-cf-9938-bk-filament_en_iso.pdf?v=1622387081
wrong-condition,"Prints ""Equilibrium water absorption (%)= 0.542%"" under the curve ""70% RH, 23°C"": an equilibrium value at 70% RH, not a 24 h immersion one; no condition recorded.",V004012,PETG,Polymaker,Polymaker PolyMax PETG,Water absorption,0.542,%,0.13,27.8,11,Not applicable,unstated,S-POLYCN-TDS-Polymaker-PolyMax-PETG-V5-5-2026-01-06-EN,p. 1: Equilibrium water absorption (%)=,fd32b5e05f8c7f7975f86ea0fffb3ffb6e4d3631691a7847ac78f9097aa0bbbd,https://polymaker.com/wp-content/uploads/TDS_Polymaker_PolyMax-PETG_V5.5_2026-01-06_EN.pdf
wrong-condition,"Prints ""Equilibrium water absorption (%)= 0.54%"" (p. 2, under the absorption curve headed ""70%RH - 23°C"" in this layout): equilibrium, not 24 h immersion; not recorded.",V002152,PETG,Polymaker,PolyLite PETG,Water absorption,0.54,%,0.13,27.7,11,Not applicable,unstated,S-POLYCN-PolyLite-PETG-TDS-V5-3,p. 2: Equilibrium water absorption (%),3e325b645b42d7547517ee7940f5fd476b48815c08342676a38777206350092f,https://cdn.polymaker.com.cn/wp-content/uploads/lana-downloads/PolyLite_PETG_TDS_V5.3.pdf
wrong-condition,"Prints ""Equilibrium water absorption (%)= 0.54%"" under the absorption curve ""70% RH, 23°C""; value right, equilibrium at 70% RH rather than 24 h immersion, and Standard / load says Not published.",V003403,PETG,Polymaker,Polymaker PolyLite PETG,Water absorption,0.54,%,0.13,27.7,11,Not applicable,unstated,S-POLYCN-TDS-Polymaker-PolyLite-PETG-V6-0-2026-06-09-EN,p. 1: Equilibrium water absorption (%)=,102f99c803b722848f1846c75155e969609397d8374cbf9beedeb7750c8c000f,https://polymaker.com/wp-content/uploads/TDS_Polymaker_PolyLite-PETG_V6.0_2026-06-09_EN.pdf
wrong-condition,"Prints ""Equilibrium water absorption (%)= 0.54%"" under ""MOISTURE ABSORPTION CURVE, 70%RH - 23°C"" (page image); value right, equilibrium at 70% RH rather than 24 h immersion, condition not recorded.",V003982,PETG,Polymaker,PolyLite PETG,Water absorption,0.54,%,0.13,27.7,11,Not applicable,unstated,S-POLYCN-PolyLite-PETG-TDS-V5-2,p. 2: Equilibrium water absorption (%)=,f0566292697decaea2d9ebe85fc2c498375bc239c4b18f3778f2c1fb2445b563,https://3d.nice-cdn.com/upload/file/PolyLite_PETG_TDS_V5.2.pdf
implausible,"Prints ""Glass transition temperature (° C) DSC, 10 ° C/min 160 ℃"" beside Vicat 57 and HDT 57: 160 °C is PLA's melting range, not a glass transition. Already flagged implausible by m126.",V004934,PLA,Eryone,Hyper-Speed PLA,Glass transition temperature,160,°C,59.5,27.1,51,Not applicable,unstated,R-ERYONE-eryone-hs-pla-tds,"p. 1: Glass transition temperature (° C) DSC, 10 ° C/min ℃",6fb8d4f48e1ee7992d83c1939dc0d1b6c18a6846ea19ece48bbae87d54829c48,https://file.globalso.com/file_manage/3828/20250903/eryone-hs-pla-tds.pdf
wrong-property,"Prints ""Tensile strength 78 Mpa ISO 527 Stress @ Yield 23° C"": the sheet names the yield endpoint, so this is a tensile yield strength; 78 MPa with modulus 3860 MPa is credible for dry PVA.",V007509,PVA,FormFutura,AquaSolve - PVA,Tensile strength (endpoint unspecified),78,MPa,23.4,26.3,3,Unstated,unstated,S-PET-tds-aquasolve-pva,p. 1: Tensile strength,1deea024d93da086a167e28ac06e666be9a077b349f91789576d70676a3d10a4,https://3d.nice-cdn.com/upload/file/tds-aquasolve-pva.pdf
wrong-value,"Prints ""Streckdehnung ISO 527 % 4,3"" then ""Kühlung 20-50%"" from the print-settings column: yield strain is 4,3 %; 20-50 % is the cooling fan setting.",V006270,PCTG,Extrudr,PCTG,Elongation at yield,20,%,4.4,26.3,5,Unstated,unstated,R-EXTRUDR-pctg-TDS-de,"p. 1: Streckdehnung ISO 527 % 4,3 Kühlung",2aa7e9b2bef4b39703b7751027cb35165ab603d4f77dc48fc6fb3599f80a7b40,https://s3.extrudr.com/extrudr-media/datasheets/tds/tds-de/pctg-TDS-de.pdf
real,"Prints ""Charpy impact strength, unnotched 85 kJ/m2 ISO 179-1eU"" (notched: 3.5); credible unnotched PETG. It is far out only because it is compared with notched values.",V002956,PETG,Spectrum,PET-G MATT,Charpy strength,85,kJ/m²,3.5,24.4,6,Not applicable,unstated,S-SPECTRUM-en-tds-petg-matt,"p. 1: Charpy impact strength, unnotched",948680b68ccfc2b13df7784a6f608888a7321df11a5ac32275fa821cb7020892,https://spectrumfilaments.com/wp-content/uploads/2022/05/en_tds_petg_matt.pdf
real,"Prints ""Tensile Elongation 23 ºC/50% rh ISO 527 5%"" beside tensile 97 MPa and modulus 3,8 GPa; credible for a PEEK filament (the page text is 3D4Makers' PEEK sheet under a LUVOCOM title).",V006655,PEEK,LEHVOSS,LUVOCOM 3F PEEK 9581,Elongation at break,5,%,30,-24.1,4,Unstated,unstated,R-3D4MAKERS-TDS-LUVOCOM-3F-PEEK-9581-Filament,p. 1: Tensile Elongation 23 °C/50% rh ISO 527,16e28f791cc27c587b798b56d9c819ad6555db396082354a99de6f78129f9beb,https://cdn.shopify.com/s/files/1/0762/2839/files/TDS_LUVOCOM_3F_PEEK_9581_Filament.pdf?v=1638285663
wrong-condition,"Prints ""Tensile Strength (X-Y) ISO 527 Mpa 76~82""; value right, but p. 2 ""Testing Specimen Printing Conditions"" (100% infill) makes it printed, not recorded.",V005252,PET-GF,Flashforge,PET-GF,Tensile strength (endpoint unspecified),76,MPa,71,24.1,3,XY,unstated,D-FLASH-PET-GF-TDS-EN,p. 1: Tensile Strength (X-Y) ISO 527 Mpa,42ce708596453e8e4d792a91c549d3234a69be4da97a488384f167199c05d0df,https://after-support.flashforge.jp/uploads/datasheet/tds/PET_GF_TDS_EN.pdf
wrong-condition,"Prints ""Tensile Strength (X-Y) ISO 527 Mpa 43.5~45.5""; value right, but p. 2 says specimens were printed (100% infill) and ""has not been annealed""; not recorded.",V005226,PC-ABS,Flashforge,PC/ABS,Tensile strength (endpoint unspecified),43.5,MPa,40,23.6,3,XY,unstated,D-FLASH-PC-ABS-TDS-EN,p. 1: Tensile Strength (X-Y) ISO 527 Mpa,2e2d8d5c5d1b4c4368256ad9d0fcbe8964813f10c618157cbc1eddab13ec0959,https://after-support.flashforge.jp/uploads/datasheet/tds/PC_ABS_TDS_EN.pdf
wrong-condition,"Prints ""Izod Impact Strength of Unnotched Specimen (X-Y) ISO 180 38±8 KJ/m2""; credible unnotched, but footnote [1] says the test splines were printed (100% fill); not recorded.",V004399,PETG,SUNLU,PETG 2.0,Izod impact strength,38,kJ/m²,4.05,22.9,9,XY,unstated,R-SUNLU-30522971789539747056,p. 1: 悬臂梁无缺口冲击强度(X-Y) Izod Impact ISO 180 23℃ KJ/m2 Strength of Unnotched Specimen,078860f565ca6586b313bd9ef777b516f298a5c17d29d57a1b9a748733bcf0a7,https://media.sunlu.com/prod/20260916/30522971789539747056.pdf?filename=TDS
real,"Prints ""Water absorption 0.15 % ASTM D570""; a textbook 24 h value for polycarbonate.",V007721,PC,Nanovia,PC V0,Water absorption,0.15,%,0.25,-22.5,6,Not applicable,unstated,R-NANOVIA-PC,p. 1: Water absorption,ad2e728da7ec83e225ec3cad2ea913f6e93cd656bc112ab3e303bb95368bf394,https://nanovia.tech/en/ref/nanovia-pc-v0/
real,"Prints ""Water Absorption ASTM D570 % 23 ℃,24hr 0.15""; a textbook 24 h value for polycarbonate.",V010301,PC,Yousu,PC,Water absorption,0.15,%,0.25,-22.5,6,Not applicable,unstated,R-YOUSU-YOUSUPCTDS-535a,"p. 1: Water Absorption ASTM D570 % 23 ℃,24hr",a94573b23e0f795f832dcebaac1c63afec9df187c6b07a838a586eece7cb476b,https://ysfilament.com/u_file/2206/14/file/YOUSUPCTDS-535a.pdf
real,"Prints ""VICAT - Softening point 103 °C"" (method and load not stated) for a soft PP (Shore 50D, flexural modulus 400 MPa); credible, and below Vicat A values as a 50 N reading would be.",V002774,PP,Spectrum,PP,Vicat softening temperature,103,°C,134,-20.9,4,Not applicable,unstated,S-SPECTRUM-en-tds-spectrum-pp-42aa71,p. 1: VICAT - Softening point,42aa71b93b904c2ca6fb90a5133b08e4f8f2e95ed75defb6d383f2c9875afdca,https://spectrumfilaments.com/wp-content/uploads/2025/11/en_tds_spectrum_pp.pdf
real,"Prints ""MFR (210°C, 2.16kg) 70 g/10min ISO 1133-A""; the sheet declares a high-flow PLA for printing at up to 600 mm/s, so a high MFR is credible.",V002700,PLA,Spectrum,PLA High Speed,Melt mass-flow rate,70,g/10 min,6.9,20.9,75,Not applicable,unstated,S-SPECTRUM-en-tds-spectrum-high-speed,"p. 1: MFR (210°C, 2.16kg)",2a0ad4bb85ee545846cf5eded739c9fd9e14a7236adbf6aae159bc8cf88c4d87,https://spectrumfilaments.com/wp-content/uploads/2024/05/en_tds_spectrum_high_speed.pdf
real,"Polish edition prints ""MFR (210°C, 2.16kg) 70 g/10min ISO 1133-A""; the sheet declares a high-flow PLA for printing at up to 600 mm/s.",V006275,PLA,Spectrum,PLA High Speed,Melt mass-flow rate,70,g/10 min,6.9,20.9,75,Not applicable,unstated,S-SPECTRUM-pl-tds-spectrum-high-speed,"p. 1: MFR (210°C, 2.16kg)",2ef955c17e04201f8526079145ffe6b877e8bb9ca28bd76a0e1ac35e72865d00,https://spectrumfilaments.com/wp-content/uploads/2024/05/pl_tds_spectrum_high_speed.pdf
real,"Prints ""Izod Impact Strength, Notched @ 23°C 860 J/m D 256"" (unnotched NB, elongation 210%, HDT 100°C); credible for the tough ""co-polyester"" the sheet describes, which is not a plain PETG.",V002852,PETG,Spectrum,PET-G HT100,Izod impact strength,860,J/m,101,20.5,9,Not applicable,unstated,S-SPECTRUM-en-tds-spectrum-petg-ht100,"p. 1: Izod Impact Strength, Notched @ 23°C",596df17233fa8273c74c0bd8da1b7e154bdf8fbb1760b6b9f4379976bf600df1,https://spectrumfilaments.com/wp-content/uploads/2022/05/en_tds_spectrum_petg_ht100.pdf
wrong-condition,"Prints ""Heat deflection temperature 115 °C"" with ""0.45 MPa (ISO 75-2)"" on the next line; value right, but the row's Test load and standard say Not published.",V006190,PLA,Fabru,GreenTEC Pro,HDT,115,°C,55,20.2,94,Not applicable,unstated,R-FABRU-4701-material-data-sheet-GreenTEC-Pro-purefil,p. 1: Heat deflection temperature,0fae55072b780857c7ac1ae1cb5270c6d724c8aa89916f988b4c83170630fdb2,https://cdn02.plentyone.com/pvdtyofq45f2/propertyItems/4701%2Fmaterial+data+sheet+GreenTEC+Pro+purefil.pdf
real,"Prints ""Glass Transition (Tg) ISO 11357-2 10 ℃/min ℃ 65.5"" (and Tm 128); low for PETG but SUNLU's PETG sheets print it consistently, and a modified copolyester can sit there.",V004743,PETG,SUNLU,High Speed Matte PETG,Glass transition temperature,65.5,°C,80,-19.6,4,Not applicable,printed,R-SUNLU-ccf53a55-5b58-49fa-b1d9-08f94c0a4b28,p. 1: Glass Transition (Tg) ISO 11357-2 10 ℃/min ℃,b549a33c5bb86816aa44f46bb1c5b0851fc41358cd67ed98d92c05d3049ab035,https://media.sunlu.com/prod/20260330/ccf53a55-5b58-49fa-b1d9-08f94c0a4b28.pdf?filename=TDS
real,"Prints ""Vicat softening temperature A 160 °C (ISO 306)"" and ""heat resistance ... 160 ° C (VST)""; credible for this filled high-heat bioplastic (density 1.39, modulus 4400 MPa).",V006191,PLA,Fabru,GreenTEC Pro,Vicat softening temperature,160,°C,60,19.3,38,Not applicable,unstated,R-FABRU-4701-material-data-sheet-GreenTEC-Pro-purefil,p. 1: Vicat softening temperature A,0fae55072b780857c7ac1ae1cb5270c6d724c8aa89916f988b4c83170630fdb2,https://cdn02.plentyone.com/pvdtyofq45f2/propertyItems/4701%2Fmaterial+data+sheet+GreenTEC+Pro+purefil.pdf
real,"Prints ""HDT B 110 °C ISO 75""; the sheet declares a crystallising high-heat PLA (Tc 105 °C, ""Thermal stability up to 150 °C without annealing""), so a high HDT-B is credible.",V007602,PLA,FormFutura,Volcano PLA 150C,HDT,110,°C,55,18.5,94,Not applicable,unstated,S-PET-TDS-Volcano-PLA-150C,p. 1: HDT B,58c00d7eedec0418933e45a79f49e2e58b245a26b29c5033ef5560e2e6ea0211,https://3d.nice-cdn.com/upload/file/TDS_-_Volcano_PLA_150C.pdf
real,"Prints ""Unnotched impact strength ISO 180 kj/m² 67 ± 7"" (notched 1,7 ± 0,4); credible unnotched value, compared here with notched ones.",V008644,PETG-CF,Extrudr,XPETG CF,Izod impact strength,67,kJ/m²,4,18.5,5,Not applicable,unstated,R-EXTRUDR-xpetg-cf-TDS-en,p. 1: Unnotched impact strength ISO 180 kj/m²,e1bc3a9fba2d98e0c2b01b45a949aa425a87e0ee141653345553d04766ed22aa,https://3d.nice-cdn.com/upload/file/xpetg-cf-TDS-en.pdf
implausible,"Prints ""Breaking Elongation 102%"" for PETG with 15% chopped fibres, beside ""Bending modulus 65MPa"": a fibre-filled PETG cannot reach 102%, and the sheet's other lines are equally impossible.",V007717,PETG-CF,SIDDAMENT,PETG CF V2s,Elongation at break,102,%,7.25,18,10,Unstated,unstated,S-PCGF-PETG-CF-v2,p. 1: Breaking Elongation,aca22afd0761b9e65eae4358007b056112511df55e76a8e2c0b78bf7aca1d7bd,https://cdn.shopify.com/s/files/1/0685/9168/1815/files/PETG_CF_v2.pdf?v=1714049413
real,"Prints ""Heat Deflection Temperature 108°C DSC"" (load not stated; VICAT 140°C) for a heat-resistant ""HT-PLA""; credible for a crystallising high-heat PLA.",V002876,PLA,Spectrum,THE FILAMENT HT-PLA,HDT,108,°C,55,17.9,94,Not applicable,unstated,S-SPECTRUM-en-tds-the-filament-ht-pla,p. 1: Heat Deflection Temperature,711dab3aa7d93671385898b7a517a420b93e238aa96178313d3df0f7e120ee82,https://spectrumfilaments.com/wp-content/uploads/2025/09/en_tds_the_filament_ht_pla.pdf
wrong-condition,"Prints ""HDT A 70 °C ISO 75"" in the ""Injection"" column of the ""FDM H / Injection"" table (page image); value right, but it is an injection-moulded value and the row says specimen Not published.",V008833,ABS-ESD,Nobufil,ABSx ESD,HDT,70,°C,96.5,-17.9,4,Not applicable,unstated,R-3DJAKE-3DJAKE-c9047f-87fad94441284d8b9a04976ae0a5e874,p. 1: HDT A,34f5e24a4643e04cd6fceed142898a67f06e8fdeebe2bd618efaa5f1bf4c2ec6,https://3d.nice-cdn.com/upload/file/c9047f_87fad94441284d8b9a04976ae0a5e874.pdf
implausible,"Prints ""Elastic modulus X-Y 50mm/min GB/T 1040.1-2006 MPa 217.08"" (printed samples): a tenth of any ABS's modulus, a 50 mm/min crosshead reading. Printed specimen also not recorded.",V005137,ABS,Eryone,Hyper -Speed ABS,Tensile modulus,0.21708,GPa,2.2466,-17.5,8,XY,unstated,R-ERYONE-file-manager-downLoad-path-file-manage-3828-20250903-eryone--fbbd78,p. 2: Elastic modulus X-Y 50mm/min GB/T 1040.1-2006 MPa,fbbd78d14bbb59d010d609a96c92fa13da80ea45199100a8133d927df4a111f3,https://hub.globalso.com/b/file_manager_downLoad?path=/file_manage/3828/20250903/eryone-abs-hs-tds.pdf
wrong-condition,"Prints ""IZOD Impact Strength 33.15 (kJ/㎡)"" from ""the injection molding spline test"" (p. 2), not recorded. Also a soft low-density PLA (1.174, flex 1119 MPa): Variant unset.",V007419,PLA,eSUN,ePLA Matte,Izod impact strength,33.15,kJ/m²,4.9,17.3,28,Not applicable,unstated,S-PEBA-eSUN-ePLA-Matte-Filament-TDS-V4-0,p. 1: IZOD Impact Strength,ef0cb9744ac66fb7d565ec915251177c1df831ca5266ef47929c3c59dd7fd796,https://3d.nice-cdn.com/upload/file/eSUN_ePLA-Matte-Filament_TDS_V4.0.pdf
implausible,"Prints ""Glass transition temperature 65 °C ISO 11357"" beside ""Melting temperature 135 °C"" and Vicat 90 °C: an amorphous ASA's SAN phase does not transition at 65 °C nor melt at 135 °C.",V006028,ASA-CF,Fillamentum,ASA CF10 Carbon,Glass transition temperature,65,°C,105,-16.9,3,Not applicable,unstated,R-FILLAMENTUM-Fillamentum-ASA-CF10-Carbon,p. 1: Glass transition temperature,3f8e879fbcec3db11f3c553b7e93b62d89dcc1ce8e2804184990f40fac1d4c48,https://filament2print.com/en/index.php?controller=attachment&id_attachment=3120
implausible,"Prints ""Flexural Stress ISO 178 171 MPa"" beside tensile yield 53 MPa and flexural modulus 2040 MPa: over three times the tensile yield of a PETG. Already flagged implausible by m126.",V007147,PETG,3D4Makers,PETG,Flexural strength,171,MPa,70,16.9,28,Unstated,unstated,R-3D4MAKERS-TDS-PETG-Filament,p. 1: Flexural Stress ISO 178,a04e868e10468afb8e0859df246c768a37fde4322826073b93ab960b02a4887e,https://cdn.shopify.com/s/files/1/0762/2839/files/TDS_PETG_Filament.pdf?11366335339713838866
implausible,"Prints ""Glass Transition Temperature ISO 11357 80°C"": ABS's SAN phase transitions near 105 °C, and this sheet's HDT at 1.8 MPa (75℃) exceeds its HDT at 0.45 MPa (70℃).",V000605,ABS-ESD,iSANMATE,ESD ABS,Glass transition temperature,80,°C,104,-16.2,3,Not applicable,unstated,I-ESD-ABS-TDS,p. 1: Glass Transition Temperature,821d1a6b61e180865743990dcc664de686fde4b3c1d37361a7a69ffc46778a9c,https://www.isanmate.com/wp-content/uploads/2024/09/ESD-ABS_TDS.pdf
real,"Prints ""Notched Impact Strength ISO 180 kJ/m2 17""; high for PETG but within reach of a tough PETG, and nothing on the sheet contradicts it.",V007939,PETG,SIDDAMENT,PETG,Izod impact strength,17,kJ/m²,5,16.2,16,Not applicable,unstated,S-PCGF-PETG-TDS-Siddament,p. 1: Notched Impact Strength ISO 180 kJ/m2,8208065d91c3401156c5b72d1565ac2d41778577da04dbec94b24f1b4a466e10,https://cdn.shopify.com/s/files/1/0685/9168/1815/files/PETG_TDS_Siddament.pdf?v=1745839600
wrong-condition,"Prints ""Charpy impact strength 130 kJ/m² ISO 179-1eU -30 °C, unnotched"" (at 23 °C unnotched: ""no break""); value right, but the -30 °C test temperature is not recorded.",V006137,HIPS,Fillamentum,HIPS Extrafill,Charpy strength,130,kJ/m²,12,15.9,6,Not applicable,unstated,R-FILLAMENTUM-Technical-Data-Sheet-HIPS-Extrafill-03012019,p. 1: Charpy impact strength,f1315c21750d29a8fa04dff6f344cc51741538898cf7a0dfc27f8f63424ba892,https://fillamentum.com/wp-content/uploads/2020/10/Technical-Data-Sheet_HIPS-Extrafill_03012019.pdf
wrong-property,"""Melt temperature °C 390"" is in the Processing block (Zone 1-3, Nozzle 360-380): an extrusion melt temperature setting, not the polymer's melting point.",V009608,PEEK-CF,LEHVOSS,LUVOCOM 3F PEEK CF 9676 BK,Melting temperature,390,°C,343,15.9,3,Not applicable,unstated,S-PET-TDS-LUVOCOM-3F-PEEK-CF-9676-BK,p. 2: Melt temperature °C,447ce0d9e179f2aa2a05bf080ae3b75e459edd818269faff2c7e66c1b201f509,https://formfutura.sharepoint.com/sites/downloads/Shared%20Documents/Downloads%20Server/Materials/Filaments/Partner%20Materials/Lehvoss/Luvocom%203F%20PEEK%20CF%209676%20BK/Data%20sheets%20%26%20declarations/TDS%20-%20LUVOCOM%203F%20PEEK%20CF%209676%20BK.pdf
real,"Prints ""Charpy unnotched impact strength kJ/m2 13.48 ISO 179-1/1 eU"" (3D printed; notched 2.81); credible unnotched PLA, compared here with notched values.",V005790,PLA,colorFabb,PLA-HP,Charpy strength,13.48,kJ/m²,2.87,15.6,10,Not applicable,printed,R-COLORFABB-TDS-E-ColorFabb-PLA-HP-5210c3,p. 1: Charpy unnotched impact strength kJ/m2,5210c315281e63b30071dbe6d80ac70eb8ab244218254f1e48ae89dcbeea752b,https://3d.nice-cdn.com/upload/file/TDS_E_ColorFabb_PLA-HP.pdf
real,"Prints ""VICAT 140°C DSC"" (load not stated; ""Features VICAT - 140°"") for a heat-resistant HT-PLA; credible for a crystallising high-heat PLA.",V002877,PLA,Spectrum,THE FILAMENT HT-PLA,Vicat softening temperature,140,°C,60,15.4,38,Not applicable,unstated,S-SPECTRUM-en-tds-the-filament-ht-pla,p. 1: VICAT,711dab3aa7d93671385898b7a517a420b93e238aa96178313d3df0f7e120ee82,https://spectrumfilaments.com/wp-content/uploads/2025/09/en_tds_the_filament_ht_pla.pdf
real,"Prints ""Vicat softening point 140 °C ISO 306""; the sheet declares a crystallising high-heat PLA (Tc 105 °C, 150 °C long-term), so a high Vicat is credible.",V007603,PLA,FormFutura,Volcano PLA 150C,Vicat softening temperature,140,°C,60,15.4,38,Not applicable,unstated,S-PET-TDS-Volcano-PLA-150C,p. 1: Vicat softening point,58c00d7eedec0418933e45a79f49e2e58b245a26b29c5033ef5560e2e6ea0211,https://3d.nice-cdn.com/upload/file/TDS_-_Volcano_PLA_150C.pdf
wrong-condition,"Prints ""Tensile Stress at Break (MPa) D638 18"" (yield 31, strain at break 27%): value right and credible after necking, but ""Plastic test plaques are printed with full infill"" is not recorded.",V009329,PLA,Markforged,Precise PLA,Tensile break strength,18,MPa,52,-15.3,12,Unstated,unstated,R-MARKFORGED-Precise-PLA-TDS-REV-3-11-22,p. 1: Tensile Stress at Break,a93572fa4b5b3e680184ee22060b37592b4842f6c70caf7258f2be7d0926690e,https://web-objects.markforged.com/craft/materials/Precise-PLA-TDS-REV_3.11.22.pdf
real,"Prints ""Density/(g/cm³) ISO 1183,at 23°C g/cm 1.2""; the sheet describes a metal-look PLA (""metal surface luster""), not a metal-filled one, so filing under PLA Metal makes it look far out.",V009065,PLA Metal,Anycubic,PLA Metal,Density,1200,kg/m³,2330,-15.2,8,Not applicable,unstated,R-3DJAKE-3DJAKE-ANYCUBIC-TDS-PLA-Metal-V3-0,"p. 1: Density/(g/cm³) ISO 1183,at 23°C g/cm3",a243d88c986e00ad3ea0fbacf10b8c1b7891017e001a347d28bf9dcbdf11b33d,https://3d.nice-cdn.com/upload/file/ANYCUBIC_TDS_PLA_Metal_V3.0.pdf
implausible,"Prints ""Tensile modulus X-Y 50mm/min GB/T 1040.1-2006 MPa 942.5"" (printed samples): under half of any ASA's modulus, a 50 mm/min crosshead reading. Printed specimen also not recorded.",V005008,ASA,Eryone,ASA,Tensile modulus,0.9425,GPa,2.317,-15,7,XY,unstated,R-ERYONE-file-manager-downLoad-path-file-manage-3828-20250903-eryone--9a96a3,p. 2: Tensile modulus X-Y 50mm/min GB/T 1040.1-2006 MPa,9a96a377148ec62433d858c757d7fbde8a989a67616169a6e8debf36650d9dc9,https://hub.globalso.com/b/file_manager_downLoad?path=/file_manage/3828/20250903/eryone-asa-tds.pdf
wrong-condition,"Prints ""Density GB/T 1033 1.225 g/cm³""; p. 2 says properties come from ""the injection molding spline test"". A metallic-lustre PLA, not metal-filled, so PLA Metal filing misleads.",V007387,PLA Metal,eSUN,ePLA Metal,Density,1225,kg/m³,2330,-14.9,8,Not applicable,unstated,S-PEBA-ePLA-Metal-TDS,p. 1: Density GB/T 1033,e5987bde5b93939b96d63e27e9aa89b0fbc947ef4adcc5046d5adec14f36da6e,https://3d.nice-cdn.com/upload/file/ePLA-Metal-TDS.pdf
wrong-condition,"Prints ""Tensile Strength (X-Y) GB/T 1040 48.11±0.535 Mpa""; value right, but p. 3: ""evaluated based on standard samples printed by eSUN"" (100% infill), not recorded.",V007223,PETG-ESD,eSUN,PETG-ESD,Tensile strength (endpoint unspecified),48.11,MPa,36.05,14.8,4,XY,unstated,S-PEBA-PETG-ESD-TDS-EN,p. 2: Tensile Strength (X-Y) GB/T 1040,b82fad6b1d2d38bce104e5c37c160af3126a2c3d9037d82eaf18021bf61902f2,https://3d.nice-cdn.com/upload/file/PETG-ESD-TDS-EN.pdf
wrong-condition,"Prints ""拉伸模量(Z) Young's modulus (Z) ISO 527 2953.14±1.01 MPa"" (XY 4020.55); value credible, but ""Specimens printed under the following conditions ... Infill 100%"" is not recorded.",V008124,PLA-CF,QIDI,PLA-CF,Tensile modulus,2.95314,GPa,2.2066,14.4,4,Z,unstated,R-QIDI-PLA-CF,p. 2: 拉伸模量(Z) ISO 527 Young’s modulus (Z),b7b686b8eb094afd2a5956f30c619187d8f986b94237b67c4ac4456b0b5fea0f,https://drive.google.com/file/d/1dk41nYV0pojrq42LQqJi5zH_weJjNSkI/view?usp=drive_link
implausible,"Prints ""Glass Transition(Tg) ISO11357-3 10℃/min ℃ 135"" beside ""Melting Point 148"", HDT 104 and Vicat 95: an amorphous ABS cannot have a Tg 40 °C above its own Vicat, nor a melting point.",V008549,ABS-GF,SUNLU,ABS-GF,Glass transition temperature,135,°C,103.5,14.2,4,Not applicable,unstated,R-SUNLU-ABS-GF-TDS,p. 1: Glass Transition(Tg) ISO11357-3 10℃/min ℃,c3b7ec6fb0875c943c690979ade2b637ffb580293205cb3cae004575948682d6,https://3d.nice-cdn.com/upload/file/ABS-GF_TDS.pdf
real,"Prints ""VICAT A (VST) ISO 306 °C 140*"" (*tested at ≥ 4 mm wall) for a Shore 58D TPU whose text claims heat resistance up to 140°C; credible for a hard TPU.",V008569,TPU,Extrudr,FLEX HARD,Vicat softening temperature,140,°C,98.5,14,7,Not applicable,unstated,R-EXTRUDR-flex-hard-TDS-en-cbd667,p. 1: VICAT A (VST) ISO 306 °C,cbd667aaf13501cc6ac1583c430e228004edd8484d295939bd2abd693757da68,https://3d.nice-cdn.com/upload/file/flex-hard-TDS-en.pdf
variant,"Prints ""Tensile Modulus ASTM D638 57,500 psi 396 Mpa"" (75 Shore D): a declared ""Semi-Rigid Polyurethane""; Variant unset. Printed specimens (TAZ5) also not recorded.",V007170,TPU,NinjaTek,Armadillo,Tensile modulus,0.3964487,GPa,0.04,13.9,11,Unstated,unstated,R-NINJATEK-Armadillo-TDS,p. 1: Tensile Modulus ASTM D638,a8d1bf4b60626fb7e668179adb1432a8e873106c527f78c696503e7eb7852c24,https://ninjatek.com/wp-content/uploads/Armadillo-TDS.pdf
real,"Prints ""Elongation at break % ASTM D-638 12"" (tensile 51 MPa, notched 27 kJ/m²); density 1.10-1.13 shows a lightly glass-filled ABS, for which 12% is credible.",V009936,ABS-GF,iSANMATE,ABS Glass Fiber,Elongation at break,12,%,3.66,13.7,4,Unstated,unstated,I-PLA-ABS-Glass-Fiber-Technical-Data-Sheet,p. 1: Elongation at break,afd176bdc3c7ea80e14f8514635212be4071491542ddd93f83a702c4673ebb73,https://www.isanmate.com/wp-content/uploads/2025/08/ABS-Glass-Fiber-Technical-Data-Sheet.pdf
real,"Prints ""Stress at break ISO 527 MPa 23"" beside tensile strength 47 MPa and nominal elongation at break 19% (""MATT & TOUGH""): a ductile PLA drawn past its maximum, so a low break stress is credible.",V008560,PLA,Extrudr,PLA NX2,Tensile break strength,23,MPa,52,-13,12,Unstated,unstated,R-EXTRUDR-pla-nx2-TDS-en,p. 1: Stress at break ISO 527 MPa,c55d66cf725c65a29a62351388cd1ea4032f877454a49cb4673f029faaaa527f,https://3d.nice-cdn.com/upload/file/pla-nx2-TDS-en.pdf
wrong-condition,"Prints ""Bending Modulus (Z) ISO 178, GB/T 9341 1590 ± 100 MPa""; value right, but p. 3: printed specimens ""annealed and dried at 80 °C for 12 hours prior to testing"", not recorded.",V009721,ABS,Kingroon,ABS,Flexural modulus,1.59,GPa,2.19,-12.8,4,Z,unstated,R-3DJAKE-KINGROON-ABS-Technical-Data-Sheet-V1-0,"p. 2: Bending Modulus (Z) ISO 178, GB/T 9341",75b8c8459a05ae31544f50a3c00818209af400ccb526c3e64c612bd5b45b414e,https://3d.nice-cdn.com/upload/file/KINGROON_ABS_Technical_Data_Sheet_V1.0.pdf
wrong-condition,"Prints ""Impact strength 58 KJ/m² ISO 179 Charpy Notched @23° C"": the sheet says notched, but the row's Notch is Not published.",V010443,ABS,FormFutura,ReForm - rTitan,Charpy strength,58,kJ/m²,20.015,12.7,8,Not applicable,unstated,S-PET-TDS-ReForm-rTitan,p. 1: Impact strength,413a94279eee618eb45795147d0f45353eb8719a0b64ecbd7b4207eedcc9ad21,https://3d.nice-cdn.com/upload/file/TDS_-_ReForm_-_rTitan.pdf
wrong-condition,"Prints ""Modulus of Elasticity (X-Y) ISO 527 Mpa 1200~1400"" (low for ASA); p. 2 ""Testing Specimen Printing Conditions"" makes it printed, which is not recorded.",V005415,ASA,Flashforge,ASA,Tensile modulus,1.2,GPa,2.317,-12.2,7,XY,unstated,D-FLASH-ASA-TDS-EN,p. 1: Modulus of Elasticity (X-Y) ISO 527 Mpa,e0f5bfbf1136257c627776f871845dd1d0323bdbec1a292e23678232c3b29128,https://after-support.flashforge.jp/uploads/datasheet/tds/ASA_TDS_EN.pdf
real,"Prints ""Tensile Elongation, Break ISO 527 % 75"" on printed XY-flat specimens (100% infill, ±45°); credible for a ductile PC/ABS.",V001550,PC-ABS,3DXTECH,3DXMAX PCABS,Elongation at break,75,%,8,11.9,3,XY,printed,X-3DXMAX-PCABS-TDS-v3,"p. 1: Tensile Elongation, Break",2f1bbd6de32a6e9a4a24e1ef7c61d0ebfb39c410faf73fe7be2178a0bf39de05,https://cdn.shopify.com/s/files/1/0625/4185/6821/files/3DXMAX_PCABS_TDS_v3.pdf?v=1723942764
wrong-condition,"Prints ""HDT (crystalline) 90°C DSC"" beside ""HDT (amorphous) 55°C"": value right, but the crystallised (annealed) state is not recorded (Post-processing Not published).",V003031,PLA,Spectrum,FlameGuard PLA,HDT,90,°C,55,11.8,94,Not applicable,unstated,S-SPECTRUM-en-tds-spectrum-flameguard-pla,p. 1: HDT (crystalline),b8ba3dad7deb7b8e7ba691738339ebf4aaf18b93d8bbdcfa72ba6a8134625f32,https://spectrumfilaments.com/wp-content/uploads/2024/11/en_tds_spectrum_flameguard_pla.pdf
wrong-condition,"Prints ""Heat deflection temperature 90 °C"" with ""0.45 MPa (ISO 75-1/-2)"" on the next line; value credible for this ""heat-optimized"" PLA+, but the row's Test load and standard say Not published.",V005586,PLA,Fabru / purefil,Polylactid+ (PLA+),HDT,90,°C,55,11.8,94,Not applicable,unstated,R-FABRU-PUREFIL-8503-Material-data-sheet-PLA-purefil,p. 1: Heat deflection temperature,32e8280e196622c91adca1e9235347bdf24ba5d1db65e84194b8946aae3f9046,https://cdn02.plentyone.com/pvdtyofq45f2/propertyItems/8503%2FMaterial-data-sheet-PLA%2B-purefil.pdf
implausible,"Prints ""Elongation at yield (ASTM D638) 470 %"" and ""Elongation at break (ASTM D638) 470 %"" for a 95A TPU: a yield at the break strain means no yield; 470% is the break elongation repeated.",V005646,TPU,Fabru / purefil,Thermoplastic polyurethane (TPU),Elongation at yield,470,%,60,11.8,4,Unstated,unstated,R-FABRU-PUREFIL-241-Material-data-sheet-TPU-53D-purefil,p. 1: Elongation at yield (ASTM D638),a1b56f11a74479ebb256dfeac5a6811da68de628644ce4d407219a372119cda5,https://cdn02.plentyone.com/pvdtyofq45f2/propertyItems/241%2FMaterial+data+sheet+TPU+53D+purefil.pdf
wrong-condition,"Prints ""Melt Index(g/10 min) 220 ° C, 10kg 240 ° C, 2.16 kg g/10min 42±4"": one value, two conditions; the row fixes 220 °C, which the sheet does not settle.",V004935,PLA,Eryone,Hyper-Speed PLA,Melt mass-flow rate,42,g/10 min,6.9,11.6,75,Not applicable,unstated,R-ERYONE-eryone-hs-pla-tds,"p. 1: Melt Index(g/10 min) 220 ° C, 10kg 240 ° C, 2.16 kg g/10min",6fb8d4f48e1ee7992d83c1939dc0d1b6c18a6846ea19ece48bbae87d54829c48,https://file.globalso.com/file_manage/3828/20250903/eryone-hs-pla-tds.pdf
real,"Prints ""Tensile yield stress 70 MPa ISO 527-2"" (tensile strength 72, strain at yield 3%); credible for a carbon-fibre PETG.",V008764,PETG-CF,3DJake,easyPETG CF,Tensile yield strength,70,MPa,58.3,11.3,3,Unstated,unstated,R-3DJAKE-3DJAKE-TDS-3DJAKE-PETG-CF,p. 1: Tensile yield stress,1f374b85baff32d152584ef518c5b9450193f1fda37e7d6bc7322f881fb942da,https://3d.nice-cdn.com/upload/file/TDS_3DJAKE_PETG-CF.pdf
real,"Prints ""Tensile Elongation, Break ISO 527 % 100"" on printed XY-flat specimens (100% infill, ±45°); credible for a ductile PA6 copolymer.",V001047,PA6/66,3DXTECH,AMIDEX PA6 Copolymer v1 0,Elongation at break,100,%,15,11.2,3,XY,printed,X-AMIDEX-PA6-Copolymer-v1-0,"p. 1: Tensile Elongation, Break",6752cf025a50c485ead78dc0f22a87abcc5f19517ac2f7eccba385236035aaf1,https://cdn.shopify.com/s/files/1/0625/4185/6821/files/AMIDEX_PA6_Copolymer_v1.0.pdf?v=1723942767
real,"Prints ""Tensile strength at break 27,5 MPa ISO 527"" beside tensile strength 44 MPa and elongation at break 12%: a break stress below the maximum after drawing is credible.",V002871,PLA,Spectrum,THE FILAMENT HT-PLA,Tensile break strength,27.5,MPa,52,-11,12,Unstated,unstated,S-SPECTRUM-en-tds-the-filament-ht-pla,p. 1: Tensile strength at break,711dab3aa7d93671385898b7a517a420b93e238aa96178313d3df0f7e120ee82,https://spectrumfilaments.com/wp-content/uploads/2025/09/en_tds_the_filament_ht_pla.pdf
real,"Prints ""Heat Deflection Temperature 100°C D 648"" (load not stated) for ""PET-G HT100"", a heat-resistant co-polyester named for it; credible.",V002853,PETG,Spectrum,PET-G HT100,HDT,100,°C,68,10.8,39,Not applicable,unstated,S-SPECTRUM-en-tds-spectrum-petg-ht100,p. 1: Heat Deflection Temperature,596df17233fa8273c74c0bd8da1b7e154bdf8fbb1760b6b9f4379976bf600df1,https://spectrumfilaments.com/wp-content/uploads/2022/05/en_tds_spectrum_petg_ht100.pdf
real,"Prints ""Tensile Strength @ Yield ISO 527 MPa 47"" under ""3D Printed Sample Properties""; an ordinary printed PETG yield. Large z comes from a tiny group spread.",V005481,PETG,Fiberlogy,FiberWORKS PETG,Tensile yield strength,47,MPa,51,-10.8,3,Unstated,printed,R-FIBERLOGY-FiberWORKS-PETG-TDS,p. 2: Tensile Strength @ Yield ISO 527 MPa,2406d6d6481b839875f540342c90641d5639f0b00c4367c3744e35923d15f69d,https://fiberlogy.com/app/uploads/2026/08/FiberWORKS-PETG-TDS.pdf
real,"Prints ""Tensile Strength @ Break ISO 527 MPa 28"" beside yield 56 MPa and elongation at break 5%: a break stress below the yield after necking is credible.",V005516,PLA,Fiberlogy,VELVET PLA,Tensile break strength,28,MPa,52,-10.8,12,Unstated,unstated,R-FIBERLOGY-FIBERLOGY-VELVET-PLA-TDS-1-3,p. 1: Tensile Strength @ Break ISO 527 MPa,924993cc4c26212ab909281caf6ce9dd6fd1715dba2bf8f48ee7072dce239340,https://fiberlogy.com/app/uploads/2026/07/FIBERLOGY_VELVET-PLA_TDS-1-3.pdf
wrong-property,"Prints ""Ball Pressure Test 125 ºC IEC 60695-10-2 Pass"" below the Vicat rows (A50 215, B50 211, B120 212): a pass at 125 °C in the ball pressure test, not a Vicat softening temperature.",V006882,PEI / ULTEM,3D4Makers,PEI Filament Ultem 1010,Vicat softening temperature,125,°C,173,-10.8,3,Not applicable,unstated,R-3D4MAKERS-TDS-PEI-ULTEM-1010,p. 2: Vicat Softening Temperature Ball Pressure Test,51920bd5d79d8780fb6c64d016716c79972fa0b7164449481889d1387d1ce95f,https://cdn.shopify.com/s/files/1/0762/2839/files/TDS_PEI_ULTEM_1010.pdf?5589548939196691641
real,"Prints ""Density ISO 1183 g/cm3 1.23~1.26""; made from ""LUVOCOM® 3F PAHT CF 9891 BK"" (a high-temperature polyamide, 15% CF), so credible; filing under PA12-CF may be wrong.",V006956,PA12-CF,SIDDAMENT,PA12-CF,Density,1230,kg/m³,1070,10.8,9,Not applicable,unstated,S-PCGF-PA12-CF-TDS-EN-1,p. 1: Density ISO 1183 g/cm3,6bafd26ee3d73ad5173240c52d1b6fbd6c6e31e0a76d7b80eb6c2e048b0378ce,https://cdn.shopify.com/s/files/1/0685/9168/1815/files/PA12-CF_TDS-EN_1.pdf?v=1742632094
real,"Prints ""Tensile strength at break 28 MPa ISO 527"" beside yield 43 MPa and elongation at break 11%: a break stress below the yield after drawing is credible.",V007595,PLA,FormFutura,Volcano PLA 150C,Tensile break strength,28,MPa,52,-10.8,12,Unstated,unstated,S-PET-TDS-Volcano-PLA-150C,p. 1: Tensile strength at break,58c00d7eedec0418933e45a79f49e2e58b245a26b29c5033ef5560e2e6ea0211,https://3d.nice-cdn.com/upload/file/TDS_-_Volcano_PLA_150C.pdf
real,"Prints ""HDT °C 134* ISO 75"" with ""*only injection molded data available"" (load not stated); the row records it as moulded, and the sheet's text claims 134°C HDT for this high-heat PLA.",V005792,PLA,colorFabb,PLA-HP,HDT,134,°C,55,10.7,9,Not applicable,moulded,R-COLORFABB-TDS-E-ColorFabb-PLA-HP-5210c3,p. 1: HDT °C,5210c315281e63b30071dbe6d80ac70eb8ab244218254f1e48ae89dcbeea752b,https://3d.nice-cdn.com/upload/file/TDS_E_ColorFabb_PLA-HP.pdf
real,"Prints ""Melt Flow Index GB/T 3682 39.6 g/10min"" (condition not stated); the sheet describes a PC blended with PET and PCTG, which flows far more than neat PC.",V006859,PC,eSUN,PC-HT,Melt mass-flow rate,39.6,g/10 min,8,10.7,13,Not applicable,unstated,S-PEBA-PC-HT-TDS,p. 1: Melt Flow Index GB/T 3682,50552879cca4e97a9da538a0624dc378c25a5f892d3fc1688270fad8bb53dd1c,https://3d.nice-cdn.com/upload/file/PC-HT-TDS.pdf
implausible,"Prints ""Elastic modulus X-Y ... MPa 1345.3"" with 34.8 MPa at 1.9% break: a modulus below the secant at break (≈1830 MPa) is not a tensile curve. Printed also unrecorded.",V004832,ASA,Eryone,Hyper-Speed ASA,Tensile modulus,1.3453,GPa,2.317,-10.6,7,XY,unstated,R-ERYONE-file-manager-downLoad-path-file-manage-3828-20250903-eryone--1d9fed,p. 2: Elastic modulus X-Y 50mm/min GB/T 1040.1-2006 MPa,1d9fed586d930d9af7ee1299c3096832410b71affe54260f0530564a354866c4,https://hub.globalso.com/b/file_manager_downLoad?path=/file_manage/3828/20250903/eryone-asa-hs-tds.pdf
real,"Prints ""Vicat Softening Temperature 150°C D 1525""; a textbook Vicat for polycarbonate (HDT 139/128 °C on the same sheet).",V002886,PC,Spectrum,PC 275,Vicat softening temperature,150,°C,119,10.5,10,Not applicable,unstated,S-SPECTRUM-en-tds-spectrum-pc-275,p. 1: Vicat Softening Temperature,74a9b3212b9b141668f3096937f7f4ec32cb2ee36e526391baa85be9bbfe45ee,https://spectrumfilaments.com/wp-content/uploads/2023/10/en_tds_spectrum_pc_275.pdf
wrong-condition,"Prints ""Young's modulus (X-Y) 8636.5 ± 211.4 MPa"" under ""DRY STATUS"" with ""*All specimens were annealed at 100°C for 16h""; value right, dry and annealed not recorded.",V006544,PA6-CF,Polymaker,FIBERON PA6 CF20,Tensile modulus,8.6365,GPa,4.3,10.4,3,XY,unstated,R-POLYMAKER-FIBERON-TDS-FIBERON-PA6-CF20-V1-1-EN,p. 1: Young’s modulus (X-Y),f065e0e27b44344da381f7edde481da7dd126b1b9d3da4ed0b5054862256b8b4,https://fiberon.polymaker.com/wp-content/uploads/TDS_FIBERON-PA6-CF20_V1.1_EN.pdf
real,"Prints ""Tensile Elongation, Break ISO 527 % 65"" on printed XY-flat specimens; credible for a ""Tough PLA"" (impact-modified) whose modulus (2272 MPa) stays PLA-like.",V003208,PLA,3DXTECH,ECOMAX Tough PLA,Elongation at break,65,%,11,10.4,11,XY,printed,X-ECOMAX-ECOMAX-Tough-PLA-TDS-v1,"p. 1: Tensile Elongation, Break ISO 527 %",57234e686be8dd59257761560e63b3ca10735105826d47a960426cd595d9cc5a,https://cdn.shopify.com/s/files/1/0625/4185/6821/files/ECOMAX_Tough_PLA_TDS_v1.pdf?v=1723942767
real,"Prints ""Charpy Impact Strength (Unnotched) @ 23°C ISO 179 kJ/m² 45"" (notched 6.5); credible unnotched CF-PETG, compared here with notched values.",V010496,PETG-CF,Fiberlogy,PETG+CF,Charpy strength,45,kJ/m²,5.75,10.4,4,Not applicable,unstated,R-FIBERLOGY-FIBERLOGY-PETGCF-TDS,p. 1: Charpy Impact Strength (Unnotched) @ 23°C ISO 179 kJ/m2,221f045a5caef5a66d043a66ed8876281d765011ade6440cac99c25091241895,https://fiberlogy.com/app/uploads/2026/05/FIBERLOGY_PETGCF_TDS.pdf
wrong-condition,"Prints ""Elongation at break(X-Y) ISO527/2 50mm/min % 25""; credible, but footnote [1] ""Test the spline printing speed 45 mm/s ... Fill 100%"" makes it printed; not recorded.",V008714,PC,SUNLU,PC,Elongation at break,25,%,4.53,10.4,8,XY,unstated,R-SUNLU-PC-TDS,p. 1: Elongation at break(X-Y) ISO527/2 50mm/min %,f551442b713b1eb1b07cd77d0072bf53404bd0f5a7551ba48309d6de07d5ca64,https://3d.nice-cdn.com/upload/file/PC-TDS.pdf
implausible,"Prints ""HDT A 93 °C ISO 75"" in the ""Injection"" column (page image): an amorphous PETG cannot deflect at 1.8 MPa 13 °C above its ~80 °C Tg, even with 10% CF. The moulded specimen is also not recorded.",V009087,PETG-CF,Nobufil,PETG CF,HDT,93,°C,70,10.3,12,Not applicable,unstated,R-3DJAKE-3DJAKE-TDS-PETG-CF-23-12,p. 1: HDT A,b9b038fa0713d5a6e5379bcfcc0a334ddf338d0fceae63d8c12d189204956e46,https://3d.nice-cdn.com/upload/file/TDS_PETG_CF_23.12.pdf
wrong-condition,"Prints ""Flexural modulus 3500 MPa ISO 178"" in the ""Injection"" column of the ""FDM H / Injection"" table (page image); credible, but moulded, and the row says Not published.",V009008,PC-CF,Nobufil,PCx CF,Flexural modulus,3.5,GPa,2.3536,10.2,3,Unstated,unstated,R-3DJAKE-3DJAKE-c9047f-230cb5f262c040bb8f570d174a23b353,p. 1: Flexural modulus,7eba323dde006333991d4da5bef1ae051ce02447608048ea076e164e7bc6023c,https://3d.nice-cdn.com/upload/file/c9047f_230cb5f262c040bb8f570d174a23b353.pdf
variant,"Prints ""Density 1.39 g/cm³"" (modulus 4400 MPa): beyond unfilled PLA (≈1.24), so this ""bioplastic"" carries an unnamed filler; Variant unset, and the sheet never calls it PLA.",V006192,PLA,Fabru,GreenTEC Pro,Density,1390,kg/m³,1240,10.1,140,Not applicable,unstated,R-FABRU-4701-material-data-sheet-GreenTEC-Pro-purefil,p. 1: Density,0fae55072b780857c7ac1ae1cb5270c6d724c8aa89916f988b4c83170630fdb2,https://cdn02.plentyone.com/pvdtyofq45f2/propertyItems/4701%2Fmaterial+data+sheet+GreenTEC+Pro+purefil.pdf
real,"Prints ""Vicat softening temperature A 149 °C"" with ""B/50 (ISO 306)"" beneath (page image); credible for PC. The row's Standard / load is Not published.",V005613,PC,Fabru / purefil,Polycarbonat (PC),Vicat softening temperature,149,°C,119,10.1,10,Not applicable,unstated,R-FABRU-PUREFIL-3512-material-data-sheet-PC-purefil,p. 1: Vicat softening temperature A,51b6f40dcca93ed08ed13b952a161dfffeba3fc31a9a08c4d8695da7e622fec4,https://cdn02.plentyone.com/pvdtyofq45f2/propertyItems/3512%2Fmaterial+data+sheet+PC+purefil.pdf
wrong-condition,"Prints ""Elongation at break(X-Y) ISO527/2 50mm/min % 10""; footnote [1] makes it a printed spline, not recorded. Density 1.016 shows little glass in this ""ABS-GF"".",V008542,ABS-GF,SUNLU,ABS-GF,Elongation at break,10,%,2.55,10,4,XY,unstated,R-SUNLU-ABS-GF-TDS,p. 1: Elongation at break(X-Y) ISO527/2 50mm/min %,c3b7ec6fb0875c943c690979ade2b637ffb580293205cb3cae004575948682d6,https://3d.nice-cdn.com/upload/file/ABS-GF_TDS.pdf
implausible,"Prints ""Tensile Strength GB/T 1040 11.1 MPa"" beside flexural strength 75.34 MPa: a PLA's tensile strength cannot be a seventh of its flexural. Moulded (p. 2) also not recorded.",V007105,PLA Silk,eSUN,ePLA-Silk Rainbow,Tensile strength (endpoint unspecified),11.1,MPa,60.6,-9.8,5,Unstated,unstated,S-PEBA-79f73c22-1,p. 1: Tensile Strength GB/T 1040,9c76256a489aef0328477d91017e69324f6d89558d4a1c6037c34050493891fe,https://3d.nice-cdn.com/upload/file/79f73c22_1_.pdf
real,"Prints ""Glass Transition(Tg) ASTM D7426 10℃/min ℃ 65.5""; low for PETG, but consistent with the same sheet's HDT 63 °C and Vicat 68 °C.",V008415,PETG,SUNLU,PETG,Glass transition temperature,65.5,°C,80,-9.8,21,Not applicable,unstated,R-SUNLU-PETG,p. 1: Glass Transition(Tg) ASTM D7426 10℃/min ℃,8ec15117dfe18781e591a7bcd4ca3f790878386f48a7d00cf25c18af9735f7a6,https://3d.nice-cdn.com/upload/file/PETG.pdf
real,"Prints ""Glass Transition(Tg) ISO11357-3 10℃/min ℃ 65.5"" (HDT 70); low for PETG but SUNLU's PETG sheets print it consistently, and a modified copolyester can sit there.",V008447,PETG,SUNLU,High Speed Matte PETG,Glass transition temperature,65.5,°C,80,-9.8,21,Not applicable,unstated,R-SUNLU-High-Speed-Matte-PETG-TDS,p. 1: Glass Transition(Tg) ISO11357-3 10℃/min ℃,9cf76ba6b1b7a91671d8be801dcbb143a5088aa5d952513cade09e09ceee7143,https://3d.nice-cdn.com/upload/file/High_Speed_Matte_PETG-TDS.pdf
real,"Prints ""Tensile Strength MD ASTM D882 110,3 MPa"" (TD 144,7) on a film data sheet; the row records it as a film specimen, and 110 MPa is credible for oriented PLA film.",V007357,PLA,3D4Makers,PLA,Tensile strength (endpoint unspecified),110.3,MPa,53,9.7,11,Unstated,other,R-3D4MAKERS-TDS-PLA-Filament,p. 1: Tensile Strength MD ASTM D882,deaab6d5b6b509ba7dd97c2e4fe5f75879a8472abc640dd04a41ae28138e3787,https://cdn.shopify.com/s/files/1/0762/2839/files/TDS_PLA_Filament.pdf?1776946288798946561
real,"Prints ""Tensile strength 110 Mpa (MD) ASTM D882""; the row records it as a film specimen, and 110 MPa is credible for oriented PLA film.",V009582,PLA,FormFutura,EasyFil PLA,Tensile strength (endpoint unspecified),110,MPa,53,9.6,11,Unstated,other,S-PET-TDS-EasyFil-PLA,p. 1: Tensile strength,3801aa84cd634c62ed3f468fba87987752591102b980900ea52c4d761ce43d1a,https://formfutura.sharepoint.com/sites/downloads/Shared%20Documents/Downloads%20Server/Materials/Filaments/FormFutura%20Filaments/EasyFil%20PLA/Data%20Sheets%20and%20Declarations/TDS%20-%20EasyFil%20PLA.pdf
wrong-condition,"Prints ""Elongation at Break GB/T 1040 90 %"" from ""the injection molding spline test"" (p. 2), not recorded. Also a declared toughened PLA (flex modulus 1477): grade Variant unset.",V007943,PLA,eSUN,ePLA ST,Elongation at break,90,%,9.4,9.5,51,Unstated,unstated,S-PEBA-eSUN-ePLA-ST-Filament-TDS-V4-0,p. 1: Elongation at Break GB/T 1040,86425190ca99099bd5c2e4d1a5d12153212dc776bdca444438bc90014bb109a3,https://3d.nice-cdn.com/upload/file/eSUN_ePLA-ST-Filament_TDS_V4.0.pdf
real,"Prints ""Vicat Softening Temperature ISO 306/A50 215 ºC""; credible for PEI (Ultem 1010), whose HDT on the same sheet is 200/190 ºC.",V006879,PEI / ULTEM,3D4Makers,PEI Filament Ultem 1010,Vicat softening temperature,215,°C,173,9.4,3,Not applicable,unstated,R-3D4MAKERS-TDS-PEI-ULTEM-1010,p. 2: Vicat Softening Temperature ISO 306/A50,51920bd5d79d8780fb6c64d016716c79972fa0b7164449481889d1387d1ce95f,https://cdn.shopify.com/s/files/1/0762/2839/files/TDS_PEI_ULTEM_1010.pdf?5589548939196691641
variant,"Prints ""Specific gravity 1.38 g/cc ISO 1183"" beside tensile modulus 3973 MPa: beyond unfilled PLA (≈1.24), so the ""modified"" matt PLA carries a filler it does not name; grade Variant not set.",V007667,PLA,FormFutura,Matt PLA,Density,1380,kg/m³,1240,9.4,140,Not applicable,unstated,S-PET-TDS-Matt-PLA,p. 1: Specific gravity,8589b6c9a4536c964cc04a7fae6fa60037144cfb29af1e6a5a09606c45713773,https://3d.nice-cdn.com/upload/file/TDS_-_Matt_PLA.pdf
real,"Prints ""Tensile Strength @ Break ASTM D638 Kgf/cm2 540"" (= 52.96 MPa; yield 460, elongation at break 340%); credible for PCTG, which strain-hardens past yield.",V007397,PCTG,3D-Fuel,3D,Tensile break strength,52.95591,MPa,46,9.4,4,Unstated,unstated,R-3D-FUEL-3D-Fuel-Pro-PCTG-TDS-9-2-25,p. 2: Tensile Strength @ Break ASTM D638 Kgf/cm2,e9c47a5938651c9e0bb77f9f7ee86cc6bf4674d2bc5633a20544900ad4a2dc55,https://cdn.shopify.com/s/files/1/0027/5339/6848/files/3D-Fuel_Pro_PCTG_TDS_9-2-25.pdf?v=1756827548
real,"Prints ""Tensile strength (X-Y) ASTM D638 (ISO 527, GB/T 1040) 23.11 ± 0.63 (MPa)"" on 100%-infill printed specimens (elongation 462%); credible for a 95A TPU.",V003430,TPU,Polymaker,PolyFlex TPU95-HF,Tensile strength (endpoint unspecified),23.11,MPa,30,-9.3,5,XY,printed,S-POLYCN-PolyFlex-TPU95-HF-TDS-V4-2,"p. 1: Tensile strength (X-Y) ASTM D638 (ISO 527, GB/T 1040)",2a7c8c5b74b5a89f521153f8b3076e6285c09ab6536952013e51467063bc38fa,https://3d.nice-cdn.com/upload/file/PolyFlex_TPU95_HF_TDS_V4.2.pdf
real,"Prints ""Melt index 270°C, 2.16kg 36.9 g/10min""; at 270 °C a glass-filled PET flows this freely, so the value is credible (the group mixes lower-temperature MFRs).",V001926,PET-GF,Polymaker,Fiberon PET-GF15,Melt mass-flow rate,36.9,g/10 min,5.3,9.3,3,Not applicable,unstated,R-FIBERON-PETGF15-TDS,Physical properties: Melt index,cdb81cbccd54e790038caf17353bd91172713cb7d35f7d8e16f919124923b37b,https://fiberon.polymaker.com/wp-content/uploads/TDS_FIBERON-PET-GF15_V1.0_EN.pdf
real,"Prints ""IZOD Impact Notched ISO180 4mm, 23℃ KJ/m² 19.8"" for ""PLA with high toughness"" (elongation 20.3%); credible for an impact-modified PLA.",V008270,PLA,SUNLU,PLA,Izod impact strength,19.8,kJ/m²,4.9,9.1,28,Not applicable,unstated,R-SUNLU-SUNLU-PLA-Vivid-Yellow,"p. 1: IZOD Impact Notched ISO180 4mm, 23℃ KJ/m²",35293a3cbf17ba048ea5bf2658489dd070f0c6b7d6510abece4097b0101e73d4,https://3d.nice-cdn.com/upload/file/PLA_.pdf
wrong-condition,"Prints ""Modulus of Elasticity ISO 527 Mpa 3600~4000"" with ""data are obtained from actual printing, and the printed model has not been annealed""; not recorded.",V005314,PET-CF,Flashforge,PET-CF,Tensile modulus,3.6,GPa,6,-9.1,3,Unstated,unstated,D-FLASH-PET-CF-TDS-EN,p. 1: Modulus of Elasticity ISO 527 Mpa,8f40ad360c2b1abe1659374f0226b4efb879a1371f6a5fa54731da88ed630da7,https://after-support.flashforge.jp/uploads/datasheet/tds/PET_CF_TDS_EN.pdf
real,"Prints ""Elongation at break (ISO 527-3) 84 %"" (yield 54 MPa at 13%) for a PLA+ made ""significantly more impact-resistant"" by additives; credible. Note ISO 527-3 is the film/sheet part.",V005584,PLA,Fabru / purefil,Polylactid+ (PLA+),Elongation at break,84,%,9.4,8.8,51,Unstated,unstated,R-FABRU-PUREFIL-8503-Material-data-sheet-PLA-purefil,p. 1: Elongation at break (ISO 527-3),32e8280e196622c91adca1e9235347bdf24ba5d1db65e84194b8946aae3f9046,https://cdn02.plentyone.com/pvdtyofq45f2/propertyItems/8503%2FMaterial-data-sheet-PLA%2B-purefil.pdf
real,"Prints ""Vicat Softening Temperature ISO 306/B120 212 ºC""; credible for PEI (Ultem 1010).",V006881,PEI / ULTEM,3D4Makers,PEI Filament Ultem 1010,Vicat softening temperature,212,°C,173,8.8,3,Not applicable,unstated,R-3D4MAKERS-TDS-PEI-ULTEM-1010,p. 2: Vicat Softening Temperature ISO 306/B120,51920bd5d79d8780fb6c64d016716c79972fa0b7164449481889d1387d1ce95f,https://cdn.shopify.com/s/files/1/0762/2839/files/TDS_PEI_ULTEM_1010.pdf?5589548939196691641
real,"Prints ""Density ISO1183 23℃ g/cm³ 1.2"" for a sheet declaring 20% carbon fibre; credible for a CF polyamide, though its Tg 99 °C and Tm 190 °C do not read as PA12.",V008202,PA12-CF,SUNLU,PA12-CF,Density,1200,kg/m³,1070,8.8,9,Not applicable,unstated,R-SUNLU-PA12-CF-TDS,p. 1: Density ISO1183 23℃ g/cm3,055519eef178c1845704d555d4dd99620b4a5b5a36c9d79dce2186c67ea0ed68,https://3d.nice-cdn.com/upload/file/PA12-CF-TDS.pdf
real,"Prints ""Tensile strength 105 Mpa (MD) ASTM D882""; the row records it as a film specimen, and 105 MPa is credible for oriented PLA film.",V009624,PLA,FormFutura,Premium PLA,Tensile strength (endpoint unspecified),105,MPa,53,8.8,11,Unstated,other,S-PET-TDS-Premium-PLA,p. 1: Tensile strength,4ace5b1aeba971f3014dab3170d8e672608cbd510afd646ced676b1691ec243f,https://formfutura.sharepoint.com/sites/downloads/Shared%20Documents/Downloads%20Server/Materials/Filaments/FormFutura%20Filaments/Premium%20PLA/Data%20Sheets%20and%20Declarations/TDS%20-%20Premium%20PLA.pdf
real,"Prints ""MFR (220 °C / 10 kg) 16 g/10 min ISO 1133""; credible for a CF-ASA at a 10 kg load (the group mixes MFR conditions).",V009417,ASA-CF,3DJake,ASA CF,Melt mass-flow rate,16,g/10 min,4.3,8.8,9,Not applicable,unstated,R-3DJAKE-TDS-3DJAKE-ASA-CF,p. 1: MFR (220 °C / 10 kg),ae2597cc06d55653b706d4225dca854aa14191de650c98ce7d0d5e8a6705e08b,https://3d.nice-cdn.com/upload/file/TDS_3DJAKE_ASA-CF.pdf
real,"Prints ""MFR [g/10 min](1) 6–7 ISO 1133"" with ""(1) 2.16 kg; 230 °C"" on page 2, not page 1 as the locator says; value and condition right. The z is large only because the group's spread is tiny.",V002218,PVB,Prusa Research,PVB Prusament,Melt mass-flow rate,6,g/10 min,6.65,-8.8,5,Not applicable,unstated,S-PVB-PVB-Prusament-TDS-2021-10-EN,p. 1: MFR [g/10 min],35107a38ec9f13051a97d9f47aaf064f85dc1e6242334def8159923c9be9b21b,https://prusament.com/wp-content/uploads/2022/10/PVB_Prusament_TDS_2021_10_EN.pdf
wrong-condition,"Prints ""Izod Impact Strength of Unnotched Specimen (X-Y) 15.5±1.5 KJ/m2""; credible unnotched, but footnote [1] says the test splines were printed (100% fill); not recorded.",V004379,PLA Silk,SUNLU,PLA+ Silk 2.0,Izod impact strength,15.5,kJ/m²,4.645,8.6,3,XY,unstated,R-SUNLU-56889371789540318047,p. 1: 悬臂梁无缺口冲击强度(X-Y) Izod Impact ISO 180 23℃ KJ/m2 Strength of Unnotched Specimen,05905ccb757833a685563516d337fdbd5804d690ee041f84dcfd9f5d6bba2d62,https://media.sunlu.com/prod/20260916/56889371789540318047.pdf?filename=TDS
wrong-condition,"Prints ""Elongation X-Y 5mm/min D3638 % 14.8-17.1"" under ""Mechanical Properties of Printed Samples""; printed not recorded. Tensile modulus 495-592 MPa hints at crosshead strain.",V004846,PA12-CF,Eryone,PA12-CF,Elongation at break,14.8,%,4,8.6,4,XY,unstated,R-ERYONE-file-manager-downLoad-path-file-manage-3828-20250903-eryone--25961c,p. 2: Elongation X-Y 5mm/min D3638 %,25961c78c67dfb720ef8fb97d11417375190526737ebcf98621b655513e78148,https://hub.globalso.com/b/file_manager_downLoad?path=/file_manage/3828/20250903/eryone-pa12-cf-tds.pdf
implausible,"Prints ""Elongation at break DIN 53504, S2 % 6.9"" for a 95A TPU whose ""Stress at 300% elongation"" is 29 MPa: it cannot break at 6.9%; the S2 rows (strength 470 N/mm²) look swapped.",V004124,TPU,Extrudr,FLEX MEDIUM MATT,Elongation at break,6.9,%,482.5,-8.6,4,Not applicable,moulded,R-EXTRUDR-flex-medium-matt-TDS-en,"p. 1: Elongation at break DIN 53504, S2 %",2bf239a71be174b030793409c19cff53c03ac0cc887e21a5bdba686aab90c614,https://s3.extrudr.com/extrudr-media/datasheets/tds/tds-en/flex-medium-matt-TDS-en.pdf
real,"Prints ""Vicat Softening Temperature ISO 306/B50 211ºC""; credible for PEI (Ultem 1010).",V006880,PEI / ULTEM,3D4Makers,PEI Filament Ultem 1010,Vicat softening temperature,211,°C,173,8.5,3,Not applicable,unstated,R-3D4MAKERS-TDS-PEI-ULTEM-1010,p. 2: Vicat Softening Temperature ISO 306/B50,51920bd5d79d8780fb6c64d016716c79972fa0b7164449481889d1387d1ce95f,https://cdn.shopify.com/s/files/1/0762/2839/files/TDS_PEI_ULTEM_1010.pdf?5589548939196691641
real,"Prints ""Density g/cm3 0.40 - 1,07"" for an ASA foaming to ""nearly 2,5 times"" its volume; 0.40 with upper 1.07 is right. Standard / load holds a stray ""3"" (method cell ""-"").",V009444,ASA Aero,colorFabb,LW-ASA,Density,400,kg/m³,1030,-8.5,3,Not applicable,unstated,R-COLORFABB-colorFabb-LW-ASA-TDS,p. 1: Density g/cm3,a390ca138895b644c0eb2b3d813ef3ba98e2385d38aa499d814c20ef66aca518,https://ninjatek.com/wp-content/uploads/colorFabb_LW-ASA_TDS.pdf
implausible,"Prints ""Tensile Stress at Yield 25 MPa D 638"" with yield strain 4.4%, modulus 1874 and break 46.9 MPa: a PETG carries about twice that at 4.4%, and yield below break contradicts it.",V003073,PETG,Spectrum,THE FILAMENT PETG,Tensile yield strength,25,MPa,50,-8.5,21,Unstated,unstated,S-SPECTRUM-eng-tds-the-filament-petg,p. 1: Tensile Stress at Yield,ca9f0c4b9967115147a6740e1f718b181b79e854a9398fc48e4dde7f533f7ba1,https://spectrumfilaments.com/wp-content/uploads/2024/11/eng_tds_the_filament_petg.pdf
implausible,"Prints ""Tensile Stress at Yield 25 MPa D 638"" beside elongation at yield 4.4%, modulus 1874 MPa and break 46.9 MPa: a PETG at 4.4% strain carries about twice that; same template as V003073.",V007586,PETG,Spectrum,THE FILAMENT PETG,Tensile yield strength,25,MPa,50,-8.5,21,Unstated,unstated,S-SPECTRUM-EN-TDS-The-Filament-PETG,p. 1: Tensile Stress at Yield,57b2560bee8d5c88dceb53facd40282bb82943caf8b2e2d62239d7bd6d4f2612,https://3d.nice-cdn.com/upload/file/EN_TDS_The_Filament_PETG.pdf
implausible,"Prints ""Tensile Stress at Yield 25 MPa ASTM D638"" beside ""Elongation at Yield 4,30%"" and modulus 2980 MPa: at 4.3% strain that modulus implies far more than 25 MPa; PETG yields near 50 MPa.",V009540,PETG,FormFutura,EasyFil ePETG,Tensile yield strength,25,MPa,50,-8.5,21,Unstated,unstated,S-PET-TDS-ePETG,p. 1: Tensile Stress at Yield,1d420d2b44a63c18eb88eb26b99951a2e4eee6ca66dcd2db17d2f316e1229dae,https://formfutura.sharepoint.com/sites/downloads/Shared%20Documents/Downloads%20Server/Materials/Filaments/FormFutura%20Filaments/EasyFil%20ePETG/Data%20Sheets%20and%20Declarations/TDS%20-%20ePETG.pdf
implausible,"Prints ""Streckdehnung (ASTM D638) 30 %"" beside Streckspannung 45 MPa, Reissdehnung 35 % and modulus 2160 MPa: an ASA yields at a few percent strain, not 30%.",V005659,ASA,Fabru / purefil,Acrylnitril-Styrol-Acrylester (ASA),Elongation at yield,30,%,5,8.4,4,Unstated,unstated,R-FABRU-PUREFIL-17-Materialdatenblatt-ASA-purefil,p. 1: Streckdehnung (ASTM D638),a3eed06fb1518066b5c87b8a22614fa959dd0e18b94d13749da7b99b73f276e9,https://cdn02.plentyone.com/pvdtyofq45f2/propertyItems/17%2FMaterialdatenblatt+ASA+purefil.pdf
implausible,"Prints ""HDT-B (0,45 MPa) 80 – 90 °C E2092"" beside ""Tg 55 – 60 °C"" and ""Max temperature 55 °C"": 25-30 °C above Tg only a crystallised part could reach, and the page states no annealing.",V007474,PLA,Nanovia,PLA EF 3D850,HDT,80,°C,55,8.4,94,Not applicable,unstated,R-NANOVIA-PLA-EF-3D850,"p. 1: HDT-B (0,45 MPa)",0229aa820bf86b9ccc44e517f262a8d11141e7429aeafbf2a1b5d780ff873df9,https://nanovia.tech/en/ref/nanovia-pla-ef/
implausible,"Prints ""HDT at 0,45 MPa 80 – 90 °C"" beside ""Tg 55 – 60 °C"" and ""Max temperature 55 °C"": 25-30 °C above Tg only a crystallised part could reach, and the page states no annealing.",V007533,PLA,Nanovia,PLA VX,HDT,80,°C,55,8.4,94,Not applicable,unstated,R-NANOVIA-PLA-VX,"p. 1: HDT at 0,45 MPa",2c1bf11988f966aece4359495c92ae89562f8d50a0a051aecac4d00339185a05,https://nanovia.tech/en/ref/nanovia-pla-vx/
implausible,"Prints ""Elongation at yield (ASTM D638) 30 %"" beside yield stress 45 MPa, elongation at break 35 % and modulus 2160 MPa: an ASA yields at a few percent strain, not 30%.",V008258,ASA,Fabru,Acrylnitril-Styrol-Acrylester (ASA),Elongation at yield,30,%,5,8.4,4,Unstated,unstated,R-FABRU-16-material-datat-sheet-ASA-purefil,p. 1: Elongation at yield (ASTM D638),2c8e585a88423936ad8fd1258a3b9da602b0f936222ef86e4226fc04e8c4fad3,https://cdn02.plentyone.com/pvdtyofq45f2/propertyItems/16%2Fmaterial+datat+sheet+ASA+purefil.pdf
variant,"Prints ""Density ISO1183 23℃ g/cm³ 1.365"" (flexural modulus 3832 MPa, matte texture): beyond unfilled PLA (≈1.24), so this matte PLA carries a filler it does not name; grade Variant not set.",V008599,PLA,SUNLU,PLA Classic,Density,1365,kg/m³,1240,8.4,140,Not applicable,unstated,R-SUNLU-PLA-Classic-TDS,p. 1: Density ISO1183 23℃ g/cm3,d140af2e6529276f85cd006714659be3ddbe3cff5c14b658fb10268f76b8ab53,https://3d.nice-cdn.com/upload/file/PLA_Classic-TDS.pdf
wrong-condition,"Prints ""Charpy impact strength 184 kJ/m² ISO 179-1/1eU 25 °C, unnotched"": credible for PP, but the row's Notch is Not published and the 25 °C test temperature is not recorded.",V006035,PP,Fillamentum,PP 2320,Charpy strength,184,kJ/m²,20,8.4,4,Not applicable,unstated,R-FILLAMENTUM-Technical-Data-Sheet-PP-2320,p. 1: Charpy impact strength,4886af2bb72ffe75cf0b6fe1375b52e414cad41b890ebeeef825c2a19c521acf,https://fillamentum.com/wp-content/uploads/2020/10/Technical-Data-Sheet_PP-2320.pdf
wrong-condition,"Prints ""Elongation at break (X-Y) 34.5 ± 8.1 %"" (tensile 20.9 MPa); credible, but p. 5 printing settings and ""conditioned at room temperature for 24h"" are not recorded.",V003649,PLA,Polymaker,PolyTerra PLA,Elongation at break,34.5,%,6.3,8.3,35,XY,unstated,S-POLYCN-PolyTerra-PLA-TDS-V5-11,p. 4: Elongation at break (X-Y),6c37d968e41b23da3188689e96fbe83f00225951f0aedd63b73b0d5658e1c0c5,https://3d.nice-cdn.com/upload/file/PolyTerra_PLA_TDS_V5[11].pdf
implausible,"Prints ""Tensile Strength at Yield 10800PSI ASTM D638"" (74.5 MPa) in a block that also gives flexural modulus 935 KPSI (6.4 GPa) and peak 24.7 KPSI (170 MPa): not reachable by an unfilled PETG.",V009027,PETG,MatterHackers,PETG,Tensile yield strength,74.463408,MPa,50,8.3,21,Unstated,unstated,R-MATTERHACKERS-PRO-SERIES-4b8JqK,p. 1: Tensile Strength at Yield,8d0089004a12be6899b966326fc591fb2410baab6306f60c9f7c3c1f91e5e059,https://www.matterhackers.com/r/4b8JqK.pdf
implausible,"Prints ""Tensile Modulus X-Y 5mm/min D3638 MPa 495-592"" beside bending modulus 3193-3484 MPa: a CF-PA12 cannot be a sixth as stiff in tension. Printed also unrecorded.",V004845,PA12-CF,Eryone,PA12-CF,Tensile modulus,0.495,GPa,3.3156,-8.3,3,XY,unstated,R-ERYONE-file-manager-downLoad-path-file-manage-3828-20250903-eryone--25961c,p. 2: Tensile Modulus X-Y 5mm/min D3638 MPa,25961c78c67dfb720ef8fb97d11417375190526737ebcf98621b655513e78148,https://hub.globalso.com/b/file_manager_downLoad?path=/file_manage/3828/20250903/eryone-pa12-cf-tds.pdf
real,"Prints ""Melt Index 260 °C, 2.16 kg 32.2 ± 2.9 g/10 min""; high for PC (the sheet also prints Tm 228 °C) but within a high-flow grade; condition differs from the group's.",V002135,PC,Bambu Lab,PC,Melt mass-flow rate,32.2,g/10 min,8,8.2,13,Not applicable,unstated,B-PC-TDS,p. 2: Melt Index,578ed906bc1604e756e0d1cb5b287b2bf4377390fbf151dc6405f8d38daf551d,https://store.bblcdn.com/a52afdccddfd448583d119587122c8c5.pdf
real,"Prints ""Melt Index 260 °C, 2.16 kg 32.2 ± 2.9 g/10 min"" (another edition of the same sheet); high for PC but not beyond a high-flow grade, and the condition differs from the group's.",V007832,PC,Bambu Lab,PC,Melt mass-flow rate,32.2,g/10 min,8,8.2,13,Not applicable,unstated,B-PC-Bambu-PC-Technical-Data-Sheet,"p. 2: Melt Index 260 °C, 2.16 kg",f0d45692b13f8b602267c0ca40db67d496ad74487681ec67e98a2df9e5b6af7c,https://3d.nice-cdn.com/upload/file/Bambu_PC_Technical_Data_Sheet.pdf
implausible,"Prints ""Tensile Stress at Yield 26 MPa D 638"" beside elongation at yield 4,30%, modulus 1950 MPa and break 48 MPa: a PETG at 4.3% strain carries about twice that; same template as V003073.",V002647,PETG,Spectrum,PET-G Premium,Tensile yield strength,26,MPa,50,-8.1,21,Unstated,unstated,S-SPECTRUM-en-tds-spectrum-petg-premium,p. 1: Tensile Stress at Yield,0cd5bbc520700a69e26d64a151293df170b4c127002f5b0b53661ce4495f89b7,https://spectrumfilaments.com/wp-content/uploads/2022/05/en_tds_spectrum_petg_premium.pdf
real,"Prints ""Glass transition temperature (° C) DSC, 10 ° C/min 68 ℃"" beside Vicat 78 and HDT 67; low for PETG but within copolyester range and near the sheet's own softening figures.",V005032,PETG,Eryone,Standard PETG,Glass transition temperature,68,°C,80,-8.1,21,Not applicable,unstated,R-ERYONE-eryone-petg-tds,"p. 1: Glass transition temperature (° C) DSC, 10 ° C/min ℃",b9122607f533a22748912e0e1b26e4dabb0305415e5aeecf1b19b4844e34fffe,https://file.globalso.com/file_manage/3828/20250630/eryone-petg-tds.pdf
wrong-condition,"Prints ""Impact Strength Izod (unnotched) ISO 180 35.0 kJ/m²"" in the ""Print direction Standard XY (Flat)"" column; credible, but the printed specimen is not recorded.",V010063,HIPS,BASF Forward AM,Ultrafuse HiPS,Izod impact strength,35,kJ/m²,10.5,8.1,3,Not applicable,unstated,R-BASF-Ultrafuse-HiPS-TDS-EN-v2-2,p. 3: Impact Strength Izod (unnotched) ISO 180,2dfebed51ecdabd25bba992af7934e8409cdd9fb432bc9326c8e6bda45e26338,https://move.forward-am.com/hubfs/AES%20Documentation/Support%20Filaments/HiPS/TDS/Ultrafuse_HiPS_TDS_EN_v2.2.pdf
implausible,"Prints ""Tensile modulus 67 MPa ISO 527"" beside ""Flexural modulus 2430 MPa"" and Tg 140 °C: a rigid polymer cannot be 36 times stiffer in bending than tension.",V007544,HIPS,Nanovia,Insublend,Tensile modulus,0.067,GPa,1.85,-8,6,Unstated,unstated,R-NANOVIA-Insublend,p. 1: Tensile modulus,3c4f70a472d232bf7338dd07b6a602ba47bd15088acc3a23309a56d9e636a7f7,https://nanovia.tech/en/ref/nanovia-insublend/
real,"Prints ""Vicat softening temperature ℃ 76 ISO 306"" for an 85A TPU; a softer TPU softens lower than the 95A grades that set the group median.",V009994,TPU,Siraya Tech,Flex TPU 85A,Vicat softening temperature,76,°C,98.5,-7.6,7,Not applicable,unstated,D-SIRAYA-siraya-tech-fibreheart-flex-tpu-85a-tds,p. 1: Vicat softening temperature ℃,1cc61799062f939461d9df45f64ce965cd96a761e095ee8342e5fdf03f79c0fd,https://siraya.tech/pages/siraya-tech-fibreheart-flex-tpu-85a-tds
real,"Prints ""Flexural strength ± 51.2 Mpa - -"" (no method) beside tensile yield 22 MPa and flexural modulus 2126 MPa; credible for a HIPS.",V009706,HIPS,FormFutura,EasyFil HIPS,Flexural strength,51.2,MPa,40,7.6,3,Unstated,unstated,S-PET-TDS-EasyFil-HIPS,p. 1: Flexural strength ±,72fca47af0197f1b839d7b2cee5a0ae96c9d6aa075a11739e68dcc77dc3248fc,https://formfutura.sharepoint.com/sites/downloads/Shared%20Documents/Downloads%20Server/Materials/Filaments/FormFutura%20Filaments/EasyFil%20HIPS/Data%20Sheets%20and%20Declarations/TDS%20-%20EasyFil%20HIPS.pdf
real,"Prints ""Tensile strength 23,0 MPa ISO 527"" beside modulus 1400 MPa and elongation 20%; credible for a fairly stiff PP. The group median comes from softer PP filaments.",V006033,PP,Fillamentum,PP 2320,Tensile strength (endpoint unspecified),23,MPa,12,7.4,6,Unstated,unstated,R-FILLAMENTUM-Technical-Data-Sheet-PP-2320,p. 1: Tensile strength,4886af2bb72ffe75cf0b6fe1375b52e414cad41b890ebeeef825c2a19c521acf,https://fillamentum.com/wp-content/uploads/2020/10/Technical-Data-Sheet_PP-2320.pdf
real,"Prints ""Elongation at break 16 % ISO 527-2 10 mm/min, 23 °C"" beside tensile strength 72 MPa and modulus 3600 MPa; credible for a recycled PA6 with carbon fibre, whose base is ductile.",V006061,PA6-CF,Fillamentum,Fishy Filaments’ 0rCA,Elongation at break,16,%,5,7.4,4,Unstated,unstated,R-FILLAMENTUM-TDS-Fishy-filament-OrCA-EN-20072023,p. 1: Elongation at break,7140e2d242e8706cb64f824a8925076d7758e1fc7a213fae0ba8efbda29f7298,https://fillamentum.com/wp-content/uploads/2023/07/TDS_Fishy-filament-OrCA_EN_20072023.pdf
real,"Prints ""Tensile Strength MPa 23~29 GB/T 1040.2-2006"" (elongation >80%); credible for PP. The group median comes from softer PP filaments.",V007025,PP,Yousu,PP,Tensile strength (endpoint unspecified),23,MPa,12,7.4,6,Unstated,unstated,R-YOUSU-YOUSU3DPPTDS-4872,p. 1: Tensile Strength MPa,7b37672b209c17f94699c98aea76c0bd7a0958def6490ab25c395a8adcec5097,https://ysfilament.com/u_file/2211/06/file/YOUSU3DPPTDS-4872.pdf
variant,"Prints ""Specific gravity ISO 1133 1.35 g/cc"" (tensile modulus 3800, flexural 4500 MPa): beyond unfilled PLA (≈1.24), so this matte PLA has an unnamed filler; Variant unset.",V008791,PLA,AzureFilm,PLA Matte (HS),Density,1350,kg/m³,1240,7.4,140,Not applicable,unstated,R-3DJAKE-3DJAKE-TDS-PLA-MATTE,p. 1: Specific gravity ISO 1133,28c843726cc412e951783d62afb582e3dd64e9f971237bd994fb77e6351e3d1c,https://3d.nice-cdn.com/upload/file/TDS_-_PLA_MATTE.pdf
real,"Prints ""HDT (0,45 MPa, “B”) 65 °C ISO 75-1""; credible for a carbon-fibre PLA, a few degrees above neat PLA. The z is large only because the group's spread is tight.",V010074,PLA-CF,3DJake,ecoPLA CF,HDT,65,°C,54,7.4,13,Not applicable,unstated,R-3DJAKE-TDS-3DJAKE-ecoPLA-CF,"p. 1: HDT (0,45 MPa, “B”)",397b771ace836476489b00947f3e03efef0e57e99a089e3f8fefc6b852764f61,https://3d.nice-cdn.com/upload/file/TDS_3DJAKE_ecoPLA-CF.pdf
real,"Prints ""Tensile Modulus ASTM D882 MPa 2300"" (yield 43 MPa at 5%); credible for a silk PLA. It sits low only against the film values in its group.",V010025,PLA,Fiberlogy,FiberSilk,Tensile modulus,2.3,GPa,3.4,-7.4,17,Unstated,other,R-FIBERLOGY-FIBERLOGY-FIBERSILK-TDS-201a07,p. 1: Tensile Modulus ASTM D882 MPa,201a0788624de7a7f7c1a70628630a658c1f4cc987e0999bab847d83e26a6b70,https://fiberlogy.com/app/uploads/2026/07/FIBERLOGY_FIBERSILK_TDS.pdf
implausible,"Prints ""Flexural strength 192 MPa ISO 178"" with ""Strain at flexural yield 1,4%"": that implies a 13.7 GPa modulus against its 2971 MPa, and three times its tensile yield.",V009535,PLA,FormFutura,High Precision PLA,Flexural strength,192,MPa,73,7.3,55,Unstated,unstated,S-PET-formfutura-tds-highprecisionpla,p. 1: Flexural strength,1959b261d7baa0ed050faa3a2d589ab6c2c4d0c51b5b1d246c96d0aabdbc7ea6,https://formfutura.sharepoint.com/sites/downloads/Shared%20Documents/Downloads%20Server/Materials/Filaments/FormFutura%20Filaments/High%20Precision%20PLA/Datasheets%20and%20declarations/formfutura-tds-highprecisionpla.pdf
wrong-condition,"Prints ""Notched Izod Impact [crystaline] 240 J/m D 256"" under ""Mechanical Properties*"" with ""* annealed""; value as printed, but the annealed (crystallised) state is not recorded.",V002788,PLA,Spectrum,Huracan PLA,Izod impact strength,240,J/m,35,7.3,19,Not applicable,unstated,S-SPECTRUM-en-tds-spectrum-pla-huracan,p. 1: Notched Izod Impact [crystaline],45c6c6fe967a6d68666f642fd00f422b563ee65ac7545767e0e31046deb9bcb8,https://spectrumfilaments.com/wp-content/uploads/2023/11/en_tds_spectrum_pla_huracan.pdf
real,"Prints ""IZOD Impact (Notched 72F) kJ/m 19.5 D256"" for a 95A TPU; a TPU that does not snap at a notch is credible, and nothing on the page contradicts it.",V009987,TPU,Siraya Tech,Flex TPU 95A,Izod impact strength,19.5,kJ/m²,4.4,7.3,5,Not applicable,unstated,D-SIRAYA-siraya-tech-fibreheart-flex-tpu-95a-tds,p. 1: IZOD Impact (Notched 72F) kJ/m2,0d062c210b61516f652a7b014ac22214575b6a7332c8eaf0cd840a5705803dcb,https://siraya.tech/pages/siraya-tech-fibreheart-flex-tpu-95a-tds
real,"Prints ""MFR (ISO 1133) 60 g/10min"" (condition not stated); credible for a free-flowing water-soluble PVA, and without a condition it is not comparable with the group.",V010223,PVA,Fabru,Polyvinyl alcohol (PVA),Melt mass-flow rate,60,g/10 min,7.2,7.3,9,Not applicable,unstated,R-FABRU-220-Material-data-sheet-PVA-purefil,p. 1: MFR (ISO 1133),8cab73a6937d63d90b32e4f2081e2a6f3201a8158f1bb718ad76ca6ee36e4710,https://cdn02.plentyone.com/pvdtyofq45f2/propertyItems/220%2FMaterial+data+sheet+PVA+purefil.pdf
real,"Prints ""Elongation at break 51 % ISO 527-2 10 mm/min, 23 °C"" (yield 59, break 48 MPa); credible for an unfilled recycled PA6.",V006012,PA6,Fillamentum,Fishy Filaments’ Porthcurno,Elongation at break,51,%,5.95,7.2,4,Unstated,unstated,R-FILLAMENTUM-TDS-Fishy-filament-Porthcurno-EN-06042023,p. 1: Elongation at break,0a262443cd0fc268d97516e654cef0e89fb7d3f34e546ff1e5ed059b6b18dd67,https://fillamentum.com/wp-content/uploads/2023/04/TDS_Fishy-filament-Porthcurno_EN_06042023.pdf
real,"Prints ""Melt index 240°C, 5 kg 13.9 g/10min""; credible for a CF-ASA at 240 °C/5 kg (the group mixes conditions).",V006478,ASA-CF,Polymaker,FIBERON ASA CF08,Melt mass-flow rate,13.9,g/10 min,4.3,7.2,9,Not applicable,unstated,R-POLYMAKER-FIBERON-TDS-FIBERON-ASA-CF08-V1-0-EN,"p. 1: Melt index 240°C, 5 kg",a14a5ae1c5ca6030b00a95bff124059fe0a2553b23d3cc2f84c3fcb2cde706ef,https://polymaker.com/wp-content/uploads/lana-downloads/TDS_FIBERON-ASA-CF08_V1.0_EN.pdf
real,"Prints ""Elastic modulus 12500 MPa ISO 527 (1)"" with 65 MPa at 0.5% break for a 10% CF PLA: self-consistent (secant ≈ 13 GPa) and within reach of fibres aligned by printing.",V003097,PLA-CF,Spectrum,PLA Carbon,Tensile modulus,12.5,GPa,4.3,7.2,3,Unstated,unstated,S-SPECTRUM-en-tds-spectrum-pla-carbon,p. 1: Elastic modulus,de5fa0f4262689e9f8a5cff81b5bfbd47d8b47ec9377549900709dc0e42ae091,https://spectrumfilaments.com/wp-content/uploads/2022/05/en_tds_spectrum_pla_carbon.pdf
wrong-condition,"Prints ""Impact Strength (notched Izod, 23C) ASTM D256 9.1 ft.lbf/in² 19.1 kJ/m²"" (credible for 95A TPU); ""All printed specimens were created using the TAZ5"" not recorded.",V006673,TPU,NinjaTek,Cheetah,Izod impact strength,19.1,kJ/m²,4.4,7.1,5,Not applicable,unstated,R-NINJATEK-Cheetah-TDS,"p. 1: Impact Strength (notched Izod, 23C) ASTM D256 9.1 ft.lbf/in2",18cd1628f0d225fedce8120808e70f6b3d81cfe31436c07722b0e1f4ee413f35,https://ninjatek.com/wp-content/uploads/Cheetah-TDS.pdf
wrong-condition,"Prints ""Notched Izod Impact [crystaline] 233 J/m D 256"" (amorphous: 160) with ""* 3D printed at 100% infill and annealed at 110°C/20 min, XY axis""; printed, annealed and XY not recorded.",V003113,PLA,Spectrum,PLA Pro,Izod impact strength,233,J/m,35,7,19,Not applicable,unstated,S-SPECTRUM-en-tds-spectrum-pla-pro,p. 1: Notched Izod Impact [crystaline],ea2acdbdfe69089289cd32978628bff823989248331107059a40c55396f2796d,https://spectrumfilaments.com/wp-content/uploads/2021/07/en_tds_spectrum_pla_pro.pdf
wrong-condition,"Prints ""Notched Izod Impact [crystaline] 233 J/m D 256"" (amorphous: 160) with ""* 3D printed at 100% infill and annealed at 110°C/20 min, XY axis""; printed, annealed and XY not recorded.",V008344,PLA,Spectrum,PLA Pro,Izod impact strength,233,J/m,35,7,19,Not applicable,unstated,S-SPECTRUM-EN-TDS-Spectrum-PLA-Pro-2,p. 1: Notched Izod Impact [crystaline],5d9d0458e3db37df0888b56de831a5a16a89e12e4aa612b2102fe8be8f02634b,https://3d.nice-cdn.com/upload/file/EN_TDS_Spectrum_PLA_Pro[2].pdf
wrong-condition,"Prints ""Melt flow rate 58 g/10min ISO 1133 260° C/5Kg""; value right, but the 260 °C/5 kg condition, which explains the high flow, is not recorded (Test temperature Not published).",V010019,PVA,FormFutura,Helios Support,Melt mass-flow rate,58,g/10 min,7.2,7,9,Not applicable,unstated,S-PET-TDS-Helios-Support,p. 1: Melt flow rate,19c37b448949ea8da007a2c21a698720dafdb850132fbafb9186d1f0fb534145,https://formfutura.sharepoint.com/sites/downloads/Shared%20Documents/Downloads%20Server/Materials/Filaments/FormFutura%20Filaments/Helios%20Support/Data%20Sheets%20and%20Declarations/TDS%20-%20Helios%20Support.pdf
wrong-condition,"Prints ""IZOD Impact Notched(X-Y) ISO180 23℃ KJ/m² 18.0952"" for a ""High toughness"" PLA; credible, but footnote [1] makes it a printed spline; not recorded.",V008593,PLA,SUNLU,PLA Classic,Izod impact strength,18.0952,kJ/m²,4.7,6.9,15,XY,unstated,R-SUNLU-PLA-Classic-TDS,p. 1: IZOD Impact Notched(X-Y) ISO180 23℃ KJ/m2,d140af2e6529276f85cd006714659be3ddbe3cff5c14b658fb10268f76b8ab53,https://3d.nice-cdn.com/upload/file/PLA_Classic-TDS.pdf
wrong-condition,"Prints ""Flexural Strength GB/T 9341 103 MPa"" (modulus 5003); credible, but p. 2 says values come from ""the injection molding spline test"", which is not recorded.",V006750,PLA-CF,eSUN,ePLA CF,Flexural strength,103,MPa,67.5,6.8,5,Unstated,unstated,S-PEBA-ePLA-CF-TDS,p. 1: Flexural Strength GB/T 9341,2e1393c7ac594c194ded636b99a2c889e6815a30e6e48060f1762dd160ba22c3,https://3d.nice-cdn.com/upload/file/ePLA-CF-TDS.pdf
real,"Prints ""Tensile Elongation at break 280%"" (yield 49 MPa); credible for a ductile PETG. The sheet's flexural lines (60 MPa modulus, 1170 MPa strength) are swapped, but this line is clean.",V008990,PETG,MatterHackers,Build Series PETG,Elongation at break,280,%,31,6.8,30,Unstated,unstated,R-MATTERHACKERS-PRO-SERIES-BBz11b,p. 1: Tensile Elongation at break,72b92b8c13a739ed453d4fc6c105ed98fc5fc9af46756b2c4286444b06bdc453,https://www.matterhackers.com/r/BBz11b
real,"Prints ""Tensile Elongation at Break 280% ISO 527"" (yield 49 MPa); credible for a ductile PETG.",V009134,PETG,MatterHackers,MH Build Series PETG,Elongation at break,280,%,31,6.8,30,Unstated,unstated,R-MATTERHACKERS-PRO-SERIES-HQsnRp,p. 1: Tensile Elongation at Break,f3325dc2cbd8b07199425d1b6f5912322284b2e377f79fa37017e0224f9551e9,https://www.matterhackers.com/r/HQsnRp
real,"Prints ""Melting Temperature 180 °C / 356 °F ISO 11357-3"" (Tg -35 °C); credible for a 45D copolyester elastomer, whose hard phase melts higher than softer TPCs.",V001694,TPC / TPEE,BASF Forward AM,Ultrafuse TPC 45D,Melting temperature,180,°C,160,6.7,3,Not applicable,unstated,S-TPC,p. 2: Melting temperature,43cf570387b2fcd59372e157e61930b1b56e36bd847fce3bc2f7992083eadea6,https://move.forward-am.com/hubfs/AES%20Documentation/Flexible%20Filaments/TPC%2045D/TDS/Ultrafuse_TPC_45D_TDS_EN_v2.3.pdf
wrong-condition,"Prints ""Heat Distortion Temperature 75-85°C E 2092"" under ""Thermal Properties*"" with ""* 3D printed at 100% infill and annealed at 110°C/20 min, XY axis""; printed and annealed not recorded.",V003114,PLA,Spectrum,PLA Pro,HDT,75,°C,55,6.7,94,Not applicable,unstated,S-SPECTRUM-en-tds-spectrum-pla-pro,p. 1: Heat Distortion Temperature,ea2acdbdfe69089289cd32978628bff823989248331107059a40c55396f2796d,https://spectrumfilaments.com/wp-content/uploads/2021/07/en_tds_spectrum_pla_pro.pdf
real,"Prints ""密度 Density ISO 1183 23℃ g/cm³ 1.15"" for a declared UL94 V-0 flame-retardant ABS; flame-retardant additives raise ABS to about this density.",V004699,ABS,SUNLU,ABS-FR,Density,1150,kg/m³,1050,6.7,41,Not applicable,unstated,R-SUNLU-48f9a499-b97a-4844-be4b-35ca349b5b64,p. 1: 密度 Density ISO 1183 23℃ g/cm3,9de5ef7245a90a97c871bbaad2ac061c22d82c77c9316df48a6a96fc87b47331,https://media.sunlu.com/prod/20260330/48f9a499-b97a-4844-be4b-35ca349b5b64.pdf?filename=TDS
real,"Prints ""Glass Transition Temperature ºC 70""; at the low end for PETG but within copolyester range, and nothing on the sheet contradicts it.",V005965,PETG,colorFabb,PETG Economy,Glass transition temperature,70,°C,80,-6.7,21,Not applicable,unstated,R-COLORFABB-colorFabb-PETG-Economy-TDS,p. 1: Glass Transition Temperature °C,c3eadd1436d6d75abb3640ef099ae94dc1f6af637dacc8edecb2e0fceed6ab93,https://ninjatek.com/wp-content/uploads/colorFabb_PETG_Economy_TDS.pdf
real,"Prints ""Material density 1.00-1.22 g/cm³ ISO 1183"" for a TPU from ""100% recycled sources""; the row keeps 1.00 with 1.22 as upper bound, as printed.",V007286,TPU,Recreus,RECIFLEX,Density,1000,kg/m³,1200,-6.7,52,Not applicable,unstated,R-RECREUS-FILAFLEX-Reciflex,p. 1: Material density,cd9164250bcce43d5937e01ce2ae19d24ff094962f32e3c6137afe83ea19eaf0,https://drive.google.com/file/d/1JiQdkxurnYcHe0WIYoOyc2kaiKw_uogh/view?usp=drive_link
wrong-condition,"Prints ""Heat Distortion Temperature 75-85°C E 2092"" under ""Thermal Properties*"" with ""* 3D printed at 100% infill and annealed at 110°C/20 min, XY axis""; printed and annealed not recorded.",V008345,PLA,Spectrum,PLA Pro,HDT,75,°C,55,6.7,94,Not applicable,unstated,S-SPECTRUM-EN-TDS-Spectrum-PLA-Pro-2,p. 1: Heat Distortion Temperature,5d9d0458e3db37df0888b56de831a5a16a89e12e4aa612b2102fe8be8f02634b,https://3d.nice-cdn.com/upload/file/EN_TDS_Spectrum_PLA_Pro[2].pdf
real,"Prints ""Glass transition DSC – °C 90"" beside Vicat 85 °C and HDT 70/64 °C; high-end for PETG but consistent with its own softening figures. The page's text names the product ""Buddy3D PET-G"".",V008405,PETG,Prusa Research,PET-G,Glass transition temperature,90,°C,80,6.7,21,Not applicable,unstated,S-PVB-technisches-datenblatt-3,p. 2: Glass transition DSC – °C,856a4eeb51955724cb28c49b7853f1f17a91aa8a9ae40e82ccfaa8f3edbb068d,https://3d.nice-cdn.com/upload/file/technisches-datenblatt_3_.pdf
real,"Prints ""Material density 1.00-1.22 g/cm³ ISO 1183"" for a TPU from ""100% recycled sources""; the row keeps 1.00 with 1.22 as upper bound, as printed.",V008732,TPU,Recreus,RECIFLEX,Density,1000,kg/m³,1200,-6.7,52,Not applicable,unstated,R-RECREUS-RECIFLEX-TECHNICAL-DATA-SHEET-TDS-2021,p. 1: Material density,fc6fac2130c915578aa4d5a3704e7c444e1461a81355bab4ac22b628c440e687,https://3d.nice-cdn.com/upload/file/RECIFLEX_TECHNICAL_DATA_SHEET_TDS_2021.pdf
implausible,"Prints ""Heat deflection temp. HDT/A 75-80°C"" (1.8 MPa) for a PLA: 20 °C above PLA's Tg, reachable only by a crystallised part; the sheet gives an annealing recipe but does not tie the value to it.",V008746,PLA,MatterHackers,Tough PLA,HDT,75,°C,55,6.7,94,Not applicable,unstated,R-MATTERHACKERS-PRO-SERIES-8AWUF9,p. 1: Heat deflection temp. HDT/A,0bc1547b4a32238fb4c7279753594cf3915c98cde7ce7208b3270553eb52b830,https://www.matterhackers.com/r/8AWUF9
real,"Prints ""Elongation at Break 58,00% D 638""; credible for a PETG blend. (Its ""Tensile Stress at Yield 26 MPa"" beside break 48 MPa repeats the Spectrum template flagged elsewhere.)",V006249,PETG-ESD,Spectrum,petg esd,Elongation at break,58,%,9,6.7,4,Unstated,unstated,S-SPECTRUM-EN-TDS-Spectrum-PETG-ESD,p. 1: Elongation at Break,249758e169e5d5124ca9129503ba19ed08499cc56ad454c28c0cde018e0f5e69,https://3d.nice-cdn.com/upload/file/EN_TDS_Spectrum_PETG_ESD.pdf
wrong-condition,"Prints ""Equilibrium water absorption (%)= 0.22%"" under the curve ""70% RH, 23°C"": an equilibrium value at 70% RH, not a 24 h immersion one; no condition recorded.",V003882,PC,Polymaker,Polymaker PolyMax PC FR,Water absorption,0.22,%,0.25,-6.7,6,Not applicable,unstated,S-POLYCN-TDS-Polymaker-PolyMax-PC-FR-V5-5-2026-01-06-EN,p. 1: Equilibrium water absorption (%)=,cbb2c4d96e941bce72b511f55290ceeaf26aa7c062c7afb77708bf0681215863,https://polymaker.com/wp-content/uploads/TDS_Polymaker_PolyMax-PC-FR_V5.5_2026-01-06_EN.pdf
real,"Prints ""Impact Strength, Notched (ISO 179) 40 kJ/m²"" for an ABS with tensile modulus 1400 MPa; credible for a high-impact ABS.",V006759,ABS,BigRep,ABS,Charpy strength,40,kJ/m²,20.015,6.7,8,Not applicable,unstated,R-BIGREP-EamZRWAunoxKoIYZCacNr0YBllxjtWjQ2wi-t2bk8dMrZQ,"p. 1: Impact Strength, Notched (ISO 179)",3042d6a49381cc5a6a8b2a68f97e61aac2ed09b0c9852c7c57e0fb6c2546546e,https://bigrepgmbh.sharepoint.com/:b:/g/EamZRWAunoxKoIYZCacNr0YBllxjtWjQ2wi-t2bk8dMrZQ?e=hnnAF5
wrong-condition,"Prints ""Tensile Strength(X-Y) ISO527/2 50mm/min 54 MPa""; credible, but footnote [1] ""Test the spline printing ... Fill 100%"" makes it printed; not recorded.",V008540,ABS-GF,SUNLU,ABS-GF,Tensile strength (endpoint unspecified),54,MPa,37.2,6.7,3,XY,unstated,R-SUNLU-ABS-GF-TDS,p. 1: Tensile Strength(X-Y) ISO527/2 50mm/min MPa,c3b7ec6fb0875c943c690979ade2b637ffb580293205cb3cae004575948682d6,https://3d.nice-cdn.com/upload/file/ABS-GF_TDS.pdf
wrong-condition,"Prints ""Tensile strength X-Y 50mm/min GB/T 1040.4 MPa 15.68"" under ""Mechanical Properties of Printed Samples""; printed not recorded. Low for ABS, beside a 217 MPa modulus.",V005136,ABS,Eryone,Hyper -Speed ABS,Tensile strength (endpoint unspecified),15.68,MPa,33.4,-6.6,11,XY,unstated,R-ERYONE-file-manager-downLoad-path-file-manage-3828-20250903-eryone--fbbd78,p. 2: Tensile strength X-Y 50mm/min GB/T 1040.4 MPa,fbbd78d14bbb59d010d609a96c92fa13da80ea45199100a8133d927df4a111f3,https://hub.globalso.com/b/file_manager_downLoad?path=/file_manage/3828/20250903/eryone-abs-hs-tds.pdf
implausible,"Prints ""Tensile Strength ISO 527 MPa 78"" (bending strength 79) for a matte PETG: about 50% above a PETG's tensile strength (the maker's plain PETG sheet prints 55), and no filler is declared.",V007966,PETG,SIDDAMENT,PETG Matte,Tensile strength (endpoint unspecified),78,MPa,52.6,6.6,15,Unstated,unstated,S-PCGF-PETG-Matte-TDS-Siddament,p. 1: Tensile Strength ISO 527 MPa,996e93039bc14988b45a69c5f5764789f9269c21e5ee3255604cff701351ad83,https://cdn.shopify.com/s/files/1/0685/9168/1815/files/PETG_Matte_TDS_Siddament.pdf?v=1747543225
real,"Data table prints ""Vicat softening temperature (°C) ... Silk 64.7"" (ISO 306); credible for a PLA-based silk filament.",V001914,PLA Silk,Polymaker,Panchroma Silk PLA,Vicat softening temperature,64.7,°C,55,6.5,8,Not applicable,unstated,R-POLYMAKER-PANCHROMA-TDS-V2-1,"Data table, Silk: Vicat softening temperature",12015f8e82a3420ed806e90c8c730645accda3fcc37f6b51f907e0574ff3c895,https://polymaker.com/wp-content/uploads/Panchroma_TDS_V2.1.pdf
real,"Prints ""Hardness (Shore A, 3 s) 63 — ISO 7619-1"" for Recreus ""60A"" (elongation 950%, stress at 100% 2,5 MPa); the hardness the product is named for, credible for an ultra-soft TPU.",V007267,TPU,Recreus,60A,Hardness,63,Shore A,92,-6.5,30,Not applicable,unstated,R-RECREUS-FILAFLEX-Filaflex-60A,"p. 2: Hardness (Shore A, 3 s)",cb1a4af75ad514ac04edfb4e310ed36ae9f41fdaefd91e6b4091bc6d290ed4ee,https://drive.google.com/file/d/1Kg17vN06TGPGLvABXIf5wUkYe2c0IHIA/view
wrong-condition,"Prints ""Density GB/T 1033 0.7 g/cm³"" from ""the injection molding spline test"" (p. 2), not recorded. Also a declared foamed PLA (""active foaming technology""): Variant unset.",V009165,PLA Wood,eSUN,Wood,Density,700,kg/m³,1200,-6.5,14,Not applicable,unstated,S-PEBA-eSUN-Wood-Filament-TDS-V4-0,p. 1: Density GB/T 1033,1846b02b70ef2e32452763c330aec3c6e235d2d5b70198bb7d82ba19cd1d6196,https://www.esun3d.com/media/esun/catalog/certification/product/PLA-Wood/eSUN_Wood_Filament_TDS_V4.0.pdf
wrong-condition,"Prints ""Elongation at break(X-Y) ISO527/2 50mm/min % 12""; footnote [1] makes it a printed spline, not recorded. Tg 99 °C and Tm 190 °C on the sheet do not read as PA12.",V008192,PA12-CF,SUNLU,PA12-CF,Elongation at break,12,%,4,6.3,4,XY,unstated,R-SUNLU-PA12-CF-TDS,p. 1: Elongation at break(X-Y) ISO527/2 50mm/min %,055519eef178c1845704d555d4dd99620b4a5b5a36c9d79dce2186c67ea0ed68,https://3d.nice-cdn.com/upload/file/PA12-CF-TDS.pdf
wrong-condition,"Prints ""Elongation at break (X-Y) 27.8 ± 2.4 %"" (tensile 23.2 MPa); credible, but ""HOW TO MAKE SPECIMENS"" (printed, 100% infill) is not recorded.",V003863,PLA,Polymaker,PolyTerra PLA,Elongation at break,27.8,%,6.3,6.3,35,XY,unstated,S-POLYCN-TDS-PolyTerra-PLA-V6-0-2026-06-08-EN,p. 1: Elongation at break (X-Y),c67a4bd6f41a85b5f633e09facbfe76480fe626fadf3c68616104b99a4b93b97,https://polymaker.com/wp-content/uploads/TDS_PolyTerra_PLA_V6.0_2026-06-08_EN.pdf
real,"Prints ""Glass Transition Temperature (Tg) DSC °C 137""; credible as the PC-phase transition of a PC/ABS blend (HDT 0.45 MPa 126 °C on the same sheet).",V001553,PC-ABS,3DXTECH,3DXMAX PCABS,Glass transition temperature,137,°C,109,6.3,3,Not applicable,printed,X-3DXMAX-PCABS-TDS-v3,p. 1: Glass Transition Temperature (Tg),2f1bbd6de32a6e9a4a24e1ef7c61d0ebfb39c410faf73fe7be2178a0bf39de05,https://cdn.shopify.com/s/files/1/0625/4185/6821/files/3DXMAX_PCABS_TDS_v3.pdf?v=1723942764
wrong-condition,"Prints ""Elongation at break(X-Y) ISO527/2 50mm/min % 27.50"" for a ""High toughness"" PLA; credible, but footnote [1] makes it a printed spline; not recorded.",V008590,PLA,SUNLU,PLA Classic,Elongation at break,27.5,%,6.3,6.2,35,XY,unstated,R-SUNLU-PLA-Classic-TDS,p. 1: Elongation at break(X-Y) ISO527/2 50mm/min %,d140af2e6529276f85cd006714659be3ddbe3cff5c14b658fb10268f76b8ab53,https://3d.nice-cdn.com/upload/file/PLA_Classic-TDS.pdf
real,"Prints ""Melt Flow Rate (MFR) (280℃/5Kg) ISO 1133 g/10min 35~40""; credible for a CF-PPA at 280 °C/5 kg (the group mixes conditions).",V005235,PPA-CF,Flashforge,PPA-CF,Melt mass-flow rate,35,g/10 min,11,6.2,3,Not applicable,unstated,D-FLASH-PPA-CF-TDS-EN,p. 1: Melt Flow Rate (MFR) (280℃/5Kg) ISO 1133 g/10min,403113302f1a5401ba2e680e2131069c971610eb3d3170718a536029eb8a6813,https://after-support.flashforge.jp/uploads/datasheet/tds/PPA_CF_TDS_EN.pdf
real,"Prints ""Crystallization temperature DSC, 10°C/min 77.21°C"" (Tg 59.8, Tm 177.23); a low cold-crystallisation peak is credible for a fast-crystallising HT PLA.",V003527,PLA,Polymaker,Polymaker HT PLA,Crystallization temperature,77.21,°C,111.25,-6.1,6,Not applicable,unstated,S-POLYCN-Polymaker-HT-PLA-TDS-EN-V1-1,"p. 3: Crystallization temperature DSC, 10°C/min",442547e8f1a407bd82b3b2d14e3e8a674f18928e5ced0dbc4f65f30a46f07fbb,https://cdn.shopify.com/s/files/1/0548/7299/7945/files/Polymaker_HT-PLA_TDS_EN_V1.1.pdf?v=1746635222
real,"Prints ""Crystallization temperature DSC, 10°C/min 77.21°C"" (another edition of the same sheet); a low cold-crystallisation peak is credible for a fast-crystallising HT PLA.",V003571,PLA,Polymaker,Polymaker HT PLA,Crystallization temperature,77.21,°C,111.25,-6.1,6,Not applicable,unstated,S-POLYCN-Polymaker-HT-PLA-TDS-EN-V1-0,"p. 3: Crystallization temperature DSC, 10°C/min",4bf0dcd61bd4732caac2243535fc361f4c13ec0f123025ecae723737b8d27f4c,https://3d.nice-cdn.com/upload/file/Polymaker_HT-PLA_TDS_EN_V1.0.pdf
real,"Prints ""Yield stress (ISO 527-2/50) 54 MPa"" (modulus 2540 MPa) for a transparent MABS; a credible yield stress for a methacrylate-ABS.",V005679,ABS,Fabru / purefil,Methylmethacrylat-Acrylnitrilbutadienstyrol (MABS),Tensile yield strength,54,MPa,44.9769,6.1,10,Unstated,unstated,R-FABRU-PUREFIL-88-material-data-sheet-MABS-purefil,p. 1: Yield stress (ISO 527-2/50),c238718e58c7e92b0198d63b9e80f49fb487c4fbf72cb6de34f8cb21a8a8cda5,https://cdn02.plentyone.com/pvdtyofq45f2/propertyItems/88%2Fmaterial+data+sheet+MABS+purefil.pdf
real,"Prints ""Elongation at Yield 7,00% D 638"" (yield 43 MPa, break 210%) for a tough ""co-polyester""; a credible yield strain for a ductile copolyester.",V002847,PETG,Spectrum,PET-G HT100,Elongation at yield,7,%,4.3,6.1,16,Unstated,unstated,S-SPECTRUM-en-tds-spectrum-petg-ht100,p. 1: Elongation at Yield,596df17233fa8273c74c0bd8da1b7e154bdf8fbb1760b6b9f4379976bf600df1,https://spectrumfilaments.com/wp-content/uploads/2022/05/en_tds_spectrum_petg_ht100.pdf
real,"Page image prints ""Elongation @ Yield ISO 527 % 7"" (yield 44 MPa); a credible yield strain for a matte copolyester.",V010548,PETG,Fiberlogy,MATTE PET-G,Elongation at yield,7,%,4.3,6.1,16,Unstated,unstated,R-FIBERLOGY-FIBERLOGY-MATTEPETG-TDS,p. 1: Elongation @ Yield ISO 527 %,3bfa1a6ad0fb6f0319615b45550482b7123d1b3856d87405be64bdea86c9aaa5,https://fiberlogy.com/app/uploads/2026/05/FIBERLOGY_MATTEPETG_TDS.pdf
real,"Page image (2024 edition) prints ""Elongation @ Yield ISO 527 % 7"" (yield 44 MPa); a credible yield strain for a matte copolyester.",V010921,PETG,Fiberlogy,MATTE PET-G,Elongation at yield,7,%,4.3,6.1,16,Unstated,unstated,R-FIBERLOGY-FIBERLOGY-MATTE-PET-G-TDS,p. 1: Elongation @ Yield ISO 527 %,c9f53cd2624a184f1a4d80286d8a6796b3aeae8353299be92e23d3ace5612b66,https://3d.nice-cdn.com/upload/file/FIBERLOGY_MATTE_PET_G_TDS.pdf
real,"Prints ""Density ISO1183 23℃ g/cm³ 1.15""; below neat PC (≈1.20), but the same sheet's HDT (101 °C) also reads as a PC blend rather than neat PC; filing under PC may be wrong.",V008722,PC,SUNLU,PC,Density,1150,kg/m³,1195,-6.1,18,Not applicable,unstated,R-SUNLU-PC-TDS,p. 1: Density ISO1183 23℃ g/cm3,f551442b713b1eb1b07cd77d0072bf53404bd0f5a7551ba48309d6de07d5ca64,https://3d.nice-cdn.com/upload/file/PC-TDS.pdf
wrong-condition,"Prints ""Flexural Strength(X-Y) ISO178 2mm/min MPa 245"" (20% CF); credible, but footnote [1] ""Test the spline printing ... Fill 100%"" makes it printed; not recorded.",V008615,PA6-CF,SUNLU,PA6-CF,Flexural strength,245,MPa,150.5,6.1,4,XY,unstated,R-SUNLU-PA6-CF-TDS,p. 1: Flexural Strength(X-Y) ISO178 2mm/min MPa,d950c78f73414d4b0e058ee182c368a15942cc93df98b996c2608d7506411a9d,https://3d.nice-cdn.com/upload/file/PA6-CF-TDS.pdf
wrong-condition,"Prints ""Tensile Strength GB/T 1040 29.2 MPa"" (elongation 4.2%); p. 2 says values come from ""the injection molding spline test"", not recorded. Low even for a moulded PETG.",V007069,PETG,eSUN,PETG HS,Tensile strength (endpoint unspecified),29.2,MPa,52.6,-6.1,15,Unstated,unstated,S-PEBA-eSUN-PETG-HS-Filament-TDS-V1-0-1,p. 1: Tensile Strength GB/T 1040,8eb2b6ebdf1fda72bf8fb70f200982cc5b63c06637e489eff073eb74861ca75f,https://3d.nice-cdn.com/upload/file/eSUN_PETG_HS_Filament_TDS_V1.0_1_.pdf
