ID,Workstream,Class,Severity,Title,Status,Commits,Resolution,Evidence,Repro
A-01,A,defect,Medium,"Table rounds a constrained value across the requirement's threshold, so the displayed number contradicts the verdict",fixed,6518292,Digits keep a value on its own side of a threshold (fmtAgainst),"I5: 300 violations in 174,159 displayed-value checks (seed 1, 3000 scenarios), across all six numeric headlines. Examples: PC price 50.99 shows ""51"" and is PASS for price < 51 (Strict, default view); PLA Basic/PLA Matte 27.99 show ""28"" PASS for <= 27.99; PC-PBT HDT 107.4 shows ""107"" PASS for > 107.2; PLA Lite strength 53.05 shows ""53"" for > 53; PCTG modulus 1.755 shows ""1.75"" PASS for > 1.75; ASA-GF modulus 2.758 shows ""2.76"" FAIL for >= 2.76; PET-CF price 115.98 shows ""116"" FAIL for >= 116. Root cause: fmtNumber (app/js/ui/format.js:9-20) rounds 1-10 to 2 decimals, 10-100 to 1 decimal and 100-1000 to an integer (toFixed, so 1.755 becomes 1.75); renderValue (format.js:88) and the table cell (app/js/ui/table.js:178 price, :185 headlines) show that text, while compareInterval (app/js/engine/constraints.js:43) decides on the unrounded value. The requirement pill (labels.js:88, 4 decimals) never caused a crossing (I5-rounding-pill 0).","Price 'less than' 51 in the Cost group, Strict. Link: file:///Users/farid/Documents/h2c-materials-csv-source/dist/H2C_Material_Selector_2026-09-13.html#%7B%22c%22%3A%5B%7B%22kind%22%3A%22numeric%22%2C%22property%22%3A%22priceCADkg%22%2C%22operator%22%3A%22%3C%22%2C%22value%22%3A51%2C%22mandatory%22%3Atrue%7D%5D%2C%22u%22%3A%22strict%22%2C%22l%22%3A%22table%22%7D : the PC row reads PASS with price 51. More in violations.jsonl (invariant I5-rounding)."
A-02,A,defect,Medium,A scenario assumption is reported as 'Published' by the engine and drawn on the Ashby chart as a measured point that can join the Pareto front,fixed,6518292,Assumed wording; faint point; never on the front,"I6-reason-assumption: 162 violations; I4-assumption-point: 233. Root cause: applyAssumptions (app/js/engine/scenario.js:171) writes the assumed value as headline {known: true, origin: 'assumption'}; evaluateNumeric builds the reason 'Published <value> <unit>' for every known headline without checking h.assumption (app/js/engine/constraints.js:149), and that reason reaches the drawer, the exclusion list and the CSV export 'Failed' / 'Could not be checked' columns; headlinePoints (app/js/ui/ashby.js:267) plots any known headline, the front is computed over those points (ashby.js:391), and the hover template (ashby.js:470-472) has no assumption marker. The table does mark it (table.js:129 'assumed' chip, format.js v-assumed). Assumptions only arrive through a link or a loaded scenario file; the UI has no control that creates them. Confirmed in the page: BVOH with an assumed modulus of 9 GPa is a solid point at (1140, 9) and a vertex of the Pareto front.","file:///Users/farid/Documents/h2c-materials-csv-source/dist/H2C_Material_Selector_2026-09-13.html#%7B%22c%22%3A%5B%7B%22kind%22%3A%22gate%22%2C%22gate%22%3A%22scope%22%7D%5D%2C%22u%22%3A%22exploration%22%2C%22l%22%3A%22ashby%22%2C%22p%22%3A%7B%22x%22%3A%22density%22%2C%22y%22%3A%22tensileModulusXY%22%2C%22xLog%22%3Afalse%2C%22yLog%22%3Afalse%2C%22showEstimates%22%3Atrue%7D%2C%22a%22%3A%5B%7B%22materialId%22%3A%22M076%22%2C%22property%22%3A%22tensileModulusXY%22%2C%22value%22%3A9%2C%22unit%22%3A%22GPa%22%7D%5D%7D (the plot div's data: M076 at 1140, 9 and on the 'Pareto front' trace)"
A-03,A,defect,Low,"A wildcard assumption overrides a 'not applicable' headline, and an assumption without a unit prints 'undefined' in the reason",fixed,6518292,Never overrides not applicable; headline unit,"Root cause: applyAssumptions skips only known headlines (app/js/engine/scenario.js:169), so materialId '*' also replaces headlines marked notApplicable (for example HDT of an elastomer), which then pass a heat requirement in Strict; validateScenario (scenario.js:97-102) requires material, property and value but not unit, and the reason becomes 'Published 150 undefined' (constraints.js:149 uses h.unit). Seen in the fuzz: 4 of the capped examples read 'Published 3.66234 undefined'. Node and page check: {'*', hdt045, 150} makes TPU for AMS PASS hdt045 >= 100 in Strict, shown with HDT 150 and an 'assumed' chip in place of 'n/a'. Link or file only.","file:///Users/farid/Documents/h2c-materials-csv-source/dist/H2C_Material_Selector_2026-09-13.html#%7B%22c%22%3A%5B%7B%22kind%22%3A%22numeric%22%2C%22property%22%3A%22hdt045%22%2C%22operator%22%3A%22%3E%3D%22%2C%22value%22%3A100%2C%22mandatory%22%3Atrue%7D%5D%2C%22u%22%3A%22strict%22%2C%22l%22%3A%22table%22%2C%22a%22%3A%5B%7B%22materialId%22%3A%22*%22%2C%22property%22%3A%22hdt045%22%2C%22value%22%3A150%7D%5D%7D (TPU for AMS: PASS, HDT 150, assumed)"
A-04,A,defect,Medium,Every Ashby render leaks a Plotly plot and a window resize listener; the page slows and its heap grows with each filter change on the chart,fixed,534c9ca,One resize listener; heap flat over 800 renders (was 569 MB),"No Plotly.purge anywhere in app/js; drawPlot calls Plotly.newPlot(gd, ..., {responsive: true}) (app/js/ui/ashby.js:653-654) on a fresh #plot div each render, and renderAshby replaces the host with innerHTML (ashby.js:137) without purging the old one, so Plotly's window 'resize' handler keeps each detached plot alive. Measured in headless Chrome (scratch leak probe, Strict/Explore toggled on the Ashby lens, GC forced before each sample): window resize listeners 2 -> 204 -> 606 -> 1408 and JS heap 14 -> 96 -> 254 -> 569 MB after 200, 400 and 800 renders. In the fuzz, tabs that were never reloaded saw the in-app scenario load grow from about 17 ms (first 20 scenarios) to an average of 156 ms over a 3000-scenario run; the harness now reloads each tab every 40 imports (--recycle).","Open the Ashby lens, click Include uncertain / Confirmed only a few hundred times, then check getEventListeners(window).resize.length in DevTools (grows by one per render)."
A-05,A,defect,Low,"Two numeric requirements on one property (from a link or file) show as one in the filter rail; editing or clearing that control silently drops both, and the chart draws only the first threshold",fixed,6518292,Second requirement on a property left out with a warning,"I9-rail: 2096 cases in 16,812 rail checks (generator adds same-property pairs, e.g. strength >= 105.858 and <= 46.95; the rail shows only '>= 105.858'). Root cause: renderFilters finds the first constraint per property (app/js/ui/filters.js:152) while the group badge counts both (filters.js:66); upsertNumeric and the clear button drop every constraint on the property (filters.js:336, :353); the Ashby overlay uses the first mandatory one (app/js/ui/ashby.js:512). validateScenario accepts duplicates without a warning (app/js/engine/scenario.js:66-80). The engine itself evaluates both correctly (I1/I8 clean). The rail cannot create such a pair.",file:///Users/farid/Documents/h2c-materials-csv-source/dist/H2C_Material_Selector_2026-09-13.html#%7B%22c%22%3A%5B%7B%22kind%22%3A%22numeric%22%2C%22property%22%3A%22hdt045%22%2C%22operator%22%3A%22%3E%3D%22%2C%22value%22%3A80%2C%22mandatory%22%3Atrue%7D%2C%7B%22kind%22%3A%22numeric%22%2C%22property%22%3A%22hdt045%22%2C%22operator%22%3A%22%3C%3D%22%2C%22value%22%3A120%2C%22mandatory%22%3Atrue%7D%5D%2C%22u%22%3A%22strict%22%2C%22l%22%3A%22ashby%22%2C%22p%22%3A%7B%22x%22%3A%22density%22%2C%22y%22%3A%22hdt045%22%7D%7D (rail: one HDT control at 80; badge 2; one threshold line)
A-06,A,note,Low,"Link and file scenarios accept requirement shapes the rail cannot produce, and they are applied without a warning",fixed,6518292,Unevaluable requirements left out with a warning,"Generated at 3% (unknown property 'notAHeadline', unknown gate 'warp', h2cStatus or reinforcement with an empty 'in' list, thresholds 0, -1, 1e9, 1e-9): no page error, no bad token, and page and engine agree. But validateScenario (app/js/engine/scenario.js:69-80) checks only types, so an unknown property makes every material UNKNOWN 'Not published in the sampled sources' (constraints.js:130-137), an unknown gate reports 'No print profile recorded' (constraints.js:263-265), and an empty 'in' list FAILs every material. A typo in a hand-edited link reads as a data gap.","Any link with {""kind"":""numeric"",""property"":""notAHeadline"",...} or {""kind"":""gate"",""gate"":""warp""}."
A-07,A,note,Low,No hashchange handling: a different scenario link opened in an already-open tab does not change the view until a reload,fixed,6518292,hashchange applies a pasted link,"grep: no 'hashchange' listener in app/js; main.js reads location.hash once at start-up (app/js/main.js:634). A navigation that changes only the fragment does not reload the page, so pasting another shared link into the same tab's address bar leaves the old selection on screen. For the harness this meant a full page load per scenario: about 360 ms on one tab, 540-890 ms each with 6-10 parallel tabs, against 17-210 ms through the in-app 'Load a saved scenario' path, which the harness uses for 80% of scenarios instead.","Open any shared link, then edit the fragment in the address bar and press Enter: nothing changes."
A-08,A,note,Info,"Page and engine agree on every other invariant over 3000 scenarios (26,198 readings, 3.35 M checks)",note,,No disagreement between page and engine,"Zero violations for: I1 table material set, verdict chips, screened chips and the search-excluded group; I2 count text, status chips and the results header; I3 Strict identical with the estimates switch on and off, no estimate marks in Strict or with estimates off; I4 plotted points, coordinates, hover verdicts, envelopes, Pareto front (eligible only), legend counts, estimate sentences and axis-picker counts; I6 page exceptions, dialogs, NaN/undefined/null/[object Object] in the lens, empty reasons; I7 164 link round trips; I8 Strict within Explore+estimates within Explore without, and 1,434 added-mandatory-requirement pairs. The harness was checked against itself by mutating the oracle (FZ_MUTATE=rows / value): the row, count, point, coordinate and front checks all fire.",node docs/audits/2026-09-15-filtering-estimates-data/ui-fuzz/ui-fuzz.mjs --n 3000 --seed 1 --tabs 10
B-01,B-physics,defect,high,"Implied lower bounds include ASTM D882 film strengths, so PLA is never screened for tensile strength up to 144.7 MPa",fixed,c50a00e,Film and filament never bound a printed headline,"build/src/compile.js impliedBounds() filters out only ""Raw material"" specimens. M001 PLA carries V000039 (110.3 MPa, film MD) and V002179 (144.7 MPa, film TD), I-PLA-TDS p. 1, Specimen type ""Film specimen (ASTM D882)"". estimates.js excludes /^Film/ from the model, but the engine veto still reads them: PLA estimate 48.8-65.2 MPa (plausible 46.9-67.8) is vetoed for every requirement tensileStrengthXY >= 68 ... 144.7 MPa (33 thresholds). Printed PLA XY cannot exceed ~75 MPa; biaxially oriented film is 2-3x stronger than a printed bar.","node docs/audits/2026-09-15-filtering-estimates-data/physics/physics-check.mjs; then filter physics-findings.csv on check C8-implied-bound-not-a-bound and D1-explore-kept-envelope-fails (M001 tensileStrengthXY); node -e ""const d=require('./dist/db.json');console.log(d.materials.find(m=>m.id==='M001').headline.tensileStrengthXY.impliedBounds)"""
B-02,B-physics,policy,medium,Implied bounds come from specimen-not-stated values and from the top of a +/- SD interval,fixed,7bc880d,Bounds from printed specimens at the published value,"49 bounds rest on ""Not published (do not assume printed)"" specimens, which on filament sheets are frequently moulded: M053 PA12-CF V001002 125 MPa (Spectrum PA12-CF15, 125 MPa / 8 GPa / 5 %, a moulded-compound profile) vetoes screens for >= 95-125 MPa although printed PA12-CF XY is 70-90 MPa (V000965 72, V000982 71.6); M045 PEBA V000839 30, V001892 32.8, V001894 32.3 MPa (GB/T 1040, ISO 37 rubber dumbbells) sit above the PEBA estimate 16.8-23.1; M049 V000919 78, M085 V001517 29, M086 V001685/V001687. 32 bounds use interval.hi: M052 PA12 V002012 elongation 30 % with SD 23 becomes a lower bound of 53 %. The code comment says moulded values are not bounds; unknown specimens are treated as printed, contradicting D35 ""do not assume printed"".","node docs/audits/2026-09-15-filtering-estimates-data/physics/physics-check.mjs; then filter physics-findings.csv on check C8-implied-bound-not-a-bound, C5-likely-range-below-implied-bound"
B-03,B-physics,defect,high,"Z-direction rows coded as direction ""unknown"" (locator names Z)",fixed,6cc6074,m20: 18 Z directions,"18 rows whose locator reads ""... Z"": S-PPA-TDS p. 1 (M069 PPA) V001291, V001293, V001295, V001297, V001299, V001301; D-IPCON-PPA p. 1 (M071 PPA-GF) V001328, V001330, V001332, V001334, V001336, V001338; S-PPSGF-TDS-0 p. 1 (M074 PPS-GF) V001380, V001382, V001384, V001386, V001388, V001390. Re-read: S-PPA-TDS prints ""Tensile Strength Z ... 40 MPa"". Ambiguous X-Z labels also coded unknown: R-ERYONE-PETG-GF-TDS Part III V001973 (25.1 MPa vs XY 53.6), V001974, V001975; M034 ASA-GF V002205, V002206, V002208 (behave as upright bars). These feed B-04.","node docs/audits/2026-09-15-filtering-estimates-data/physics/physics-check.mjs; then filter physics-findings.csv on check A14-direction-in-locator-not-coded, A14b-xz-label-ambiguous"
B-04,B-physics,defect,high,"""Direction unstated"" conversions are learned from those Z rows and inflate XY estimates by 1.35-1.6x",fixed,6cc6074 740216b,Z rows recoded; unknown-direction offsets capped at documented,"meta.estimateModel fitted offsets (log): tensileStrengthXY ""ultimate unk"" +0.439 (documented +0.1; 5 of its 6 pairs are the Z rows of B-03), tensileModulusXY ""tensile unk"" +0.309 and ""flexural unk"" +0.44 (documented 0), elongationXY ""break unk"" +0.464 (documented 0), flexural strength ""flexural unk"" -0.06 vs -0.55 for XY. Physically a filament-sheet value without a direction is an XY or a moulded bar, both >= the printed XY value, so the offset should be <= 0. Inflated estimates: M049 PA6 strength V000919 78 -> 121 MPa (estimate 66.3-112), M085 PE modulus V001519 3.5 -> 4.77 GPa, M045 PEBA modulus V000841 80 -> 124 MPa and strength V000839 30 -> 46.5, M064 PA-ESD modulus V001205 6.7 -> 10.4 GPa, M076 BVOH strength V001419 34 -> 52.7, M066 PET modulus V001761 2.62 -> 4.07 GPa, M020 PETG V000414 53 -> 82.2, M037 PC-CF V000736 58 -> 89.9, M090 CPE-CF elongation 8 -> 12.7 %, M082 PP V002054 13.9 -> 21.6 (30 evidence items in all).","node docs/audits/2026-09-15-filtering-estimates-data/physics/physics-check.mjs; then filter physics-findings.csv on check (not a separate check); node -e ""const d=require('./dist/db.json');console.log(d.meta.estimateModel.properties.tensileStrengthXY.conversions)""; list pairs with the XY/unk pairing snippet in NOTES.md"
B-05,B-physics,defect,high,PPA heat deflection headline is the annealed value; the as-printed values were not transcribed,fixed,6cc6074,"m20/m21: PPA annealed labels, as-printed 103 °C headline","S-PPA-TDS p. 1 prints ""Vicat 106 °C; 133 °C (annealed)"" and ""HDT ISO 75 0.45 MPa 103 °C; 131 °C (annealed)"" (re-read with pdfjs). Data: V001289 HDT 131 and V001288 Vicat 133 with Post-processing ""Not published""; 103 and 106 are absent. M069 PPA headline hdt045 = 131 (headlines.csv M069,hdt045,V001289) passes Strict for HDT >= 104-131 °C that an as-printed part (103 °C) fails. The source also gives Tm 246 °C (V001287), low for a PPA (typically 290-325), consistent with a PA6T/6I-type copolymer.","Re-read .cache/sources/S-PPA-TDS.pdf p. 1 (pdfjs text; helper in NOTES.md). physics-check has no row for it: the PPA envelope admits annealed values, and the condition is not coded"
B-06,B-physics,defect,medium,"Bambu sheets that state ""All the specimens were printed ... annealed and dried at X °C"" are coded ""specimen not stated / post-processing not published""",fixed,6cc6074,m20: Bambu printed specimens and annealing sentences,"Re-read 16 cached Bambu sheets: the statement is present in B-pa6-gf-TDS, B-pet-cf-TDS, B-pc-fr-TDS, B-abs-gf-TDS, B-petg-hf-TDS, B-tpu-for-ams-TDS (70 °C 12 h), B-pla-tough-upgrade-TDS, B-pla-translucent-TDS, B-pla-sparkle-TDS (50-55 °C 8 h) and others, but their rows are ""Not published (do not assume printed)"" and/or Post-processing ""Not published"" (e.g. PET-CF V001269 HDT1.8 182, V001270 HDT0.45 205; PA6-GF V000943-V000958; TPU for AMS V000775), while the same wording on B-pa6-cf-TDS, B-PC-TDS is coded Printed/annealed. Physics consequence: M067 PET-CF headline HDT 205 °C is the 80 °C/12 h annealed (cold-crystallised, Tc 130 °C) value of a slow-crystallising PET, shown and screened as unconditioned; printed values are treated as possibly moulded (B2: 23 medium headline rows).",node docs/audits/2026-09-15-filtering-estimates-data/physics/physics-check.mjs; then filter physics-findings.csv on check B2-headline-condition; per-source tally snippet in NOTES.md
B-07,B-physics,defect,medium,"Heat-deflection model ignores annealing and treats slow crystallisers (PET, PPS, PPA, BVOH, PVA) as crystallised semicrystalline bars",fixed,c50a00e 740216b,printsAmorphous; annealed values not averaged,"estimates.js kindOf() has no annealed flag, so as-printed and annealed HDT of one formulation are averaged as one kind: M019 PLA-GF V000350 75.5 + V000353 114.7 (flagged conflict), M074 PPS-GF V002071 236.3 / V002072 248.9 (annealed 130/230 °C). The matrix class for PET/PPS/PPA/BVOH/PVA is semi-unfilled/semi-filled though estimate-model.json itself says they print largely amorphous: M066 PET HDT1.8 V001762 65.7 -> 96.5 °C (+30.8 semi-unfilled gap) and estimate 71.2-109 (plausible to 132) against its own Vicat 65.9 (V001763); M076 BVOH Vicat 90 (V001424) -> estimate 54.7-117 (plausible to 158). The fitted semi-filled class learns from annealed PET-CF 205 / PPS-CF 264 / PPS-GF 241, so M068 PET-GF measured 81.6 (as printed) is an outlier vs 114 expected (meta.estimateModel.outliers). PLA (also a slow crystalliser) is declared amorphous, PET semicrystalline: inconsistent.","node docs/audits/2026-09-15-filtering-estimates-data/physics/physics-check.mjs; then filter physics-findings.csv on check C7-slow-crystalliser-converted-as-semicrystalline, C6-hdt-estimate-above-own-vicat, C2-ordering-estimate (M068 vs M066)"
B-08,B-physics,defect,high,TPU heat deflection is estimated (and certified to screen) from a physically impossible source value,fixed,740216b,No elastomer HDT estimate (owner ruling),"M039 TPU hdt045 estimate 70.2-84.6 °C (plausible 61.2-93.6, canScreen true) from I-TPU-TDS V000765 (74 °C at 0.455 MPa) and V000766 (49 °C at 1.82 MPa) on a 95A TPU whose sheet gives tensile modulus 26 MPa (re-read). ISO 75 / ASTM D648 stop at 0.2 % outer-fibre strain, so a bar deflects at the temperature where E ~ sigma/0.002 = 225 MPa (0.45 MPa) or 900 MPa (1.8 MPa); a 26 MPa elastomer exceeds that at room temperature. estimate-model.json notApplicable.elastomerHdt exempts materials whose own sources publish an HDT; ""HDT 1.8 elastomer"" (+13.8, 1 pair) is fitted from the same sheet.","node docs/audits/2026-09-15-filtering-estimates-data/physics/physics-check.mjs; then filter physics-findings.csv on check C4-estimate-where-not-applicable, A3b-hdt-on-soft-matrix"
B-09,B-physics,suspect,medium,"TPU for AMS modulus 1190 MPa is inconsistent with its own 68D hardness, >650 % elongation and N/A heat deflection",fixed,2ace029,m24: TPU for AMS moduli flagged implausible,"M040 V000775 Tensile modulus XY 1.19 GPa and V000776 Z 0.60 GPa, SourceID B-tpu-for-ams-TDS, Locator p. 2 ""Young's Modulus (X-Y) 1190 +/- 0.4 MPa"" (transcription faithful). Qi-Joyce-Boyce for 68D gives ~208 MPa; 22.4 MPa strength / 1.19 GPa = 1.9 % linear strain for a bar that stretches >650 %; the same sheet lists HDT as N/A, which fits a low modulus, not 1.19 GPa (a 1.19 GPa bar would have an HDT at 0.45 MPa); +/- 0.4 MPa on 1190 is implausibly tight. Effects: Strict PASS for tensileModulusXY >= 1.18 GPa (a TPU among rigid candidates); the ""hardness"" conversion pair +1.75 widens its sd to 0.885; the elastomer group spread plausibly drives M086 OBC modulus estimate 0.016-1.14 GPa (plausible to 2.75 GPa) for an olefin block copolymer whose modulus is 0.01-0.1 GPa.","node docs/audits/2026-09-15-filtering-estimates-data/physics/physics-check.mjs; then filter physics-findings.csv on check C2b-modulus-vs-shore, B1-headline-outside-envelope, D2-strict-pass-envelope-fails (M040)"
B-10,B-physics,policy,medium,Physically self-contradictory source values are published and screened without a caveat,fixed,2ace029,m24 flags; MEAS-PHYSICS lint rules,"Transcriptions verified against the sheets, but physics rules them out: M035 PC V000683 HDT0.45 112 < V000682 HDT1.8 117 (B-PC-TDS p. 2; a lighter load cannot deflect earlier; PC headline hdt045 = 112), with V000678 Tm 228 °C for amorphous PC and Vicat 119 < Tg 145; V000970 (X-CarbonX-CF-PA12-TDS-v1), V001013 (X-FIBREX-PA12-GF30), V001206 (X-3DXSTAT-ESD-PA12) Tg 158 °C for PA12 (Tg 35-55 °C; a template value); M001 PLA V000008 HDT0.45 80 °C (X-ECOMAX-PLA-TDS-v3, no annealing stated, Tg 55 °C; PolySonic PLA 53 °C) is the PLA headline and passes Strict for HDT >= 67-80 °C; M073 PPS-CF V001359 264 / V001358 235 °C ""not annealed"" for a PPS with Tg 100 °C; M051 PA6-GF conditioned Z modulus V001192 2.593 > XY V001191 2.053 GPa; M035 PC Z elongation V000690 2.1 % below its Z stress/modulus 56 MPa/1.45 GPa = 3.9 %; M032 ASA Aero V000646 0.9 % < 21/1.18 = 1.8 %.","node docs/audits/2026-09-15-filtering-estimates-data/physics/physics-check.mjs; then filter physics-findings.csv on check A2-hdt045-below-hdt18, A1-outside-envelope (Tg), A3-pla-hdt-above-tg-not-annealed, A6-z-above-xy, A9-break-strain-below-linear-strain"
B-11,B-physics,policy,medium,The PE and PA6 materials are represented by compounds that are not the neat polymer,fixed,2044c94,m26: PA6 Neat declared variant; identity notes,"M085 PE has one grade, G085-01 Spectrum HDPE: 1.1 g/cm³ (V001516), Young's modulus 3.5 GPa (V001519), flexural 3.2 GPa (V001520), 80 HRM (re-read S-SPECTRUM-en-tds-spectrum-hdpe). HDPE is 941-970 kg/m³ and 0.6-1.4 GPa. The grade is declared ""undisclosed dense filler"", which keeps it out of the family, but the material called PE shows density 1100 and estimates modulus 2.97-7.41 GPa, strength 21.5-54.1 MPa, HDT 52-124 °C. M049 PA6 is Spectrum ""PA6 Neat"" G049-01: density 1.25 g/cm³ (V000917), modulus 3.4 GPa (V002078) (re-read); neat PA6 is 1130-1150 kg/m³, so it is the base against which PA6-CF 1090 and PA6-GF 1140 look impossible, and it lifts the polyamide density group.","node docs/audits/2026-09-15-filtering-estimates-data/physics/physics-check.mjs; then filter physics-findings.csv on check B1-headline-outside-envelope, C2-ordering-data, D1/D2 rows for M049 and M085"
B-12,B-physics,policy,low,"Filled-grade densities below the unfilled polymer: the density basis (filament, printed part, resin) is not recorded",open,,"Density basis (filament, part, resin) not a column; estimate bounds allow 5 % porosity","Carbon (1750-1800) and glass (2500-2600 kg/m³) fibre cannot lower a compound's density, yet: M033 ASA-CF V000653 1020 (ASA 1050), M050 PA6-CF V000922 1090 and M051 PA6-GF V000943 1140 (verified in B-pa6-gf-TDS: 1.14 g/cm³), M059 PA612-CF V001052 1030, M073 PPS-CF V001353 1260, M074 PPS-GF V001374/V001391 1360 (PPS 1350), M018 PLA-CF V000323 1220, M024 PETG-CF V000484 1250, M067 PET-CF V001264 1290, M090 CPE-CF V001676 1160, M037 PC-CF V000733 1180, M025 PETG-GF V000505 1260, M038 PC-GF V001829 1176 (""Printed Part Density"", R-BASF-PCGF30-TDS p. 2). These are plausible only as porous filament or printed-part densities. Strict passes/fails density requirements on them (D2: 8 rows).","node docs/audits/2026-09-15-filtering-estimates-data/physics/physics-check.mjs; then filter physics-findings.csv on check A10-filled-density-below-base, C2-ordering-data"
B-13,B-physics,defect,medium,Density estimates for polyamides contradict both physics and the material's own measurement,fixed,740216b,Rule-of-mixtures density bounds,"M052 PA12 estimate 1040-1180 kg/m³ (centre 1110, plausible 1010-1210) although its own reference grade publishes 1010 (V002002) and PA12 is 1010-1020; M055 PA66 1050-1170 (plausible from 1020) vs its own Zytel 1140 (V002033); M056 PA66-CF 1050-1190, centre below unfilled PA66; M058 PA612 1020-1110 (PA612 1060); M060 PA612-GF plausible from 1050; M038 PC-GF 1150-1330 (PC alone is 1200). The density model has no rule-of-mixtures structure, pools filament/printed-part densities (B-12) and the PA6 1250 compound (B-11) into ""aliphatic polyamide"", and gives the own reference only 30 % weight (ownShare 0.3) because its formulation differs from the representative grade.","node docs/audits/2026-09-15-filtering-estimates-data/physics/physics-check.mjs; then filter physics-findings.csv on check C1-centre-outside-envelope (density), D1 rows density for M052/M055/M056/M058/M060"
B-14,B-physics,policy,low,Moisture (conditioned to dry) offsets are one value for every polymer,fixed,740216b,Wet offset by water uptake,"estimate-model.json wet: modulus +0.25, strength +0.12, elongation -0.4 (log). Printed polyamide pairs in the snapshot show much more: PolyMide PA6-GF modulus V001179 4.431 dry vs V001191 2.053 conditioned (ln 0.77), CoPA V001023 2.223 vs V001035 1.053 (0.75); strength V001181 84.5 vs V001193 50.8 (0.51), V001025 66.2 vs V001037 31.4 (0.75); elongation V001183 3.4 vs V001195 19.4 (-1.74); PA12-CF strength V000982 71.6 vs V000994 73.4 (about 0). The build itself fits ""tensile Z wet"" +0.707. A PA6-type material with only conditioned data would be estimated ~2x too soft and too weak when dry; a PA12 or non-hygroscopic one would be over-corrected.","node -e ""const d=require('./dist/db.json');console.log(d.meta.estimateModel.properties.tensileModulusXY.conversions)"""
B-15,B-physics,policy,low,Heat-deflection estimates for unfilled semicrystalline polymers are capped only at the melting point,partly fixed,740216b,Own Vicat caps unfilled HDT; Tm-20 cap rejected by the back-test (PVDF 158 °C),"bounds.hdtAboveMelting caps at Tm with sd 6 °C; an unfilled bar deflects well below Tm (moulded PP ~65, PE ~55, PA12 ~40 °C below). M085 PE plausible 45.7-134 °C at Tm 132 (likely 52-124, width 72 °C, ""poor""); M087 POM likely 77.8-151 (plausible 52-163); M076 BVOH to 158 °C above its own Vicat 90 °C; M066 PET to 132 °C above Vicat 65.9. These wide high tails keep materials as Explore candidates for heat requirements physics excludes (D1: PE >= 133, BVOH >= 155, PET >= 130 °C).","node docs/audits/2026-09-15-filtering-estimates-data/physics/physics-check.mjs; then filter physics-findings.csv on check C6-hdt-estimate-near-tm-unfilled, C6-hdt-estimate-above-own-vicat, C3-likely-range-too-wide (hdt045)"
B-16,B-physics,policy,medium,Estimate ranges are not truncated at the lower bounds the material's own measurements prove,fixed,7bc880d,Implied bounds trim estimate ranges,"58 estimates show plausible (and 7 likely) ranges below an implied bound that only vetoes screens: M049 PA6 hdt045 plausible 71.9-153 though its own HDT1.8 is 90 °C (V002079; HDT0.45 >= HDT1.8); M052 PA12 hdt045 plausible 56.9-136 vs HDT1.8 84.3 (V002004); M066 PET 53.5-132 vs HDT1.8 65.7 (V001762); M020 PETG strength plausible 42-60.8 vs break 53 (V000414); M090 CPE-CF strength 39.1-75.4 vs yield 70 (V001544); M045 PEBA 16.8-23.1 vs 30-32.8 (see B-02). The reader sees values the evidence rules out, and the back-test judges ranges that ignore them.","node docs/audits/2026-09-15-filtering-estimates-data/physics/physics-check.mjs; then filter physics-findings.csv on check C5-range-extends-below-implied-bound, C5-likely-range-below-implied-bound"
B-17,B-physics,policy,low,Elastomer stiffness from Shore hardness uses one offset for Gent (A) and Qi-Joyce-Boyce (D); yield-to-ultimate conversions apply to strain-hardening elastomers,fixed,740216b,Shore A/D offsets; no elastomer yield conversions,"modulusFromShore() implements Gent (1958) and the inverted Qi et al. (2003) relation correctly (95A 43.8 MPa, 90A 20.8, 85A 13.2, 68D 208, 45D 46.5 MPa). A single ""hardness"" offset (fitted -0.714, sd 0.885 from 5 pairs, one of them V000775 at +1.75) mixes two relations with different biases; Gent under-predicts above ~90A (M045 PEBA 90A flexural V000841 80 MPa is 3.8x Gent). Bambu TPU 85A V000826 6.8 MPa > TPU 90A V000810 5.3 MPa (inverted order). ""yield XY"" (+0.02) and ""yield unk"" (+0.1) assume necking thermoplastics; for TPU yield 8.6 MPa (V000756) vs break 39 MPa (V000757) the conversion is off by ln 1.5 and is only rescued by the conflict detector.","node docs/audits/2026-09-15-filtering-estimates-data/physics/physics-check.mjs; then filter physics-findings.csv on check C2b-modulus-vs-shore, C2b-headline-modulus-vs-shore, C2c-shore-order-inverted"
B-18,B-physics,note,low,"Headlines resting on specimen-not-stated values while printed, dry values exist for the same material",fixed,2044c94 6cc6074,PC-GF from BASF printed data; PA6-GF and PPS-CF resolved by m20,"M038 PC-GF headline tensile strength 40 MPa (V000740) and elongation 9.5 % (V000742), S-PCGF-TDS-1 p. 1 (re-read: ""9.5 +/- 1.5 %""), while BASF Ultrafuse PC GF30 printed XY gives 36.1 MPa (V001835) and 2.4 % (V001837); 9.5 % for glass-filled PC exceeds the unfilled PC headline 3.8 % (V000689). M051 PA6-GF modulus 2.85 GPa (V000951; Bambu, printed per B-06) vs printed 4.261 (V001165) and 4.431 (V001179). M073 PPS-CF strength 87 MPa (V001363) vs printed 63 (V001862). M021 PETG Basic V000431 2.78 GPa XY and V000432 2.55 GPa Z (re-read, faithful) sit above PETG's 1.1-2.6 GPa and fail Strict ""<= 2.7 GPa"".","node docs/audits/2026-09-15-filtering-estimates-data/physics/physics-check.mjs; then filter physics-findings.csv on check B2-headline-condition-better-exists, C2-ordering-data (M038 elongation)"
B-19,B-physics,note,low,Screens narrower than physics allows for thinly evidenced identities,open,,Thin identities screen on family-driven ranges (PP elongation 14-113 % against its own unstated 460 %),"Certified screen ranges cover a small part of the physical envelope where own evidence is thin: M052 PA12 elongation screen 3.72-47.1 % (ownShare 0.14; printed PA12 XY reaches >100 %), M049 PA6 9.53-84.4 %, M055 PA66 elongation 7.31-40.5 % and hdt045 57.7-190 °C, M058 PA612 7.6-33.6 %, M056 PA66-CF 2.8-16.1 % (no own evidence), M091 CoPE 3.33-59.2 %. The back-test certifies classes on average over measured headlines; it cannot see identities with no measured analogue, so these screens rest on the family prior. No estimate screened out a material whose envelope wholly meets a requirement (D3 estimate rows: 0).","node docs/audits/2026-09-15-filtering-estimates-data/physics/physics-check.mjs; then filter physics-findings.csv on check C9-screen-range-narrow-vs-physics, D3-removed-though-envelope-passes"
B-20,B-physics,note,low,Envelope sweep summary (non-circular leak check),note,,Sweep summary; re-run after fixes in physics-findings-after.csv,"2240 selections over thresholds at every envelope edge: Strict PASS although the envelope wholly fails: 15 (material, key, operator) cases, all measured headlines explained by B-05, B-06, B-09, B-10, B-11, B-12, B-18 (PLA HDT 80, PETG Basic 2.78 GPa, ABS-CF HDT 76 (V000594, below ABS itself), TPU for AMS 1.19 GPa, PA6 1250, PET-CF 205 °C, PPS-CF 264 °C, PPS-GF 241 °C, filled densities). Explore+estimates kept although the envelope wholly fails: 73, of which 18 medium: estimate tails beyond physics (M085 PE modulus >= 8.26 GPa, M086 OBC modulus >= 2.7 GPa, M076 BVOH HDT >= 155, M066 PET HDT >= 130, M049 PA6 strength >= 120, M052 PA12 strength >= 96.9) and vetoes (B-01, B-02). Kept by policy (no estimate / one-sided bound): 5. Removed although the envelope wholly meets the requirement: 25, all measured headlines or support-product N/A (PVA), none by an estimate.","node docs/audits/2026-09-15-filtering-estimates-data/physics/physics-check.mjs; then filter physics-findings.csv on check D1-*, D2-strict-pass-envelope-fails, D3-removed-though-envelope-passes"
C-01,C-pipeline,defect,High,Estimates average as-printed and annealed values of one formulation as repeats,fixed,c50a00e,Post-processing states; m19,"build/src/estimates.js:201-231 kindOf ignores postProcessing; estimates.js:264 groups by material|formulation|kind and averages ys. G019-01 PLA-GF HDT 0.45: V000350 75.5 (headline) + V000353 114.7 annealed -> one observation 95.1; HDT 1.8 V000349 59.7 + V000352 84 -> 71.85. G068-02 PET-GF HDT 0.45: V001931 81.6 (headline) + V001933 133.7 -> 107.65; HDT 1.8 V001930/V001932. G074-02 PPS-GF: anneal 130 vs 230 C V002071 236.3/V002072 248.9 and V001392 125.8/V002073 219.6 -> 172.7. Consequences in build/reports/validation-report.md: EST-OUTLIER PET-GF hdt045 81.6 expected about 114; conflicts down-weighted for PLA-GF, PET-GF, PPS-GF; the mixed pairs also feed the HDT 1.8->0.45 conversion and the unstated-load bracket back-test (estimates.js:316-320, 648-662). M019 mechanical P/A rows are averaged too (small differences).",node docs/audits/2026-09-15-filtering-estimates-data/pipeline/repro/anneal-groups.mjs
C-02,C-pipeline,defect,High,Film specimen values veto estimate screens: PLA stays a candidate for tensile strength >= 140 MPa,fixed,c50a00e,Film/filament excluded from bounds,"build/src/compile.js:402-411 impliedBounds excludes only Raw material specimens; app/js/engine/constraints.js:107 lets any bound meeting the requirement veto the screen. M001 PLA tensileStrengthXY bounds include V000039 110.3 MPa and V002179 144.7 MPa, both ""Film specimen (ASTM D882)"" (estimates.js:176 already excludes film from the model). Engine result: >=70, >=100 and >=140 MPa are not screened (vetoedBy V000039/V002179) although the estimate is 46.9-67.8 MPa plausible. Also V001700 PVB Filament specimen tensile yield bounds M093. No moisture or post-processing filter: a conditioned PA elongation (V001039 216.5 vs dry 9.9) or an annealed HDT at 1.8 MPa (V001932 87.3 vs as-printed 0.45 MPa 81.6) would bound a dry or as-printed headline from below. The same film rows appear in related.intervals (compile.js:456) and get no film reason in related.why (compile.js:428-435).",node docs/audits/2026-09-15-filtering-estimates-data/pipeline/repro/engine-veto.mjs && node docs/audits/2026-09-15-filtering-estimates-data/pipeline/repro/implied-bounds.mjs
C-03,C-pipeline,policy,Medium,Estimates merge source-label and XZ directions into XY that compile refuses to call XY,fixed,c50a00e,Source labels are unknown direction,"build/src/estimates.js:194 DIRECTION_CLASS maps XZ, horizontal-source-label and along-flow to XY (no conversion, no extra spread) and vertical-xz-source-label to Z; build/src/normalize/direction.js:1-3 and Method say a source label ""never merges into XY"". M093 PVB tensileModulusXY is not published (compile keeps V001705 ""Horizontal (source label)"" out), yet its estimate is strength this-grade, precision good, centre 1.76 GPa, canScreen true, built from V001705/V001706. Plain XZ (on-edge, loaded in plane) is XY-like, but ""Vertical XZ (source label)"" is sent to Z: the two XZ spellings get opposite classes.","node docs/audits/2026-09-15-filtering-estimates-data/pipeline/repro/mapper.mjs (see Direction rows in mapper-table.csv); node -e ""const db=require('./dist/db.json');console.log(db.materials.find(m=>m.id==='M093').headline.tensileModulusXY.estimate.evidence)"""
C-04,C-pipeline,policy,Medium,A published mean with a +/- band never passes: 128 of 362 headlines are hard intervals in the engine,fixed,6518292,Owner ruling D54: judged on the mean,"build/src/normalize/values.js:74-76 turns value +/- uncertainty into {lo,hi,kind:uncertainty}; app/js/engine/constraints.js:43-70 and 140-147 compare lo/hi as hard bounds. M002 PLA Basic tensileStrengthXY 35 +/- 4 MPa is INDETERMINATE for >=33 (mean above threshold) and for >=36. 128 headlines carry an uncertainty interval (Bambu, Polymaker, Fiberlogy sheets), mostly a specimen standard deviation, not a tolerance. The estimate model reads the same half-width as observation noise (estimates.js:281), and impliedBounds reads its top as a bound (compile.js:410, e.g. V002012 30 +/- 23 % becomes 53 %). One number, three meanings.",node docs/audits/2026-09-15-filtering-estimates-data/pipeline/repro/engine-veto.mjs
C-05,C-pipeline,defect,Medium,"Headline selection is not checked for moisture, specimen, post-processing or load",fixed,c50a00e,"Headline check refuses moulded, film, filament, conditioned, annealed-beside-as-printed","build/src/compile.js:295-302 HEADLINE-SELECTION-INVALID checks material, grade, property, unit and direction only. validate.js:219-226 backstops the load (HDT-LOAD-WRONG) and test/database.test.js:468 the moulded case, but nothing refuses a conditioned (moistureState conditioned), film, filament or annealed-when-as-printed-exists selection. Today every headline passes these checks (repro prints only annealed Bambu boilerplate, 6 unstated loads and >-operator bounds), so this is latent; AGENTS.md ""Make a measurement a headline"" relies on the build to say which rule fails.",node docs/audits/2026-09-15-filtering-estimates-data/pipeline/repro/headlines.mjs
C-06,C-pipeline,defect,Low,"Direction ""45/45"" is a vocabulary value with no mapping and falls through to unknown silently",fixed,2ac1cd2,raster-45,"schema/vocab/directions.csv:2 lists 45/45; build/src/normalize/direction.js:17-27 MAP has no entry, so normalizeDirection returns {canonical: unknown, mapped: false} and nothing reads mapped. Six rows V001863 V001866 V001869 V001872 V001875 V001878 (M073 PPS-CF, R-ESSENTIUM-PPSCF-TDS) are compiled as unknown and the drawer note (compile.js:380) says ""direction not stated by the source"", which is false.",node docs/audits/2026-09-15-filtering-estimates-data/pipeline/repro/directions.mjs
C-07,C-pipeline,defect,Low,"19 mechanical rows use Direction ""Not applicable"", which the no-direction lint does not see",fixed,6cc6074,"m20: 14 directions after re-read; V002085 moulded, left","build/src/lint-rules.js:96 flags only Direction ""Not published""; vocab says Not applicable is for density and thermal transitions. Rows: V002078 V002085 V002170 V002171 V002172 V002173 V002179 V002180 V002181 V002182 V002183 V002190 V002191 V002203 V002204 V002207 V002219 V002220 V002221 (migrations m11 and m16). V002203, V002204 and V002207 locators read ""(X-Y)"", so they are probably XY. V001994 Notes still says the flexural rows ""were not entered"", but m16 added them as V002203-V002206.",node docs/audits/2026-09-15-filtering-estimates-data/pipeline/repro/directions.mjs
C-08,C-pipeline,defect,Low,"HDT load parser: both loads resolve to 0.45 silently, psi and kgf/cm2 are ignored, ISO 75 Af/Bf unread",fixed,2ac1cd2,psi and kgf/cm² loads; both loads state neither,"build/src/normalize/thermal.js:19-22 and 37-39: the first matching class wins, so ""ASTM D648 1.8MPa/0.45MPa"" and ""ISO 75, 1.8 & 0.45 MPa"" read as 0.45; ""ASTM D648, 264 psi"", ""66 psi"" and ""18.6 kg/cm2"" read as load not stated; ""ISO 75-2/Af"" and ""Bf"" (flatwise) are not recognised; the unit-less pattern matches inside ""ISO 10.45"". No current row is wrong: all 195 HDT rows have Test load MPa equal to the parser reading (mapper-table.csv). V002188/V002189 print ""ISO 75: Method A (0.45 MPa)"" and ""Method B (1.80 MPa)"" with the letters inverted; the number wins, values are Not published. Because PARSE-MISMATCH compares the typed value with this parser, a wrong parse and a scaffolded typed value would agree.",node docs/audits/2026-09-15-filtering-estimates-data/pipeline/repro/parser-cases.mjs && node docs/audits/2026-09-15-filtering-estimates-data/pipeline/repro/hdt.mjs
C-09,C-pipeline,suspect,Low,"Estimate calibration is mildly optimistic: spreads, conversions and conflict weights see the hidden headline",open,,"Hyperparameters fitted with the hidden headline; calibration mildly optimistic, documented","build/src/estimates.js:571-592 fits conversions (pairs include each headline), the between-product spread fixedW, the empirical-Bayes hyperparameters and the 3.5-sigma conflict down-weighting on all observations; calibration (596-606) and the screening back-test (668-690) then hide only the headline observations by a GP downdate. The downdate itself is exact and the hide set is right for current data: every value headline has kind equal to HEAD (no conditioned, moulded or non-ultimate headline), and no formulation is duplicated across materials (checked by sourceId/property/value). Determinism: no Math.random, Date or unordered iteration in estimates/compile.","grep -n ""const conv = conversions\|hyperparameters(key\|Calibration: hide"" build/src/estimates.js"
C-10,C-pipeline,policy,Medium,"Record-level estimate findings are warnings, so a new one never fails verify",fixed,2ac1cd2,Per-record review in audit:data,"build/src/rules.js EST-OUTLIER, EST-WIDE, EST-FAMILY-ORDER and HDT-LOAD-UNSTATED are warn; validate.js:228,294,304,319 aggregate them into one message each. AGENTS.md requires a lint finding to be fixed or accepted with a reason; these per-record findings bypass that, so a fifth outlier or a seventh unstated load reaches dist with no review. Of the 8 current warnings: IMPACT-UNITS (informational, correct), HDT-LOAD-UNSTATED (6: M004 M097 M098 M099 M100 M102, should be per-record accepted findings), EST-SUMMARY and FAMILY-ENTRIES (informational, not warnings), EST-OUTLIER (4: PET-GF is an artefact of C-01; OBC V001683, PPA-CF V001310, PC-ABS V001550 need review), EST-WIDE (14, acceptable with reasons), EST-FAMILY-ORDER (PLA-CF 2.79 < PLA 2.865: different manufacturers, accept), NO-MEASUREMENTS (PA66-CF, PA612-GF, informational).","sed -n ""/## Warnings/,$p"" build/reports/validation-report.md"
C-11,C-pipeline,note,Low,"Rules catalogue and code agree, but compile raises issues without the catalogue check",note,,,"All 87 codes in docs/RULES.md are raised somewhere in build/src or scripts, and issue() (rules.js) throws on an unknown code. compile.js:47, 123, 270-304, 530-540, 578, 607 and typed-values.js:71, 100 push literal {level, code} objects instead of issue(), so a level or code drift there is not caught by the catalogue.","grep -n ""issues.push({ level"" build/src/compile.js build/src/typed-values.js"
C-12,C-pipeline,defect,Low,MEAS-RAW-RECONCILE checks the value but not the upper bound or uncertainty,fixed,2ac1cd2,Upper bound and uncertainty reconciled,"build/src/measurement-rules.js:36-56 reconciles Raw numeric x Conversion factor with Normalized value only. Raw upper bound and Raw uncertainty are converted by hand (e.g. V002204 3368 MPa -> 3.368 GPa, V000380 2600 -> 2.6). All 1917 published rows agree today, so nothing is wrong yet; a unit slip in a bound would change intervals, estimates noise and engine verdicts without an error.",node docs/audits/2026-09-15-filtering-estimates-data/pipeline/repro/units.mjs
C-13,C-pipeline,note,Low,Units convert correctly; some properties pool conditions that no column carries,note,,,"All raw->normalized unit combinations are physically right (kgf/cm2 x0.0980665 MPa V000730; kgf.cm/cm x9.80665 J/m V002084; g/cc x1000; ppm/K = um/m/K V001748); Specific gravity x1000 (V002176) is 0.25% high strictly (water 0.9975 at 23 C). J/m and kJ/m2 stay unconverted (IMPACT-UNITS). Not headline or estimate inputs today, but pooled without condition columns: Melt mass-flow rate at 12 temperature/load pairs (190 C 2.16 kg to 365 C 5 kg) in Standard / load text only; Water absorption mixes 24 h immersion, equilibrium and 25 C 55% RH; Charpy and Izod mix notched, unnotched and Not published notch.",node docs/audits/2026-09-15-filtering-estimates-data/pipeline/repro/units.mjs
C-14,C-pipeline,note,Low,"Contract: fields written but never read, and headline entries omit post-processing",fixed,c50a00e,related.intervals removed; headlines carry post-processing,"repro/contract.mjs lists db.json keys not mentioned in app/js, among them estimate.screenBasis, estimate.bounds[].side and .sd, related.intervals, materials.measurementConditions, measurements.directionText and grades.formulationKey. related.intervals is written with a comment (compile.js:449-452) saying it stops an estimate screening a material its own measurements could keep; the engine uses impliedBounds instead, so the comment describes a guarantee the field no longer gives. Headline entries (compile.js:309-322) carry direction, specimenType and moisture but not postProcessing, so the table and export cannot show that 119 headlines rest on Bambu Lab sheets worded ""annealed and dried at 55-80 C"" (133 mention annealing in all) or that the PET-GF HDT headline is as printed while its mechanical headlines are annealed at 120 C. No field is read but never written; loadBracket, impliedBounds, canScreen and screenRange are written and read with matching meaning.",node docs/audits/2026-09-15-filtering-estimates-data/pipeline/repro/contract.mjs
C-15,C-pipeline,suspect,Low,Moisture condition disagrees with Post-processing on three rows; three rows are dry under a 50% RH heading,resolved,6cc6074,Re-read by D: labels correct or recoded,"V002155 V002156 V002159: Moisture condition Not published while Post-processing says ""dried for 48h prior to testing""; their siblings from the same sheets use ""Dried before testing (see preparation)"". V000894 V000920 V002078 use ""Dry (source row); table heading 50% RH"", declared dry in schema/vocab/moisture-conditions.csv.",node docs/audits/2026-09-15-filtering-estimates-data/pipeline/repro/mapper.mjs (Moisture condition rows in mapper-table.csv)
C-16,C-pipeline,suspect,Low,Specimen and standard oddities on impact and tensile rows,fixed,fd58bb3 c50a00e,V002055 source error noted; V001700 filament excluded,"V002055 PP ""Notched Izod Impact Strength"" cites ""IS O 179"" (the Charpy standard); V001953 CPE Izod qualitative ""no break"" carries unit J/m; V001700 PVB tensile yield is a Filament specimen and enters the estimate model as a printed-part observation (estimates.js:175-176 excludes Film only); V002207/V002208 Izod ranges from one Flashforge sheet.",node docs/audits/2026-09-15-filtering-estimates-data/pipeline/repro/implied-bounds.mjs
C-17,C-pipeline,note,Medium,Open item: merging Izod strength into Izod impact strength needs a replaced-property record,fixed,fd58bb3,Replaced-property record; m22,"21 rows use ""Izod strength"" and 13 ""Izod impact strength"" (NOTES.md lists all 34). Renaming the Property cell on 21 measurements is an edit and passes scripts/data/diff.mjs; removing the properties.csv row (primaryKey Property, schema/tables/properties.schema.json) is a Removed record and fails .githooks/pre-commit:11 and .github/workflows/verify.yml:35 (--fail-on-removed). Keeping the row leaves an empty property in db.registry and the drawer. test/registry-ui.test.js:39-42 pins the legacy DETAIL_MECHANICAL list (which contains Izod strength) and would also need updating.",node scripts/data/diff.mjs HEAD --fail-on-removed
D-01,D,defect,medium,Estimate model averages as-printed and annealed HDT of one grade as repeats,fixed,c50a00e,,"build/src/estimates.js rawObservations groups by material|formulation|kind and kindOf() never reads postProcessing. dist/db.json meta.estimateModel.conflicts: M068 'HDT 0.45' [V001931 81.6, V001933 133.7]; M019 'HDT 0.45' [V000350 75.5, V000353 114.7] and 'HDT 1.8 amorphous' [V000349 59.7, V000352 84]; M074 'HDT 0.45' [V002071 236.3, V002072 248.9] and 'HDT 1.8 semi-filled' [V001392 125.8, V002073 219.6]. Sources re-read (hash-ok): R-FIBERON-PETGF15-TDS p1 'ISO 75 0.45MPa 133.7°C (annealed)' / 'ISO 75 0.45MPa 81.6 (as printed)'; S-POLYCN-Polymaker-HT-PLA-GF-TDS-EN-V1-1 p3 'ISO 75 0.45MPa 75.5°C (as printed)' / '114.7°C (annealed)'; S-FIBER-PPSGF-TDS-2 p1 '*The HDT test specimens were annealed by 130°C. If the annealing temperature is increased to 230°C, the HDT (0.45MPa/1.8MPa) is increased to 248.9°C/219.6°C.' All six groups are caught by the conflict check (noise x25), so the formulation's own HDT evidence is effectively discarded rather than modelled. Also M019 (annealed PLA-GF) is classed matrix 'amorphous', whose 1.8->0.45 conversion (offset 5.2) does not fit an annealed semicrystalline PLA (30.7 °C gap in source).","node -e ""const d=require('./dist/db.json');console.log(d.meta.estimateModel.conflicts.filter(c=>['M019','M068','M074'].includes(c.materialId)))"""
D-02,D,defect,low,HT-PLA-GF as-printed HDT rows carry Post-processing 'Not published',fixed,c50a00e,m19,S-POLYCN-Polymaker-HT-PLA-GF-TDS-EN-V1-1 p3: 'Heat deflection temperature ISO 75 1.8MPa 59.7°C (as printed)' and 'ISO 75 0.45MPa 75.5°C (as printed)'. V000349 and V000350 record Post-processing 'Not published' while their annealed twins V000352/V000353 record 'Annealed (per TDS annealed block)'. V000350 is M019's hdt045 headline.,"grep -E '^V00035[0-3],' data/tables/measurements.csv"
D-03,D,note,low,Post-processing of Bambu HDT rows is coded inconsistently,fixed,6cc6074,m20,"24+ Bambu HDT rows put 'All the specimens were annealed and dried at 55/65/75/80 °C ...' into Post-processing, but V000108/V000109 (B-pla-tough-upgrade-TDS), V000128/V000129 (B-pla-translucent-TDS), V000229/V000230 (B-pla-sparkle-TDS), V000703/V000704 (B-pc-fr-TDS), V000948/V000949 (B-pa6-gf-TDS), V001269/V001270 (B-pet-cf-TDS) carry the same sentence only in 'Specimen / print parameters' with Post-processing 'Not published'. I-PPSU-TDS p2 prints 'ASTM D648 ... Unannealed, 3.18' but V001674 has Post-processing 'Not published'. Harmless today (the build ignores the column) but it would mis-key any post-processing state added for D-01. These Bambu 'annealed and dried at 50-80 °C' treatments are drying/conditioning below or near Tg, not a crystallising anneal.",node over data/tables/measurements.csv: Property=HDT and Post-processing='Not published' and /anneal/i in Specimen / print parameters
D-04,D,defect,low,"Izod rows: standard, notch, direction and locator not carried over from the source",fixed,6cc6074,m20,"I-TPU-TDS p1 ""19.1kJ/m2 Izod Impact Strength, notched (at 23 C) ASTM D256"" -> V000762 Standard / load Not published. X-MAXG-PCTG-TDS-v1-0 p1 ""Izod Impact Stregth ISO 180/A kJ/M2 8"" -> V001529 Notch Not published (ISO 180/A is the type-A notched specimen). R-FLASHFORGE-ASA-GF10-TDS p1 ""Izod Impact Strength (X-Y) 6.3~6.9"" -> V002207 Direction Not applicable, while V001994 from the same X-Y block is XY; V002203/V002204 (Bending, X-Y) also Not applicable. S-PEBA-PEBA90A-TDS-en: ""IZOD Impact Strength (XY-axis) GB/T 1843 NB"" is on page 2; V002167 Locator says p. 1. Values themselves are all correct.","grep -E ""^V(000762|001529|002207|002203|002204|002167),"" data/tables/measurements.csv"
D-05,D,defect,low,iSANMATE PLA Glass Fiber tensile strength never transcribed,fixed,6cc6074,m21,"I-PLA-Glass-Fiber-Technical-Data-Sheet (hash-ok) p1: ""Tensile Streng MPa ISO 46-56"" (and ""Melt Flow Index (220 ℃, 10Kg) g/10min ASTM D-1238 4-10""). G019-02 holds five rows (V000377-V000381: density, elongation, flexural strength and modulus, water absorption) and no tensile row; no note explains the omission. The earlier audit:sources pass missed it because 46 and 56 match numbers elsewhere. This is the only cached source that prints a tensile value and has no tensile row.",grep -n I-PLA-Glass-Fiber data/tables/measurements.csv; text of .cache/sources/I-PLA-Glass-Fiber-Technical-Data-Sheet.pdf p1
D-06,D,policy,medium,Izod strength and Izod impact strength are one test with mixed units and notch states,fixed,fd58bb3,m22,"34 rows re-read or checked (open-items.md section 2): all ISO 180 / GB/T 1843 (kJ/m²) or ASTM D256 (J/m); I-TPU-TDS reports D256 in kJ/m². Both properties are registered with units ""kJ/m²; J/m"". Numeric J/m rows: V001486, V001673, V001729-V001734, V002084, V001963; numeric unnotched rows V001732-34, V001859-61; notch not stated V001529, V001911-12, V002207-08. Only validate.js IMPACT-UNITS (a warning) keeps them apart.","grep -i izod data/tables/properties.csv; grep -c "",Izod"" data/tables/measurements.csv"
D-07,D,defect,low,Kimya PEBA-S: live copy found; no hash was ever recorded; printed XY specimens recorded as direction not published,partly fixed,6cc6074,"m21: live URL and hash; direction kept unstated (processing setting, ISO 37 dumbbells)","sources.csv R-KIMYA-PEBA-S-TDS SHA256 ""Not recorded"", Access status ""Indexed content retrieved; direct PDF blocked by site""; URL (samaro.fr/app/uploads/2026/04/...EN-1.pdf) HTTP 404. Live: https://www.samaro.fr/app/uploads/2026/09/ba38ba38d87e28552202938c4c1cc670d8ef6fea3287_Kimya_PEBA_S_3D_Filament_EN.pdf, HTTP 200, SHA-256 66c7b5b1e19bf57ba52811611ef420b1d4d409ad9e043b389b164e45da1c9ce3, p1 ""Dernière mise à jour : 2025-12-22"" (the recorded revision). All 13 values V001887-V001899 match (e.g. ""Tensile Strength 32.8 MPa (4.76 ksi) ISO 37/2/500"", ""Melt flow index (MFI) 13.6 g/10 min ISO 1133-1(@190°C-2.16kg)""). Sheet prints ""PROCESSING Printing Direction XY Printing Speed 44 mm/s""; the 2022 Armor edition (3dee.at, revised 16/06/2022) prints ""PRINTING DIRECTION XY ... PRINTED SPECIMENS PROPERTIES"". Rows record Direction Not published and Specimen type Not published. The transfer REPORT open item 5 says the recorded hash is the only copy; there is no recorded hash.",curl -sI <recorded URL> (404); curl -sL <live URL> | shasum -a 256
D-08,D,defect,low,Re-read batch 1: 14 mechanical rows need a direction correction; PolyMide water-absorption rows borrow the mechanical preparation note,fixed,6cc6074,m20,"All values in batch 1 match their sources (rereads.csv). Direction: R-FLASHFORGE-ASA-GF10-TDS ""(X-Y)"" -> V002203, V002204, V002207 should be XY; I-CF-ABS-TDS (V002170-73), I-PETG-TDS (V002182-83), I-PPSU-TDS (V002190-91), I-ASA-Glass-Fiber-Technical-Data-Sheet (V002219-21) print no direction -> Not published; V002078 (Spectrum PA6, no direction) -> Not published. Not applicable is defensible for V002085 (""*injection moulding"") and the ASTM D882 film rows V002179-81. Moisture: S-POLYCN-PolyMide-CoPA-TDS-V5-2 p2 ""Equilibrium water absorption (%)= 2.82 %"" while ""All specimens were annealed at 80˚C for 30min and dried for 48h prior to testing"" is printed on p4 under the mechanical table; same layout in the PA6-GF (p4 line 50) and PA12-CF (p4 line 52) sheets. So V002155/V002156/V002159 Post-processing is misattributed, and C-15's proposed ""Dried before testing"" would be wrong for an equilibrium absorption. V000894/V000920/V002078 ""Dry (source row); table heading 50% RH"" is right: ""Mechanical Properties at 23°C / 50% rh ... (dry, at 50 mm/min)"". V002055: Izod name with ISO 179, test cannot be settled (source error). V001700 is a strand test (""Tensile Yield Strength for Filament [MPa] 57 ± 1""); V001683, V001310, V001550 are correct as published.",rereads.csv rows tagged Batch 1
D-09,D,note,low,Uncertified screening classes: HDT this-material is 2 cases short; semicrystalline brackets govern no material today,open,,Certification needs more measured cases; candidate sources listed in sources/open-items.md,"dist/db.json meta.estimateModel: tensileStrengthXY this-material held 10 (0/0 misses), hdt045 this-material 18 (1/1), bracketScreening semi-filled 12 (2 high, pHigh 0.035), semi-unfilled 3, elastomer 1; reproduced independently with kindOf. Only M004 PLA Lite (amorphous, certified) has an unstated-load hdt045 headline. Public TDS found for second grades of M027 ABS, M031 ASA, M035 PC, M036 PC FR, M067 PET-CF, M024 PETG-CF, M048 PAHT-CF (e.g. PolyLite_ABS_TDS_V5.3.pdf p3 ""Heat deflection temperature ISO 75 0.45MPa 99.6 °C""). New semi-filled pairs from Fiberon PET-CF17 (""1.8MPa 105 °C"", ""0.45MPa 147.5 °C"") and Ultrafuse PAHT CF15 (""HDT at 0.45 MPa (dry) 145 °C"", ""1.8 MPa (dry) 92 °C"") exceed the current +39 °C bracket top, so the semi-filled class will likely widen, not certify. Elastomer HDT pairs are not realistically obtainable.","node -e ""const d=require('./dist/db.json');for(const[k,p]of Object.entries(d.meta.estimateModel.properties))console.log(k,p.screening);console.log(d.meta.estimateModel.bracketScreening)"""
D-10,D,policy,medium,"PP headline and facet describe HyperLite PP, a lightweight-additive product, as unfilled polypropylene",fixed,2044c94,m25: PP Lightweight,"X-Hyperlite-PP-TDS-v1 p1 ""Density ISO 1183 g/cc 0.81"", ""Tensile Modulus ISO 527 MPa 1650"", ""Tensile Elongation, Break ISO 527 % 13""; R-TRINITY3DS-HYPERLITE-PP ""a specialty additive which enables ultra low density"", ""0.75g/cc"". I-PP-TDS p1 ""Density ... O.89"", ""Elongation At Break % ISO527 460"", ""Flexural Modulus MPa ISO178 390"". M082 PP headlines (density 810, modulus 1.65 GPa, elongation 13 %, HDT 94 °C) all cite G082-01; compiled facet reinforcement = unfilled; G082-01 Composition says ""A lightweight variant, not unfilled PP"". PLA Aero/ASA Aero are separate materials with Modifier Foaming. Splitting would make iSANMATE PP (HDT 92 °C, load not printed) the PP headline, putting the uncertified semi-unfilled bracket in charge.","node -e ""const d=require('./dist/db.json');const m=d.materials.find(x=>x.id==='M082');console.log(m.facets.reinforcement,m.headline.density.value,m.headline.elongationXY.value)"""
