MaterialID,HeadlineKey,MeasurementID,Use
M001,density,V000001,value
M001,tensileModulusXY,V000003,value
M001,elongationXY,V000004,value
M001,hdt045,V000008,context
M002,density,V000042,value
M002,tensileModulusXY,V000050,value
M002,tensileStrengthXY,V000052,value
M002,elongationXY,V000054,value
M002,hdt045,V000048,value
M003,density,V000063,value
M003,tensileModulusXY,V000071,value
M003,tensileStrengthXY,V000073,value
M003,elongationXY,V000075,value
M003,hdt045,V000069,value
M004,density,V001900,value
M004,tensileStrengthXY,V001903,value
M004,elongationXY,V001905,value
M004,hdt045,V001902,value
M005,density,V000083,value
M005,tensileModulusXY,V000091,value
M005,tensileStrengthXY,V000093,value
M005,elongationXY,V000095,value
M005,hdt045,V000089,value
M006,density,V000104,value
M006,tensileModulusXY,V000111,value
M006,tensileStrengthXY,V000113,value
M006,elongationXY,V000115,value
M006,hdt045,V000109,value
M007,density,V000124,value
M007,tensileModulusXY,V000131,value
M007,tensileStrengthXY,V000133,value
M007,elongationXY,V000135,value
M007,hdt045,V000129,value
M008,density,V001913,value
M008,tensileModulusXY,V001915,value
M008,tensileStrengthXY,V001916,value
M008,hdt045,V001914,context
M009,density,V000144,value
M009,tensileModulusXY,V000151,value
M009,tensileStrengthXY,V000153,value
M009,elongationXY,V000155,value
M009,hdt045,V000149,value
M010,density,V000164,value
M010,tensileModulusXY,V000172,value
M010,tensileStrengthXY,V000174,value
M010,elongationXY,V000176,value
M010,hdt045,V000170,value
M011,density,V000184,value
M011,tensileModulusXY,V000191,value
M011,tensileStrengthXY,V000193,value
M011,elongationXY,V000195,value
M011,hdt045,V000189,value
M012,density,V000204,value
M012,tensileModulusXY,V000211,value
M012,tensileStrengthXY,V000213,value
M012,elongationXY,V000215,value
M012,hdt045,V000209,value
M013,density,V000224,value
M013,tensileModulusXY,V000232,value
M013,tensileStrengthXY,V000234,value
M013,elongationXY,V000236,value
M013,hdt045,V000230,value
M014,density,V000244,value
M014,tensileModulusXY,V000251,value
M014,tensileStrengthXY,V000253,value
M014,elongationXY,V000255,value
M014,hdt045,V000249,value
M015,density,V000264,value
M015,tensileModulusXY,V000271,value
M015,tensileStrengthXY,V000273,value
M015,elongationXY,V000275,value
M015,hdt045,V000269,value
M016,density,V000283,value
M016,tensileModulusXY,V000290,value
M016,tensileStrengthXY,V000292,value
M016,elongationXY,V000294,value
M016,hdt045,V000288,value
M017,density,V000303,value
M017,tensileModulusXY,V000310,value
M017,tensileStrengthXY,V000312,value
M017,elongationXY,V000314,value
M017,hdt045,V000308,value
M018,density,V000323,value
M018,tensileModulusXY,V000331,value
M018,tensileStrengthXY,V000333,value
M018,elongationXY,V000335,value
M018,hdt045,V000329,value
M019,density,V000344,value
M019,tensileModulusXY,V000354,value
M019,tensileStrengthXY,V000356,value
M019,elongationXY,V000358,value
M019,hdt045,V000350,value
M020,density,V000382,value
M020,tensileModulusXY,V000384,value
M020,elongationXY,V000385,value
M020,hdt045,V000389,value
M021,density,V000423,value
M021,tensileModulusXY,V000431,value
M021,tensileStrengthXY,V000433,value
M021,elongationXY,V000435,value
M021,hdt045,V000429,value
M022,density,V000443,value
M022,tensileModulusXY,V000451,value
M022,tensileStrengthXY,V000453,value
M022,elongationXY,V000455,value
M022,hdt045,V000449,value
M023,density,V000463,value
M023,tensileModulusXY,V000471,value
M023,tensileStrengthXY,V000473,value
M023,elongationXY,V000475,value
M023,hdt045,V000469,value
M024,density,V000484,value
M024,tensileModulusXY,V000492,value
M024,tensileStrengthXY,V000494,value
M024,elongationXY,V000496,value
M024,hdt045,V000490,value
M025,density,V001967,value
M025,tensileModulusXY,V001971,value
M025,tensileStrengthXY,V001970,value
M025,elongationXY,V001972,value
M026,density,V000510,value
M026,tensileModulusXY,V000512,value
M026,elongationXY,V000513,value
M026,hdt045,V000517,value
M027,density,V000546,value
M027,tensileModulusXY,V000554,value
M027,tensileStrengthXY,V000556,value
M027,elongationXY,V000558,value
M027,hdt045,V000552,value
M028,density,V000567,value
M028,tensileModulusXY,V000575,value
M028,tensileStrengthXY,V000577,value
M028,elongationXY,V000579,value
M028,hdt045,V000573,value
M029,density,V000587,value
M029,tensileModulusXY,V000589,value
M029,elongationXY,V000590,value
M029,hdt045,V000594,value
M030,density,V000596,value
M030,tensileModulusXY,V000598,value
M030,elongationXY,V000599,value
M030,hdt045,V000603,value
M031,density,V000612,value
M031,tensileModulusXY,V000620,value
M031,tensileStrengthXY,V000622,value
M031,elongationXY,V000624,value
M031,hdt045,V000618,value
M032,density,V000633,value
M032,tensileModulusXY,V000641,value
M032,tensileStrengthXY,V000643,value
M032,elongationXY,V000645,value
M032,hdt045,V000639,value
M033,density,V000653,value
M033,tensileModulusXY,V000659,value
M033,tensileStrengthXY,V000661,value
M033,elongationXY,V000663,value
M033,hdt045,V000657,value
M034,density,V001980,value
M034,tensileModulusXY,V001985,value
M034,tensileStrengthXY,V001983,value
M034,elongationXY,V001987,value
M034,hdt045,V001982,value
M035,density,V000677,value
M035,tensileModulusXY,V000685,value
M035,tensileStrengthXY,V000687,value
M035,elongationXY,V000689,value
M035,hdt045,V000683,context
M036,density,V000698,value
M036,tensileModulusXY,V000706,value
M036,tensileStrengthXY,V000708,value
M036,elongationXY,V000710,value
M036,hdt045,V000704,value
M037,density,V000719,value
M037,tensileModulusXY,V000721,value
M037,elongationXY,V000722,value
M037,hdt045,V000726,value
M038,tensileStrengthXY,V001835,value
M038,elongationXY,V001837,value
M039,density,V000752,value
M039,tensileModulusXY,V000753,value
M039,elongationXY,V000754,value
M040,density,V000768,value
M040,tensileModulusXY,V000775,context
M040,tensileStrengthXY,V000777,value
M040,elongationXY,V000779,value
M041,density,V000784,value
M041,tensileModulusXY,V000791,value
M041,tensileStrengthXY,V000793,value
M041,elongationXY,V000795,value
M042,density,V000803,value
M042,tensileModulusXY,V000810,value
M042,tensileStrengthXY,V000812,value
M042,elongationXY,V000814,value
M043,density,V000819,value
M043,tensileModulusXY,V000826,value
M043,tensileStrengthXY,V000828,value
M043,elongationXY,V000830,value
M045,density,V000838,value
M045,elongationXY,V000845,value
M046,density,V001690,value
M048,density,V000896,value
M048,tensileModulusXY,V000904,value
M048,tensileStrengthXY,V000906,value
M048,elongationXY,V000908,value
M048,hdt045,V000902,value
M049,density,V000917,value
M050,density,V000922,value
M050,tensileModulusXY,V000930,value
M050,tensileStrengthXY,V000932,value
M050,elongationXY,V000934,value
M050,hdt045,V000928,value
M051,density,V000943,value
M051,tensileModulusXY,V000951,value
M051,tensileStrengthXY,V000953,value
M051,elongationXY,V000955,value
M051,hdt045,V000949,value
M053,density,V000964,value
M053,tensileModulusXY,V000966,value
M053,elongationXY,V000967,value
M053,hdt045,V000971,value
M054,density,V001007,value
M054,tensileModulusXY,V001009,value
M054,elongationXY,V001010,value
M054,hdt045,V001014,value
M057,density,V001015,value
M057,tensileModulusXY,V001023,value
M057,tensileStrengthXY,V001025,value
M057,elongationXY,V001027,value
M057,hdt045,V001021,value
M059,density,V001052,value
M059,tensileModulusXY,V001055,value
M059,tensileStrengthXY,V001057,value
M059,elongationXY,V001059,value
M059,hdt045,V001054,value
M064,density,V001200,value
M064,hdt045,V001207,value
M065,density,V001236,value
M065,tensileModulusXY,V001238,value
M065,tensileStrengthXY,V001240,value
M065,elongationXY,V001242,value
M066,density,V001753,value
M067,density,V001264,value
M067,tensileModulusXY,V001272,value
M067,tensileStrengthXY,V001274,value
M067,elongationXY,V001276,value
M067,hdt045,V001270,value
M068,density,V001925,value
M068,tensileModulusXY,V001934,value
M068,tensileStrengthXY,V001936,value
M068,elongationXY,V001938,value
M068,hdt045,V001931,value
M069,density,V001285,value
M069,tensileModulusXY,V001292,value
M069,tensileStrengthXY,V001290,value
M069,elongationXY,V001294,value
M069,hdt045,V002224,value
M070,density,V001302,value
M070,tensileModulusXY,V001310,value
M070,tensileStrengthXY,V001312,value
M070,elongationXY,V001314,value
M070,hdt045,V001308,value
M071,density,V001322,value
M071,tensileModulusXY,V001329,value
M071,tensileStrengthXY,V001327,value
M071,elongationXY,V001331,value
M071,hdt045,V001326,value
M072,density,V001339,value
M072,tensileModulusXY,V001341,value
M072,elongationXY,V001342,value
M072,hdt045,V001346,value
M073,density,V001353,value
M073,tensileModulusXY,V001361,value
M073,tensileStrengthXY,V001363,value
M073,elongationXY,V001365,value
M073,hdt045,V001359,value
M074,density,V001374,value
M074,tensileModulusXY,V001381,value
M074,tensileStrengthXY,V001379,value
M074,elongationXY,V001383,value
M074,hdt045,V001378,value
M075,density,V001406,value
M076,density,V001418,value
M077,density,V001808,value
M077,hdt045,V001810,context
M078,density,V001427,value
M079,density,V001439,value
M080,density,V001458,value
M081,density,V001470,value
M081,tensileModulusXY,V001472,value
M081,elongationXY,V001473,value
M081,hdt045,V001477,value
M082,density,V002053,value
M082,tensileModulusXY,V001499,context
M082,elongationXY,V001497,context
M082,hdt045,V001501,value
M083,density,V001502,value
M083,tensileModulusXY,V001504,value
M083,elongationXY,V001505,value
M083,hdt045,V001508,value
M084,density,V001509,value
M084,tensileModulusXY,V001511,value
M084,elongationXY,V001512,value
M084,hdt045,V001515,value
M085,density,V002277,value
M086,density,V001683,value
M087,density,V002018,value
M087,tensileModulusXY,V002023,value
M087,tensileStrengthXY,V002021,value
M087,elongationXY,V002022,value
M088,density,V001523,value
M088,tensileModulusXY,V001525,value
M088,elongationXY,V001526,value
M088,hdt045,V001531,value
M089,density,V001947,value
M089,hdt045,V001954,value
M090,density,V001676,value
M091,density,V001919,value
M091,tensileModulusXY,V001921,value
M091,tensileStrengthXY,V001922,value
M091,hdt045,V001920,context
M092,tensileModulusXY,V001956,value
M092,tensileStrengthXY,V001957,value
M092,elongationXY,V001958,value
M092,hdt045,V001965,context
M093,density,V001695,value
M093,hdt045,V001698,value
M094,density,V001547,value
M094,tensileModulusXY,V001549,value
M094,elongationXY,V001550,value
M094,hdt045,V001554,value
M095,density,V001583,value
M095,tensileModulusXY,V001591,value
M095,tensileStrengthXY,V001593,value
M095,elongationXY,V001595,value
M095,hdt045,V001589,value
M096,density,V001603,value
M096,tensileModulusXY,V001605,value
M096,elongationXY,V001606,value
M096,hdt045,V001610,value
M097,density,V001611,value
M097,tensileModulusXY,V001613,value
M097,tensileStrengthXY,V001612,value
M097,elongationXY,V001614,value
M097,hdt045,V001618,value
M098,density,V001619,value
M098,tensileModulusXY,V001621,value
M098,tensileStrengthXY,V001620,value
M098,elongationXY,V001622,value
M098,hdt045,V001626,value
M099,density,V001635,value
M099,tensileModulusXY,V001637,value
M099,tensileStrengthXY,V001636,value
M099,elongationXY,V001638,value
M099,hdt045,V001642,value
M100,density,V001643,value
M100,tensileModulusXY,V001645,value
M100,tensileStrengthXY,V001644,value
M100,elongationXY,V001646,value
M100,hdt045,V001650,value
M101,density,V001651,value
M102,density,V001659,value
M102,tensileModulusXY,V001661,value
M102,tensileStrengthXY,V001660,value
M102,elongationXY,V001662,value
M102,hdt045,V001666,value
M065,hdt045,V002065,value
M103,density,V002226,value
M103,tensileModulusXY,V002228,value
M103,elongationXY,V002229,value
M103,hdt045,V002232,value
M038,density,V001829,value
M038,tensileModulusXY,V001839,value
M038,hdt045,V001831,value
M085,tensileModulusXY,V002280,value
M085,tensileStrengthXY,V002278,value
M085,elongationXY,V002279,value
M085,hdt045,V002283,value
M114,density,V003134,value
M114,tensileModulusXY,V003136,value
M114,tensileStrengthXY,V003135,value
M114,hdt045,V003140,value
M115,density,V003141,value
M115,tensileModulusXY,V003143,value
M115,tensileStrengthXY,V003142,value
M115,elongationXY,V003144,value
M115,hdt045,V003148,value
M116,density,V003149,value
M116,tensileModulusXY,V003151,value
M116,tensileStrengthXY,V003150,value
M116,elongationXY,V003152,value
M116,hdt045,V003156,value
M117,density,V003165,value
M117,tensileModulusXY,V003167,value
M117,tensileStrengthXY,V003166,value
M117,elongationXY,V003168,value
M117,hdt045,V003172,value
M118,density,V003197,value
M118,tensileModulusXY,V003199,value
M118,tensileStrengthXY,V003198,value
M118,elongationXY,V003200,value
M118,hdt045,V003204,value
M119,density,V003238,value
M119,tensileModulusXY,V003240,value
M119,tensileStrengthXY,V003239,value
M119,elongationXY,V003241,value
M119,hdt045,V003245,value
M120,density,V003246,value
M120,tensileModulusXY,V003248,value
M120,tensileStrengthXY,V003247,value
M120,elongationXY,V003249,value
M120,hdt045,V003253,value
M121,density,V003254,value
M121,tensileModulusXY,V003256,value
M121,tensileStrengthXY,V003255,value
M121,elongationXY,V003257,value
M121,hdt045,V003261,value
M122,density,V003270,value
M122,tensileModulusXY,V003272,value
M122,tensileStrengthXY,V003271,value
M122,elongationXY,V003273,value
M122,hdt045,V003278,value
M123,density,V003295,value
M123,tensileModulusXY,V003297,value
M123,tensileStrengthXY,V003296,value
M123,elongationXY,V003298,value
M124,density,V003310,value
M124,tensileModulusXY,V003312,value
M124,tensileStrengthXY,V003311,value
M124,elongationXY,V003313,value
M124,hdt045,V003317,value
M125,density,V003318,value
M125,tensileModulusXY,V003320,value
M125,tensileStrengthXY,V003319,value
M125,elongationXY,V003321,value
M125,hdt045,V003325,value
M126,density,V003326,value
M126,tensileStrengthXY,V003327,value
M127,density,V003353,value
M127,tensileModulusXY,V003355,value
M127,tensileStrengthXY,V003354,value
M127,elongationXY,V003356,value
M127,hdt045,V003360,value
M128,density,V003377,value
M128,tensileModulusXY,V003379,value
M128,tensileStrengthXY,V003378,value
M128,elongationXY,V003380,value
M128,hdt045,V003384,value
M129,density,V004074,value
M130,density,V004082,value
M130,tensileModulusXY,V004084,value
M130,tensileStrengthXY,V004083,value
M130,elongationXY,V004085,value
M132,density,V005262,value
M132,tensileModulusXY,V005267,value
M132,tensileStrengthXY,V005265,value
M132,elongationXY,V005266,value
M132,hdt045,V005270,value
M133,density,V005362,value
M133,tensileModulusXY,V005367,value
M133,tensileStrengthXY,V005365,value
M133,elongationXY,V005366,value
M133,hdt045,V005369,value
M134,density,V005542,value
M134,hdt045,V005551,value
M135,density,V005618,value
M136,density,V005630,value
M137,density,V005676,value
M138,density,V005692,value
M139,density,V005732,value
M139,hdt045,V005730,value
M140,density,V005738,value
M142,hdt045,V005764,value
M143,density,V005866,value
M143,hdt045,V005870,value
