MaterialID,Original name,Family,H2C status,Representative grade,Nozzle guidance,Bed guidance,Chamber guidance,Printing evidence,Density kg/m³,Tensile modulus XY GPa,Tensile strength XY MPa,Elongation at break XY %,Mechanical evidence,Measurement conditions,HDT 0.45 MPa °C,Thermal evidence,Price CAD/kg,Price evidence,Price basis,Best uses,Limitations,Full name,Original category,Scope,Abbreviation,Normalized name,Base polymer,Modifier / filler,Role,Identity source,H2C evidence,Identity notes,GradeIDs,Headline basis,Impact / toughness,Use evidence,Environmental evidence,Durability evidence,Fatigue / creep,Safety evidence,Printability rating 1–5,Printability rubric
M001,PLA,PLA,Officially listed family,G001-01,190-220C,23-60C,Not required,P0133; Q00353,1240,2.865,Not published,8,V000001; V000003; V000004,Not published / Not published,80,V000008,Not available in sampled Canadian market,Not applicable,No eligible grade-matched offer in sampled Canadian storefronts,Detailed display models and early prototypes; low-load indoor parts.,"No transferable long-term allowable. Verify grade, conditioning and geometry.",Polylactic Acid,PLA,H2C-relevant,PLA,PLA,PLA,Unfilled / unspecified,Structural / functional / appearance,LOCAL-CANON,H2C-WIKI; H2C-MANUAL,Not applicable,G001-01; G001-02; G001-03,Single-grade observations; not a polymer-family range,Not published,Q00271; Q00272; Q00274,Q00001; Q00002; Q00003; Q00004; Q00005; Q00006; Q00275; Q00352,Q00318,Not published for selected grade in sampled sources,Q00320,1,R-PRINT
M002,PLA Basic,PLA,Official Bambu product,G002-01,190 - 230 °C,35 - 45 °C,25 - 45 °C,P0004,1240,2.58,35,12.2,V000042; V000050; V000052; V000054,Dried before testing (see preparation) / All the specimens were annealed and dried at 55 °C for 8 h before testing,57,V000048,27.99,CA0001; CA0077,"2 in-stock regular-price observation(s), before tax/shipping","Family context in Q00271, Q00272, Q00273, Q00274, Q00275, Q00276, Q00277","No transferable long-term allowable. Verify grade, conditioning and geometry.",Polylactic Acid - Basic,PLA,H2C-relevant,PLA Basic,PLA Basic,PLA,Commercial variant / undisclosed,Structural / functional / appearance,LOCAL-CANON,H2C-WIKI; H2C-MANUAL,Not applicable,G002-01,Single-grade observations; not a polymer-family range,See distinct impact records; no fracture-toughness substitution,Q00013,Q00007; Q00008; Q00009; Q00010; Q00011,Q00318,Not published for selected grade in sampled sources,Q00320,Not published,R-PRINT
M003,PLA Matte,PLA,Official Bambu product,G003-01,190 - 230 °C,35 - 45 °C,25 - 45 °C,P0005,1310,1.96,30,14.8,V000063; V000071; V000073; V000075,Dried before testing (see preparation) / All the specimens were annealed and dried at 55 °C for 8 h before testing,58,V000069,27.99,CA0003; CA0079,"2 in-stock regular-price observation(s), before tax/shipping","Family context in Q00271, Q00272, Q00273, Q00274, Q00275, Q00276, Q00277","No transferable long-term allowable. Verify grade, conditioning and geometry.",Polylactic Acid - Matte,PLA,H2C-relevant,PLA Matte,PLA Matte,PLA,Commercial variant / undisclosed,Structural / functional / appearance,LOCAL-CANON,H2C-WIKI; H2C-MANUAL,Not applicable,G003-01,Single-grade observations; not a polymer-family range,See distinct impact records; no fracture-toughness substitution,Q00020,Q00014; Q00015; Q00016; Q00017; Q00018,Q00318,Not published for selected grade in sampled sources,Q00320,Not published,R-PRINT
M004,PLA Lite,PLA,Theoretical,G004-01,190-230 °C,45-60 °C,Not required (no enclosure needed),P0161,1230,Not published,53.05,3.89,V001900; V001903; V001905,Manufacturer product page; XY direction stated; specimen preparation and test standards not published,53,V001902,Not available in sampled Canadian market,Not applicable,No eligible grade-matched offer in sampled Canadian storefronts,"Family context in Q00271, Q00272, Q00273, Q00274, Q00275, Q00276, Q00277",Exact official TDS not located. Search lead PLA Pure is a different product and was rejected.,Polylactic Acid - Lite,PLA,H2C-relevant,PLA Lite,PLA Lite,PLA,Commercial variant / undisclosed,Structural / functional / appearance,LOCAL-CANON,H2C-WIKI; H2C-MANUAL,eSUN PLA-Lite recorded 2026-09-13 as a technical grade sample for this generic entry. The earlier PLA Pure lead remains rejected; no Bambu product is implied.,G004-01,Single-grade observations; not a polymer-family range,Not published,Q00271; Q00272; Q00273; Q00274; Q00275; Q00276; Q00277,Not published,Q00318,Not published for selected grade in sampled sources,Q00320,Not published,R-PRINT
M005,PLA Basic Gradient,PLA,Official Bambu product,G005-01,190 - 230 °C,35 - 45 °C,25 - 45 °C,P0006,1240,2.58,36,15.2,V000083; V000091; V000093; V000095,Dried before testing (see preparation) / All the specimens were annealed and dried at 55 °C for 8 h ours before testing,57,V000089,Not available in sampled Canadian market,Not applicable,No eligible grade-matched offer in sampled Canadian storefronts,"Family context in Q00271, Q00272, Q00273, Q00274, Q00275, Q00276, Q00277","No transferable long-term allowable. Verify grade, conditioning and geometry.",Polylactic Acid - Basic Gradient,PLA,H2C-relevant,PLA Basic Gradient,PLA Basic Gradient,PLA,Commercial variant / undisclosed,Structural / functional / appearance,LOCAL-CANON,H2C-WIKI; H2C-MANUAL,Not applicable,G005-01,Single-grade observations; not a polymer-family range,See distinct impact records; no fracture-toughness substitution,Q00027,Q00021; Q00022; Q00023; Q00024; Q00025,Q00318,Not published for selected grade in sampled sources,Q00320,Not published,R-PRINT
M006,PLA Tough+,PLA,Official Bambu product,G006-01,220 -250 °C,35 -65 °C,25 – 45 °C,P0007,1210,1.86,34.9,9.4,V000104; V000111; V000113; V000115,Not published / Not published,61,V000109,26.99,CA0008,"1 in-stock regular-price observation(s), before tax/shipping","Family context in Q00271, Q00272, Q00273, Q00274, Q00275, Q00276, Q00277","No transferable long-term allowable. Verify grade, conditioning and geometry.",Polylactic Acid - Tough+,PLA,H2C-relevant,PLA Tough+,PLA Tough+,PLA,Commercial variant / undisclosed,Structural / functional / appearance,LOCAL-CANON,H2C-WIKI; H2C-MANUAL,Not applicable,G006-01,Single-grade observations; not a polymer-family range,See distinct impact records; no fracture-toughness substitution,Q00271; Q00272; Q00273; Q00274; Q00275; Q00276; Q00277,Q00381; Q00382; Q00383; Q00384; Q00385,Q00318,Not published for selected grade in sampled sources,Q00320,Not published,R-PRINT
M007,PLA Translucent,PLA,Official Bambu product,G007-01,200 -240 °C,35 -65 °C,25 -45°C,P0008,1220,2.88,55.4,11,V000124; V000131; V000133; V000135,Not published / Not published,60,V000129,29.99,CA0009,"1 in-stock regular-price observation(s), before tax/shipping","Family context in Q00271, Q00272, Q00273, Q00274, Q00275, Q00276, Q00277","No transferable long-term allowable. Verify grade, conditioning and geometry.",Polylactic Acid - Translucent,PLA,H2C-relevant,PLA Translucent,PLA Translucent,PLA,Commercial variant / undisclosed,Structural / functional / appearance,LOCAL-CANON,H2C-WIKI; H2C-MANUAL,Not applicable,G007-01,Single-grade observations; not a polymer-family range,See distinct impact records; no fracture-toughness substitution,Q00271; Q00272; Q00273; Q00274; Q00275; Q00276; Q00277,Q00386; Q00387; Q00388; Q00389; Q00390,Q00318,Not published for selected grade in sampled sources,Q00320,Not published,R-PRINT
M008,PLA Silk,PLA,Theoretical,G008-01,190-230 °C,25-60 °C,Not required (enclosure not needed),P0162,1240,2.403,41.1,Not published,V001913; V001915; V001916,"Printed ISO 527 specimens, 230 °C nozzle, 100% infill; elongation and HDT not published",Not published,V001914,Not available in sampled Canadian market,Not applicable,No eligible grade-matched offer in sampled Canadian storefronts,"Family context in Q00271, Q00272, Q00273, Q00274, Q00275, Q00276, Q00277",Original product retained; current Silk+ is not substituted.,Polylactic Acid - Silk,PLA,H2C-relevant,PLA Silk,PLA Silk,PLA,Commercial variant / undisclosed,Structural / functional / appearance,LOCAL-CANON,H2C-WIKI; H2C-MANUAL,"Polymaker Panchroma Silk PLA recorded 2026-09-13 as a technical grade sample of a silk-effect PLA. It is not the original product, and Bambu PLA Silk+ is still not substituted.",G008-01,Single-grade observations; not a polymer-family range,Not published,Q00271; Q00272; Q00273; Q00274; Q00275; Q00276; Q00277,Not published,Q00318,Not published for selected grade in sampled sources,Q00320,Not published,R-PRINT
M009,PLA Silk+,PLA,Official Bambu product,G009-01,210 - 240 °C,35 - 45 °C,25 - 45 °C,P0009,1270,2.13,33,2.8,V000144; V000151; V000153; V000155,Dried before testing (see preparation) / All the specimens were annealed and dried at 55 °C for 8 h before testing,60,V000149,30.99,CA0010; CA0074,"2 in-stock regular-price observation(s), before tax/shipping","Family context in Q00271, Q00272, Q00273, Q00274, Q00275, Q00276, Q00277","No transferable long-term allowable. Verify grade, conditioning and geometry.",Polylactic Acid - Silk+,PLA,H2C-relevant,PLA Silk+,PLA Silk+,PLA,Commercial variant / undisclosed,Structural / functional / appearance,LOCAL-CANON,H2C-WIKI; H2C-MANUAL,Not applicable,G009-01,Single-grade observations; not a polymer-family range,See distinct impact records; no fracture-toughness substitution,Q00031,Q00391; Q00392; Q00393; Q00394; Q00395,Q00318,Not published for selected grade in sampled sources,Q00320,Not published,R-PRINT
M010,PLA Silk Dual Color,PLA,Official Bambu product,G010-01,210 -240 °C,35 - 45°C,25 -45 °C,P0010,1320,1.83,27,3.5,V000164; V000172; V000174; V000176,Dried before testing (see preparation) / All the specimens were annealed and dried at 55 °C for 8 h before testing,53,V000170,31.99,CA0012; CA0075,"2 in-stock regular-price observation(s), before tax/shipping","Family context in Q00271, Q00272, Q00273, Q00274, Q00275, Q00276, Q00277",Current Bambu page redirects to PLA Silk Multi-Color. Original identity retained.,Polylactic Acid - Silk Dual Color,PLA,H2C-relevant,PLA Silk Dual Color,PLA Silk Dual Color,PLA,Commercial variant / undisclosed,Structural / functional / appearance,LOCAL-CANON,H2C-WIKI; H2C-MANUAL,Current Bambu page redirects to PLA Silk Multi-Color. Original identity retained.,G010-01,Single-grade observations; not a polymer-family range,See distinct impact records; no fracture-toughness substitution,Q00033,Q00396; Q00397; Q00398; Q00399; Q00400,Q00318,Not published for selected grade in sampled sources,Q00320,Not published,R-PRINT
M011,PLA Metal,PLA,Official Bambu product,G011-01,190 - 230 °C,35 - 45 °C,25 - 45 °C,P0011,1250,2.01,34,14.7,V000184; V000191; V000193; V000195,Dried before testing (see preparation) / All the specimens were annealed and dried at 55 °C for 8 h before testing,62,V000189,31.99,CA0013,"1 in-stock regular-price observation(s), before tax/shipping","Family context in Q00271, Q00272, Q00273, Q00274, Q00275, Q00276, Q00277","No transferable long-term allowable. Verify grade, conditioning and geometry.",Polylactic Acid - Metal-Effect,PLA,H2C-relevant,PLA Metal,PLA Metal,PLA,Commercial variant / undisclosed,Structural / functional / appearance,LOCAL-CANON,H2C-WIKI; H2C-MANUAL,Not applicable,G011-01,Single-grade observations; not a polymer-family range,See distinct impact records; no fracture-toughness substitution,Q00040,Q00034; Q00035; Q00036; Q00037; Q00038,Q00318,Not published for selected grade in sampled sources,Q00320,Not published,R-PRINT
M012,PLA Marble,PLA,Official Bambu product,G012-01,190 - 230 °C,35 - 45 °C,25 - 45 °C,P0012,1220,2.33,33,6.7,V000204; V000211; V000213; V000215,Dried before testing (see preparation) / All the specimens were annealed and dried at 55 °C for 8 h before testing,56,V000209,31.99,CA0015,"1 in-stock regular-price observation(s), before tax/shipping","Family context in Q00271, Q00272, Q00273, Q00274, Q00275, Q00276, Q00277","No transferable long-term allowable. Verify grade, conditioning and geometry.",Polylactic Acid - Marble-Effect,PLA,H2C-relevant,PLA Marble,PLA Marble,PLA,Commercial variant / undisclosed,Structural / functional / appearance,LOCAL-CANON,H2C-WIKI; H2C-MANUAL,Not applicable,G012-01,Single-grade observations; not a polymer-family range,See distinct impact records; no fracture-toughness substitution,Q00047,Q00041; Q00042; Q00043; Q00044; Q00045,Q00318,Not published for selected grade in sampled sources,Q00320,Not published,R-PRINT
M013,PLA Sparkle,PLA,Official Bambu product,G013-01,190 - 230 °C,35 - 45 °C,25-45 °C,P0013,1260,1.94,39,11.7,V000224; V000232; V000234; V000236,Not published / Not published,55,V000230,31.99,CA0016,"1 in-stock regular-price observation(s), before tax/shipping","Family context in Q00271, Q00272, Q00273, Q00274, Q00275, Q00276, Q00277","No transferable long-term allowable. Verify grade, conditioning and geometry.",Polylactic Acid - Sparkle,PLA,H2C-relevant,PLA Sparkle,PLA Sparkle,PLA,Commercial variant / undisclosed,Structural / functional / appearance,LOCAL-CANON,H2C-WIKI; H2C-MANUAL,Not applicable,G013-01,Single-grade observations; not a polymer-family range,See distinct impact records; no fracture-toughness substitution,Q00271; Q00272; Q00273; Q00274; Q00275; Q00276; Q00277,Q00048; Q00401; Q00402; Q00403; Q00404,Q00318,Not published for selected grade in sampled sources,Q00320,Not published,R-PRINT
M014,PLA Wood,PLA,Official Bambu product,G014-01,190 - 240 °C,35 - 45 °C,25 - 45 °C,P0014,1210,2.36,26,15.3,V000244; V000251; V000253; V000255,Dried before testing (see preparation) / All the specimens were annealed and dried at 55 °C for 8 h before testing,60,V000249,31.99,CA0018,"1 in-stock regular-price observation(s), before tax/shipping","Family context in Q00271, Q00272, Q00273, Q00274, Q00275, Q00276, Q00277","No transferable long-term allowable. Verify grade, conditioning and geometry.",Polylactic Acid - Wood-Effect / Wood-Filled,PLA,H2C-relevant,PLA Wood,PLA Wood,PLA,Commercial variant / undisclosed,Structural / functional / appearance,LOCAL-CANON,H2C-WIKI; H2C-MANUAL,Not applicable,G014-01,Single-grade observations; not a polymer-family range,See distinct impact records; no fracture-toughness substitution,Q00055,Q00049; Q00050; Q00051; Q00052; Q00053,Q00318,Not published for selected grade in sampled sources,Q00320,Not published,R-PRINT
M015,PLA Galaxy,PLA,Official Bambu product,G015-01,190 - 230 °C,35 - 45°C,25 - 45 °C,P0015,1190,1.54,26,9.3,V000264; V000271; V000273; V000275,Dried before testing (see preparation) / All the specimens were annealed and dried at 55 °C for 8 h before testing,55,V000269,31.99,CA0019; CA0087,"2 in-stock regular-price observation(s), before tax/shipping","Family context in Q00271, Q00272, Q00273, Q00274, Q00275, Q00276, Q00277","No transferable long-term allowable. Verify grade, conditioning and geometry.",Polylactic Acid - Galaxy-Effect,PLA,H2C-relevant,PLA Galaxy,PLA Galaxy,PLA,Commercial variant / undisclosed,Structural / functional / appearance,LOCAL-CANON,H2C-WIKI; H2C-MANUAL,Not applicable,G015-01,Single-grade observations; not a polymer-family range,See distinct impact records; no fracture-toughness substitution,Q00057,Q00406; Q00407; Q00408; Q00409; Q00410,Q00318,Not published for selected grade in sampled sources,Q00320,Not published,R-PRINT
M016,PLA Glow,PLA,Official Bambu product,G016-01,190 - 230 °C,35 - 45 °C,25 - 45 °C,P0016,1260,2.03,32,8.6,V000283; V000290; V000292; V000294,Dried before testing (see preparation) / All the specimens were annealed and dried at 55 °C for 8 h before testing,55,V000288,31.99,CA0020,"1 in-stock regular-price observation(s), before tax/shipping","Family context in Q00271, Q00272, Q00273, Q00274, Q00275, Q00276, Q00277","No transferable long-term allowable. Verify grade, conditioning and geometry.",Polylactic Acid - Glow-in-the-Dark,PLA,H2C-relevant,PLA Glow,PLA Glow,PLA,Commercial variant / undisclosed,Structural / functional / appearance,LOCAL-CANON,H2C-WIKI; H2C-MANUAL,Not applicable,G016-01,Single-grade observations; not a polymer-family range,See distinct impact records; no fracture-toughness substitution,Q00064,Q00058; Q00059; Q00060; Q00061; Q00062,Q00318,Not published for selected grade in sampled sources,Q00320,Not published,R-PRINT
M017,PLA Aero,PLA,Official Bambu product,G017-01,210 - 260 °C,35 - 45 °C,25 - 45 °C,P0017,1210,1.35,24,2.6,V000303; V000310; V000312; V000314,Dried before testing (see preparation) / All the specimens were annealed and dried at 55 °C for8 h before testing,53,V000308,57.99,CA0021,"1 in-stock regular-price observation(s), before tax/shipping","Family context in Q00271, Q00272, Q00273, Q00274, Q00275, Q00276, Q00277","No transferable long-term allowable. Verify grade, conditioning and geometry.",Lightweight / Foaming Polylactic Acid,PLA,H2C-relevant,PLA Aero,PLA Aero,PLA,Foaming,Structural / functional / appearance,LOCAL-CANON,H2C-WIKI; H2C-MANUAL,Not applicable,G017-01,Single-grade observations; not a polymer-family range,See distinct impact records; no fracture-toughness substitution,Q00066,Q00411; Q00412; Q00413; Q00414; Q00415,Q00318,Not published for selected grade in sampled sources,Q00320,Not published,R-PRINT
M018,PLA-CF,PLA,Official Bambu product,G018-01,210 - 240 °C,35 - 45 °C,25 - 45 °C,P0018,1220,2.79,38,8.4,V000323; V000331; V000333; V000335,Dried before testing (see preparation) / All the specimens were annealed and dried at 55 °C for 8 h before testing,55,V000329,40.99,CA0025,"1 in-stock regular-price observation(s), before tax/shipping","Family context in Q00271, Q00272, Q00273, Q00274, Q00275, Q00276, Q00277","No transferable long-term allowable. Verify grade, conditioning and geometry.",Carbon-Fiber-Reinforced Polylactic Acid,PLA,H2C-relevant,PLA-CF,PLA-CF,PLA,Carbon fibre,Structural / functional / appearance,LOCAL-CANON,H2C-WIKI; H2C-MANUAL,Not applicable,G018-01,Single-grade observations; not a polymer-family range,See distinct impact records; no fracture-toughness substitution,Q00073,Q00067; Q00068; Q00069; Q00070; Q00071,Q00318,Not published for selected grade in sampled sources,Q00320,Not published,R-PRINT
M019,PLA-GF,PLA,Officially listed family,G019-01,210-230 (°C),25-60 (°C),Ambient temperature,P0019,1337,3.79385,50.09,2.77,V000344; V000354; V000356; V000358,Not published / Not published,75.5,V000350,Not available in sampled Canadian market,Not applicable,No eligible grade-matched offer in sampled Canadian storefronts,"Family context in Q00271, Q00272, Q00273, Q00274, Q00275, Q00276, Q00277","No transferable long-term allowable. Verify grade, conditioning and geometry.",Glass-Fiber-Reinforced Polylactic Acid,PLA,H2C-relevant,PLA-GF,PLA-GF,PLA,Glass fibre,Structural / functional / appearance,LOCAL-CANON,H2C-WIKI; H2C-MANUAL,Not applicable,G019-01; G019-02,Single-grade observations; not a polymer-family range,See distinct impact records; no fracture-toughness substitution,Q00271; Q00272; Q00273; Q00274; Q00275; Q00276; Q00277,Q00074; Q00075; Q00076; Q00077; Q00078,Q00319,Not published for selected grade in sampled sources,Q00320,Not published,R-PRINT
M020,PETG,PETG,Officially listed family,G020-01,Not published,Not published,Not published,P0021; Q00354,1280,1.4,Not published,8,V000382; V000384; V000385,Not published / Not published,70,V000389,Not available in sampled Canadian market,Not applicable,No eligible grade-matched offer in sampled Canadian storefronts,"Holders, brackets and general functional parts; favourable interlayer bonding.","No transferable long-term allowable. Verify grade, conditioning and geometry.",Polyethylene Terephthalate Glycol-Modified,PETG,H2C-relevant,PETG,PETG,PETG,Unfilled / unspecified,Structural / functional / appearance,LOCAL-CANON,H2C-WIKI; H2C-MANUAL,Not applicable,G020-01; G020-02; G020-03,Single-grade observations; not a polymer-family range,Not published,Q00278; Q00280,Q00079; Q00080; Q00081; Q00082; Q00083; Q00084,Q00318,Not published for selected grade in sampled sources,Q00320,2,R-PRINT
M021,PETG Basic,PETG,Official Bambu product,G021-01,230 - 260 °C,65 - 75 °C,35 - 50 °C,P0024,1250,2.78,51,9.5,V000423; V000431; V000433; V000435,Not published / Not published,71,V000429,24.99,CA0027,"1 in-stock regular-price observation(s), before tax/shipping","Family context in Q00278, Q00279, Q00280, Q00281",Current page describes all-new PETG Basic; older Basic data must remain separate.,Polyethylene Terephthalate Glycol-Modified - Basic,PETG,H2C-relevant,PETG Basic,PETG Basic,PETG,Commercial variant / undisclosed,Structural / functional / appearance,LOCAL-CANON,H2C-WIKI; H2C-MANUAL,Current page describes all-new PETG Basic; older Basic data must remain separate.,G021-01,Single-grade observations; not a polymer-family range,See distinct impact records; no fracture-toughness substitution,Q00278; Q00279; Q00280; Q00281,Q00085; Q00086; Q00087; Q00088; Q00089,Q00318,Not published for selected grade in sampled sources,Q00320,Not published,R-PRINT
M022,PETG HF,PETG,Official Bambu product,G022-01,230 - 260 °C,65 - 75 °C,35 - 50 °C,P0025,1280,1.81,34,8.6,V000443; V000451; V000453; V000455,Dried before testing (see preparation) / All the specimens were annealed and dried at 75 °C for 8 h before testing,69,V000449,Not available in sampled Canadian market,Not applicable,No eligible grade-matched offer in sampled Canadian storefronts,"Family context in Q00278, Q00279, Q00280, Q00281","No transferable long-term allowable. Verify grade, conditioning and geometry.",Polyethylene Terephthalate Glycol-Modified - High Flow,PETG,H2C-relevant,PETG HF,PETG HF,PETG,Commercial variant / undisclosed,Structural / functional / appearance,LOCAL-CANON,H2C-WIKI; H2C-MANUAL,Not applicable,G022-01,Single-grade observations; not a polymer-family range,See distinct impact records; no fracture-toughness substitution,Q00092,Q00416; Q00417; Q00418; Q00419; Q00420,Q00318,Not published for selected grade in sampled sources,Q00320,Not published,R-PRINT
M023,PETG Translucent,PETG,Official Bambu product,G023-01,230 - 270 °C,65 - 75 °C,35 - 50 °C,P0026,1250,1.42,33,8.2,V000463; V000471; V000473; V000475,Dried before testing (see preparation) / All the specimens were annealed and dried at 65 °C for 8 h before testing,74,V000469,25.99,CA0033,"1 in-stock regular-price observation(s), before tax/shipping","Family context in Q00278, Q00279, Q00280, Q00281","No transferable long-term allowable. Verify grade, conditioning and geometry.",Polyethylene Terephthalate Glycol-Modified - Translucent,PETG,H2C-relevant,PETG Translucent,PETG Translucent,PETG,Commercial variant / undisclosed,Structural / functional / appearance,LOCAL-CANON,H2C-WIKI; H2C-MANUAL,Not applicable,G023-01,Single-grade observations; not a polymer-family range,See distinct impact records; no fracture-toughness substitution,Q00099,Q00093; Q00094; Q00095; Q00096; Q00097,Q00318,Not published for selected grade in sampled sources,Q00320,Not published,R-PRINT
M024,PETG-CF,PETG,Official Bambu product,G024-01,240 - 270 °C,65 - 75 °C,35 - 50 °C,P0027,1250,2.46,35,10.4,V000484; V000492; V000494; V000496,Dried before testing (see preparation) / All the specimens were annealed and dried at 65 °C for 8 h before testing,74,V000490,40.99,CA0036,"1 in-stock regular-price observation(s), before tax/shipping","Family context in Q00278, Q00279, Q00280, Q00281","No transferable long-term allowable. Verify grade, conditioning and geometry.",Carbon-Fiber-Reinforced PETG,PETG,H2C-relevant,PETG-CF,PETG-CF,PETG,Carbon fibre,Structural / functional / appearance,LOCAL-CANON,H2C-WIKI; H2C-MANUAL,Not applicable,G024-01,Single-grade observations; not a polymer-family range,See distinct impact records; no fracture-toughness substitution,Q00106,Q00100; Q00101; Q00102; Q00103; Q00104,Q00318,Not published for selected grade in sampled sources,Q00320,Not published,R-PRINT
M025,PETG-GF,PETG,Officially listed family,G025-02,250-280 °C,60-70 °C,Not published,P0168,1330,2.3345,53.6,1.9,V001967; V001971; V001970; V001972,"Printed X-Y specimens, 250 °C nozzle, 100% infill; GB/T 1040 tensile at 50 mm/min. HDT is published with an ambiguous load and is not a headline",Not published,Not applicable,Not available in sampled Canadian market,Not applicable,No eligible grade-matched offer in sampled Canadian storefronts,"Family context in Q00278, Q00279, Q00280, Q00281","No transferable long-term allowable. Verify grade, conditioning and geometry.",Glass-Fiber-Reinforced PETG,PETG,H2C-relevant,PETG-GF,PETG-GF,PETG,Glass fibre,Structural / functional / appearance,LOCAL-CANON,H2C-WIKI; H2C-MANUAL,"Representative grade changed 2026-09-13 from iSANMATE PETG Glass Fiber (G025-01, no specimen direction published) to Eryone PETG-GF (G025-02, printed X-Y data, 10% glass fibre). iSANMATE was not overwritten.",G025-01; G025-02,Single-grade observations; not a polymer-family range,Not published,Q00278; Q00279; Q00280; Q00281,Not published,Q00318,Not published for selected grade in sampled sources,Q00320,Not published,R-PRINT
M026,PETG-ESD,PETG,Theoretical,G026-01,230-260C,60-90C,Not required,P0134,1280,1.8,Not published,13,V000510; V000512; V000513,Not published / Not published,75,V000517,Not available in sampled Canadian market,Not applicable,No eligible grade-matched offer in sampled Canadian storefronts,"Family context in Q00278, Q00279, Q00280, Q00281","No transferable long-term allowable. Verify grade, conditioning and geometry.",Electrostatic-Dissipative PETG,PETG,H2C-relevant,PETG-ESD,PETG-ESD,PETG,ESD formulation,Structural / functional / appearance,LOCAL-CANON,H2C-WIKI; H2C-MANUAL,Not applicable,G026-01; G026-02; G026-03,Single-grade observations; not a polymer-family range,Not published,Q00278; Q00279; Q00280; Q00281,Q00107; Q00108; Q00109; Q00110; Q00111,Q00318,Not published for selected grade in sampled sources,Q00320,Not published,R-PRINT
M027,ABS,ABS,Official Bambu product,G027-01,240 - 270 °C,80 - 100 °C,45 - 60 °C,P0032; Q00355,1050,2.2,33,10.5,V000546; V000554; V000556; V000558,Dried before testing (see preparation) / All the specimens were annealed and dried at 80 °C for 12 h before testing,87,V000552,25.99,CA0037,"1 in-stock regular-price observation(s), before tax/shipping",Economical technical housings and parts that benefit from acetone finishing.,"No transferable long-term allowable. Verify grade, conditioning and geometry.",Acrylonitrile Butadiene Styrene,ABS,H2C-relevant,ABS,ABS,ABS,Unfilled / unspecified,Structural / functional / appearance,LOCAL-CANON,H2C-WIKI; H2C-MANUAL,Not applicable,G027-01,Single-grade observations; not a polymer-family range,See distinct impact records; no fracture-toughness substitution,Q00118; Q00282; Q00285,Q00112; Q00113; Q00114; Q00115; Q00116; Q00283; Q00349,Q00318,Not published for selected grade in sampled sources,Q00320,4,R-PRINT
M028,ABS-GF,ABS,Official Bambu product,G028-01,240 - 280 °C,80 -100 °C,45 - 60 °C,P0033,1080,3.16,36,1.2,V000567; V000575; V000577; V000579,Dried before testing (see preparation) / All the specimens were annealed and dried at 80 °C for 12 h before testing,99,V000573,38.99,CA0040,"1 in-stock regular-price observation(s), before tax/shipping","Family context in Q00282, Q00283, Q00284, Q00285","No transferable long-term allowable. Verify grade, conditioning and geometry.",Glass-Fiber-Reinforced Acrylonitrile Butadiene Styrene,ABS,H2C-relevant,ABS-GF,ABS-GF,ABS,Glass fibre,Structural / functional / appearance,LOCAL-CANON,H2C-WIKI; H2C-MANUAL,Not applicable,G028-01,Single-grade observations; not a polymer-family range,See distinct impact records; no fracture-toughness substitution,Q00120,Q00421; Q00422; Q00423; Q00424; Q00425,Q00318,Not published for selected grade in sampled sources,Q00320,Not published,R-PRINT
M029,ABS-CF,ABS,Officially listed family,G029-01,220-240C,100-110C,Recommended,P0135,1110,5.21,Not published,2,V000587; V000589; V000590,Not published / Not published,76,V000594,Not available in sampled Canadian market,Not applicable,No eligible grade-matched offer in sampled Canadian storefronts,"Family context in Q00282, Q00283, Q00284, Q00285","No transferable long-term allowable. Verify grade, conditioning and geometry.",Carbon-Fiber-Reinforced Acrylonitrile Butadiene Styrene,ABS,H2C-relevant,ABS-CF,ABS-CF,ABS,Carbon fibre,Structural / functional / appearance,LOCAL-CANON,H2C-WIKI; H2C-MANUAL,Not applicable,G029-01; G029-02,Single-grade observations; not a polymer-family range,Not published,Q00282; Q00283; Q00284; Q00285,Not published,Q00318,Not published for selected grade in sampled sources,Q00320,Not published,R-PRINT
M030,ABS-ESD,ABS,Theoretical,G030-01,220-240°C,100-110°C,Recommended,P0136,1090,2.13,Not published,4,V000596; V000598; V000599,Not published / Not published,97,V000603,Not available in sampled Canadian market,Not applicable,No eligible grade-matched offer in sampled Canadian storefronts,"Family context in Q00282, Q00283, Q00284, Q00285","No transferable long-term allowable. Verify grade, conditioning and geometry.",Electrostatic-Dissipative Acrylonitrile Butadiene Styrene,ABS,H2C-relevant,ABS-ESD,ABS-ESD,ABS,ESD formulation,Structural / functional / appearance,LOCAL-CANON,H2C-WIKI; H2C-MANUAL,Not applicable,G030-01; G030-02,Single-grade observations; not a polymer-family range,Not published,Q00282; Q00283; Q00284; Q00285,Not published,Q00318,Not published for selected grade in sampled sources,Q00320,Not published,R-PRINT
M031,ASA,ASA,Official Bambu product,G031-01,240 - 270 °C,80 - 100 °C,45 - 60 °C,P0038; Q00356,1050,2.45,37,9.2,V000612; V000620; V000622; V000624,Dried before testing (see preparation) / All the specimens were annealed and dried at 80 °C for 12 h before testing,100,V000618,38.99,CA0041; CA0090; CA0104,"3 in-stock regular-price observation(s), before tax/shipping","Weather-exposed covers, brackets and outdoor technical components.","No transferable long-term allowable. Verify grade, conditioning and geometry.",Acrylonitrile Styrene Acrylate,ASA,H2C-relevant,ASA,ASA,ASA,Unfilled / unspecified,Structural / functional / appearance,LOCAL-CANON,H2C-WIKI; H2C-MANUAL,Not applicable,G031-01,Single-grade observations; not a polymer-family range,See distinct impact records; no fracture-toughness substitution,Q00127; Q00286; Q00289,Q00121; Q00122; Q00123; Q00124; Q00125; Q00287; Q00350,Q00345,Original fatigue-study records available; grade-specific,Q00320,4,R-PRINT
M032,ASA Aero,ASA,Official Bambu product,G032-01,240 - 28 0 °C,80 - 90 °C,45 - 60 °C,P0039,990,2.01,32,1.6,V000633; V000641; V000643; V000645,Dried before testing (see preparation) / All the specimens were annealed and dried at 80 °C for 12 h before testing,85,V000639,63.99,CA0043,"1 in-stock regular-price observation(s), before tax/shipping","Family context in Q00286, Q00287, Q00288, Q00289","No transferable long-term allowable. Verify grade, conditioning and geometry.",Lightweight / Foaming Acrylonitrile Styrene Acrylate,ASA,H2C-relevant,ASA Aero,ASA Aero,ASA,Foaming,Structural / functional / appearance,LOCAL-CANON,H2C-WIKI; H2C-MANUAL,Not applicable,G032-01,Single-grade observations; not a polymer-family range,See distinct impact records; no fracture-toughness substitution,Q00134,Q00128; Q00129; Q00130; Q00131; Q00132,Q00318,Not published for selected grade in sampled sources,Q00320,Not published,R-PRINT
M033,ASA-CF,ASA,Official Bambu product,G033-01,250 - 280 °C,80 - 100°C,45 - 60 °C,P0040,1020,4.2,34,9.6,V000653; V000659; V000661; V000663,Dried before testing (see preparation) / All the specimens were annealed and dried at 80 °C for 12 h before testing,110,V000657,Not available in sampled Canadian market,Not applicable,No eligible grade-matched offer in sampled Canadian storefronts,"Family context in Q00286, Q00287, Q00288, Q00289","No transferable long-term allowable. Verify grade, conditioning and geometry.",Carbon-Fiber-Reinforced Acrylonitrile Styrene Acrylate,ASA,H2C-relevant,ASA-CF,ASA-CF,ASA,Carbon fibre,Structural / functional / appearance,LOCAL-CANON,H2C-WIKI; H2C-MANUAL,Not applicable,G033-01,Single-grade observations; not a polymer-family range,See distinct impact records; no fracture-toughness substitution,Q00141,Q00135; Q00136; Q00137; Q00138; Q00139,Q00318,Not published for selected grade in sampled sources,Q00320,Not published,R-PRINT
M034,ASA-GF,ASA,Officially listed family,G034-03,265-290 °C,90-110 °C,Not required (TDS: no need for positive chamber heating),P0169,1110,2.758,39,5.8,V001980; V001985; V001983; V001987,"Printed by IPCON on a Bambu P1S, 275 °C nozzle, 100% concentric infill; ISO 527. HDT ISO 75 at 0.45 MPa",98,V001982,Not available in sampled Canadian market,Not applicable,No eligible grade-matched offer in sampled Canadian storefronts,"Family context in Q00286, Q00287, Q00288, Q00289","No transferable long-term allowable. Verify grade, conditioning and geometry.",Glass-Fiber-Reinforced Acrylonitrile Styrene Acrylate,ASA,H2C-relevant,ASA-GF,ASA-GF,ASA,Glass fibre,Structural / functional / appearance,LOCAL-CANON,H2C-WIKI; H2C-MANUAL,"Representative grade changed 2026-09-13 from Spectrum ASA-X GF10 (G034-01), whose mechanical and HDT values are injection moulded per its TDS, to IPCON ASA GF (G034-03), which publishes printed XY and Z data. Flashforge ASAGF10 (G034-04) added.",G034-01; G034-02; G034-03; G034-04,Single-grade observations; not a polymer-family range,Not published,Q00286; Q00287; Q00288; Q00289,Not published,Q00318,Not published for selected grade in sampled sources,Q00320,Not published,R-PRINT
M035,PC,Polycarbonate,Official Bambu product,G035-01,260 - 280 °C,90 - 110 °C,45 - 60 °C,P0043; Q00357,1200,2.11,62,3.8,V000677; V000685; V000687; V000689,Dried before testing (see preparation) / All the specimens were annealed and dried at 80 °C for 12 hours before testing; Dry / All the specimens were annealed and dried at 80 °C for 12 hours before testing,112,V000683,50.99,CA0045,"1 in-stock regular-price observation(s), before tax/shipping",Heat-resistant technical components requiring stiffness and mechanical durability.,"No transferable long-term allowable. Verify grade, conditioning and geometry.",Polycarbonate,Polycarbonate,H2C-relevant,PC,PC,PC,Unfilled / unspecified,Structural / functional / appearance,LOCAL-CANON,H2C-WIKI; H2C-MANUAL,Not applicable,G035-01,Single-grade observations; not a polymer-family range,See distinct impact records; no fracture-toughness substitution,Q00148; Q00290; Q00293,Q00142; Q00143; Q00144; Q00145; Q00146; Q00291,Q00346,Original fatigue-study records available; grade-specific,Q00320,4,R-PRINT
M036,PC FR,Polycarbonate,Official Bambu product,G036-01,260 - 280 °C,90 -110°C,45 - 60 °C,P0044,1180,1.67,60,2.4,V000698; V000706; V000708; V000710,Not published / Not published,113,V000704,69.99,CA0047,"1 in-stock regular-price observation(s), before tax/shipping","Family context in Q00290, Q00291, Q00292, Q00293","No transferable long-term allowable. Verify grade, conditioning and geometry.",Flame-Retardant Polycarbonate,Polycarbonate,H2C-relevant,PC FR,PC FR,PC,Commercial variant / undisclosed,Structural / functional / appearance,LOCAL-CANON,H2C-WIKI; H2C-MANUAL,Not applicable,G036-01,Single-grade observations; not a polymer-family range,See distinct impact records; no fracture-toughness substitution,Q00290; Q00291; Q00292; Q00293,Q00426; Q00427; Q00428; Q00429; Q00430,Q00318,Not published for selected grade in sampled sources,Q00320,Not published,R-PRINT
M037,PC-CF,Polycarbonate,Officially listed family,G037-01,280-310C,110-120C,Recommended,P0137,1360,6.2,Not published,2,V000719; V000721; V000722,Not published / Not published,135,V000726,Not available in sampled Canadian market,Not applicable,No eligible grade-matched offer in sampled Canadian storefronts,"Family context in Q00290, Q00291, Q00292, Q00293","No transferable long-term allowable. Verify grade, conditioning and geometry.",Carbon-Fiber-Reinforced Polycarbonate,Polycarbonate,H2C-relevant,PC-CF,PC-CF,PC,Carbon fibre,Structural / functional / appearance,LOCAL-CANON,H2C-WIKI; H2C-MANUAL,Not applicable,G037-01; G037-02; G037-03,Single-grade observations; not a polymer-family range,Not published,Q00290; Q00291; Q00292; Q00293,Not published,Q00318,Not published for selected grade in sampled sources,Q00320,Not published,R-PRINT
M038,PC-GF,Polycarbonate,Officially listed family,G038-01,Not published,90-110 °C —,Not published,P0048,Not published,Not published,40,9.5,V000740; V000742,Not published / Not published,Not published,Not applicable,Not available in sampled Canadian market,Not applicable,No eligible grade-matched offer in sampled Canadian storefronts,"Family context in Q00290, Q00291, Q00292, Q00293","No transferable long-term allowable. Verify grade, conditioning and geometry.",Glass-Fiber-Reinforced Polycarbonate,Polycarbonate,H2C-relevant,PC-GF,PC-GF,PC,Glass fibre,Structural / functional / appearance,LOCAL-CANON,H2C-WIKI; H2C-MANUAL,Not applicable,G038-01; G038-02,Single-grade observations; not a polymer-family range,See distinct impact records; no fracture-toughness substitution,Q00290; Q00291; Q00292; Q00293,Q00331; Q00372,Q00318,Not published for selected grade in sampled sources,Q00320,Not published,R-PRINT
M039,TPU,Flexible Elastomers,Officially listed family,G039-01,210 – 230 (℃),25 - 60 (˚C),Room temperature,P0049; Q00358,1200,0.029,Not published,330.1,V000752; V000753; V000754,Not published / Not published,Not published,Not applicable,Not available in sampled Canadian market,Not applicable,No eligible grade-matched offer in sampled Canadian storefronts,"Compliant pads, protective sleeves, seals and flexible components; geometry strongly affects compliance.","No transferable long-term allowable. Verify grade, conditioning and geometry.",Thermoplastic Polyurethane,Flexible Elastomers,H2C-relevant,TPU,TPU,TPU,Unfilled / unspecified,Structural / functional / appearance,LOCAL-CANON,H2C-WIKI; H2C-MANUAL,Not applicable,G039-01; G039-02; G039-03,Single-grade observations; not a polymer-family range,Not published,Q00294; Q00296,Q00149; Q00150; Q00151; Q00152; Q00153; Q00154; Q00297; Q00165; Q00166; Q00167; Q00168; Q00169; Q00170,Q00318,Not published for selected grade in sampled sources,Q00320,4,R-PRINT
M040,TPU for AMS,Flexible Elastomers,Official Bambu product,G040-01,220 -240 °C,30 -35 °C,25 - 45°C,P0051,1260,1.19,22.4,650,V000768; V000775; V000777; V000779,Not published / Not published,Not published,Not applicable,47.49,CA0049; CA0070,"2 in-stock regular-price observation(s), before tax/shipping","Family context in Q00294, Q00295, Q00296, Q00297","No transferable long-term allowable. Verify grade, conditioning and geometry.",Thermoplastic Polyurethane for Automatic Material System,Flexible Elastomers,H2C-relevant,TPU for AMS,TPU for AMS,TPU,Commercial variant / undisclosed,Structural / functional / appearance,LOCAL-CANON,H2C-WIKI; H2C-MANUAL,Not applicable,G040-01,Single-grade observations; not a polymer-family range,See distinct impact records; no fracture-toughness substitution,Q00294; Q00295; Q00296; Q00297,Q00432; Q00433; Q00434; Q00435; Q00436,Q00318,Not published for selected grade in sampled sources,Q00320,Not published,R-PRINT
M041,TPU 95A HF,Flexible Elastomers,Official Bambu product,G041-01,220 - 240 °C,30 - 35 °C,25 - 45 °C,P0052,1220,0.0098,27.3,650,V000784; V000791; V000793; V000795,Dried before testing (see preparation) / All the specimens were annealed and dried at 70 °C for 12 h before testing,Not published,Not applicable,53.99,CA0050; CA0088,"2 in-stock regular-price observation(s), before tax/shipping","Family context in Q00294, Q00295, Q00296, Q00297","No transferable long-term allowable. Verify grade, conditioning and geometry.","Thermoplastic Polyurethane, Shore 95A - High Flow",Flexible Elastomers,H2C-relevant,TPU 95A HF,TPU 95A HF,TPU,Commercial variant / undisclosed,Structural / functional / appearance,LOCAL-CANON,H2C-WIKI; H2C-MANUAL,Not applicable,G041-01,Single-grade observations; not a polymer-family range,See distinct impact records; no fracture-toughness substitution,Q00162,Q00156; Q00157; Q00158; Q00159; Q00160,Q00318,Not published for selected grade in sampled sources,Q00320,Not published,R-PRINT
M042,TPU 90A,Flexible Elastomers,Official Bambu product,G042-01,200 -250 °C,30 -35 °C,25 -45 °C,P0053,1240,0.0053,12.5,650,V000803; V000810; V000812; V000814,Not published / Not published,Not published,Not applicable,53.99,CA0052,"1 in-stock regular-price observation(s), before tax/shipping","Family context in Q00294, Q00295, Q00296, Q00297","No transferable long-term allowable. Verify grade, conditioning and geometry.","Thermoplastic Polyurethane, Shore 90A",Flexible Elastomers,H2C-relevant,TPU 90A,TPU 90A,TPU,Commercial variant / undisclosed,Structural / functional / appearance,LOCAL-CANON,H2C-WIKI; H2C-MANUAL,Not applicable,G042-01,Single-grade observations; not a polymer-family range,See distinct impact records; no fracture-toughness substitution,Q00294; Q00295; Q00296; Q00297,Q00437; Q00438; Q00439; Q00440; Q00441,Q00318,Not published for selected grade in sampled sources,Q00320,Not published,R-PRINT
M043,TPU 85A,Flexible Elastomers,Official Bambu product,G043-01,200 -250 °C,30 -35 °C,25 -45 °C,P0054,1180,0.0068,12,700,V000819; V000826; V000828; V000830,Not published / Not published,Not published,Not applicable,Not available in sampled Canadian market,Not applicable,No eligible grade-matched offer in sampled Canadian storefronts,"Family context in Q00294, Q00295, Q00296, Q00297","No transferable long-term allowable. Verify grade, conditioning and geometry.","Thermoplastic Polyurethane, Shore 85A",Flexible Elastomers,H2C-relevant,TPU 85A,TPU 85A,TPU,Commercial variant / undisclosed,Structural / functional / appearance,LOCAL-CANON,H2C-WIKI; H2C-MANUAL,Not applicable,G043-01,Single-grade observations; not a polymer-family range,See distinct impact records; no fracture-toughness substitution,Q00294; Q00295; Q00296; Q00297,Q00442; Q00443; Q00444; Q00445; Q00446,Q00318,Not published for selected grade in sampled sources,Q00320,Not published,R-PRINT
M044,TPE,Flexible Elastomers,Theoretical,Not published,Not published,Not published,Not published,Not applicable,Not published,Not published,Not published,Not published,Not applicable,Not applicable: family entry,Not published,Not applicable,Not available in sampled Canadian market,Not applicable,Family entry: no product of its own,"Family context in Q00294, Q00295, Q00296, Q00297","No transferable long-term allowable. Verify grade, conditioning and geometry.",Thermoplastic Elastomer,Flexible Elastomers,Family entry,TPE,TPE,TPE,Unfilled / unspecified,Structural / functional / appearance,LOCAL-CANON,H2C-WIKI; H2C-MANUAL,"TPE is a family entry for thermoplastic elastomers: TPU (all grades), PEBA, TPC / TPEE, OBC. Until 2026-09-13 this row held products that belong to those rows, so their numbers appeared twice; the products now live only in their own rows (docs/audits/2026-09-13-duplicate-products/).",Not published,Family entry: no values of its own; see its member materials,Not published,Q00294; Q00295; Q00296; Q00297,Not applicable,Q00318,Not published for selected grade in sampled sources,Q00320,Not published,R-PRINT
M045,PEBA,Flexible Elastomers,Theoretical,G045-01,230~260 ℃（recommended: 240℃）,60~90 ℃,Not published,P0057,1010,Not published,Not published,520,V000838; V000845,Not published / Not published,Not published,Not applicable,Not available in sampled Canadian market,Not applicable,No eligible grade-matched offer in sampled Canadian storefronts,"Family context in Q00294, Q00295, Q00296, Q00297","No transferable long-term allowable. Verify grade, conditioning and geometry.",Polyether Block Amide,Flexible Elastomers,H2C-relevant,PEBA,PEBA,PEBA,Unfilled / unspecified,Structural / functional / appearance,LOCAL-CANON,H2C-WIKI; H2C-MANUAL,Not applicable,G045-01; G045-02; G045-03,Single-grade observations; not a polymer-family range,Not published,Q00294; Q00295; Q00296; Q00297,Not published,Q00318,Not published for selected grade in sampled sources,Q00320,Not published,R-PRINT
M046,TPC / TPEE,Flexible Elastomers,Theoretical,G046-01,220–240°C,20–60°C,No setpoint published ('-' in TDS),P0059,1150,Not published,Not published,Not published,V001690,Not published / Not published,Not published,Not applicable,Not available in sampled Canadian market,Not applicable,No eligible grade-matched offer in sampled Canadian storefronts,"Family context in Q00294, Q00295, Q00296, Q00297",TPC / TPEE are elastomer-family synonyms; do not equate to rigid CPE.,Thermoplastic Copolyester / Thermoplastic Polyester Elastomer,Flexible Elastomers,H2C-relevant,TPC / TPEE,TPC / TPEE,TPC,Commercial variant / undisclosed,Structural / functional / appearance,LOCAL-CANON,H2C-WIKI; H2C-MANUAL,TPC / TPEE are elastomer-family synonyms; do not equate to rigid CPE.,G046-01,Single-grade observations; not a polymer-family range,Not published,Q00294; Q00295; Q00296; Q00297,Not published,Q00318,Not published for selected grade in sampled sources,Q00320,Not published,R-PRINT
M047,PA,Nylon / Polyamide,Officially listed family,Not published,Not published,Not published,Not published,Q00359,Not published,Not published,Not published,Not published,Not applicable,Not applicable: family entry,Not published,Not applicable,Not available in sampled Canadian market,Not applicable,Family entry: no product of its own,"Wear-resistant technical parts, resilient components and functional mechanisms.","No transferable long-term allowable. Verify grade, conditioning and geometry.",Polyamide (Nylon),Nylon / Polyamide,Family entry,PA,PA,PA,Unfilled / unspecified,Structural / functional / appearance,LOCAL-CANON,H2C-WIKI; H2C-MANUAL,"PA is a family entry for unfilled aliphatic polyamides: PA6, PA6/66, PA66, PA12, PA612. Until 2026-09-13 this row held products that belong to those rows, so their numbers appeared twice; the products now live only in their own rows (docs/audits/2026-09-13-duplicate-products/).",Not published,Family entry: no values of its own; see its member materials,See distinct impact records; no fracture-toughness substitution,Q00298,Q00299,Q00318,Not published for selected grade in sampled sources,Q00320,4,R-PRINT
M048,PAHT-CF,Nylon / Polyamide,Official Bambu product,G048-01,260 - 290 °C,80 - 100 °C,45 - 60 °C,P0063,1060,3.86,92,8.4,V000896; V000904; V000906; V000908,Dried before testing (see preparation) / All the specimens were annealed and dried at 80 °C for 12 h before testing; Dry / All the specimens were annealed and dried at 80 °C for 12 h before testing,194,V000902,124.48,CA0054; CA0083,"2 in-stock regular-price observation(s), before tax/shipping",Not published,"No transferable long-term allowable. Verify grade, conditioning and geometry.",Carbon-Fiber-Reinforced High-Temperature Polyamide,Nylon / Polyamide,H2C-relevant,PAHT-CF,PAHT-CF,PAHT,Carbon fibre,Structural / functional / appearance,LOCAL-CANON,H2C-WIKI; H2C-MANUAL,Not applicable,G048-01,Single-grade observations; not a polymer-family range,See distinct impact records; no fracture-toughness substitution,Q00184,Q00178; Q00179; Q00180; Q00181; Q00182,Q00318,Not published for selected grade in sampled sources,Q00320,Not published,R-PRINT
M049,PA6,Nylon / Polyamide,Theoretical,G049-01,250-280°C,60-80°C,Not published,P0064,1250,Not published,Not published,Not published,V000917,Not published / Not published,Not published,Not applicable,162.65,CA0099,"1 in-stock regular-price observation(s), before tax/shipping",Not published,"No transferable long-term allowable. Verify grade, conditioning and geometry.",Polyamide 6 (Nylon 6),Nylon / Polyamide,H2C-relevant,PA6,PA6,PA6,Unfilled / unspecified,Structural / functional / appearance,LOCAL-CANON,H2C-WIKI; H2C-MANUAL,Not applicable,G049-01,Single-grade observations; not a polymer-family range,See distinct impact records; no fracture-toughness substitution,Not applicable,Not applicable,Q00318,Not published for selected grade in sampled sources,Q00320,Not published,R-PRINT
M050,PA6-CF,Nylon / Polyamide,Official Bambu product,G050-01,260 - 290 °C,80 - 100 °C,45 - 60 °C,P0065,1090,4.43,102,5.8,V000922; V000930; V000932; V000934,Dried before testing (see preparation) / All the specimens were annealed and dried at 80 °C for 12 h before testing,186,V000928,109.98,CA0056; CA0084,"2 in-stock regular-price observation(s), before tax/shipping",Not published,"No transferable long-term allowable. Verify grade, conditioning and geometry.",Carbon-Fiber-Reinforced Polyamide 6,Nylon / Polyamide,H2C-relevant,PA6-CF,PA6-CF,PA6,Carbon fibre,Structural / functional / appearance,LOCAL-CANON,H2C-WIKI; H2C-MANUAL,Not applicable,G050-01; G050-02,Single-grade observations; not a polymer-family range,See distinct impact records; no fracture-toughness substitution,Q00191,Q00185; Q00186; Q00187; Q00188; Q00189,Q00318,Not published for selected grade in sampled sources,Q00320,Not published,R-PRINT
M051,PA6-GF,Nylon / Polyamide,Official Bambu product,G051-01,260 - 290 °C,80 -100 °C,45 - 60 °C,P0066,1140,2.85,75,3.9,V000943; V000951; V000953; V000955,Not published / Not published,182,V000949,76.99,CA0058,"1 in-stock regular-price observation(s), before tax/shipping",Not published,"No transferable long-term allowable. Verify grade, conditioning and geometry.",Glass-Fiber-Reinforced Polyamide 6,Nylon / Polyamide,H2C-relevant,PA6-GF,PA6-GF,PA6,Glass fibre,Structural / functional / appearance,LOCAL-CANON,H2C-WIKI; H2C-MANUAL,Not applicable,G051-01; G051-02; G051-03,Single-grade observations; not a polymer-family range,See distinct impact records; no fracture-toughness substitution,Q00222,Q00447; Q00448; Q00449; Q00450; Q00451; Q00216; Q00217; Q00218; Q00219; Q00220; Q00221,Q00318,Not published for selected grade in sampled sources,Q00320,Not published,R-PRINT
M052,PA12,Nylon / Polyamide,Theoretical,G052-01,275–300°C,60–100°C,Not required,P0139,Not published,Not published,Not published,Not published,Not applicable,Not published,Not published,Not applicable,Not available in sampled Canadian market,Not applicable,No eligible grade-matched offer in sampled Canadian storefronts,"Unfilled, resilient nylon parts when fibre reinforcement is unnecessary.","No transferable long-term allowable. Verify grade, conditioning and geometry.",Polyamide 12 (Nylon 12),Nylon / Polyamide,H2C-relevant,PA12,PA12,PA12,Unfilled / unspecified,Structural / functional / appearance,LOCAL-CANON,H2C-WIKI; H2C-MANUAL,Not applicable,G052-01,Single-grade observations; not a polymer-family range,Not published,Q00326,Q00324; Q00325,Q00347,Original fatigue-study records available; grade-specific,Q00320,Not published,R-PRINT
M053,PA12-CF,Nylon / Polyamide,Theoretical,G053-01,265-285C,90-110C,Recommended,P0140,1160,8,Not published,2.1,V000964; V000966; V000967,Not published / Not published,150,V000971,Not available in sampled Canadian market,Not applicable,No eligible grade-matched offer in sampled Canadian storefronts,Not published,"No transferable long-term allowable. Verify grade, conditioning and geometry.",Carbon-Fiber-Reinforced Polyamide 12,Nylon / Polyamide,H2C-relevant,PA12-CF,PA12-CF,PA12,Carbon fibre,Structural / functional / appearance,LOCAL-CANON,H2C-WIKI; H2C-MANUAL,Not applicable,G053-01; G053-02; G053-03,Single-grade observations; not a polymer-family range,Not published,Q00199,Q00193; Q00194; Q00195; Q00196; Q00197; Q00198,Q00318,Not published for selected grade in sampled sources,Q00320,Not published,R-PRINT
M054,PA12-GF,Nylon / Polyamide,Theoretical,G054-01,265-285C,90-110C,Up to 120C,P0141,1230,7.8,Not published,4.5,V001007; V001009; V001010,Not published / Not published,150,V001014,Not available in sampled Canadian market,Not applicable,No eligible grade-matched offer in sampled Canadian storefronts,Not published,"No transferable long-term allowable. Verify grade, conditioning and geometry.",Glass-Fiber-Reinforced Polyamide 12,Nylon / Polyamide,H2C-relevant,PA12-GF,PA12-GF,PA12,Glass fibre,Structural / functional / appearance,LOCAL-CANON,H2C-WIKI; H2C-MANUAL,Not applicable,G054-01,Single-grade observations; not a polymer-family range,Not published,Not applicable,Not applicable,Q00318,Not published for selected grade in sampled sources,Q00320,Not published,R-PRINT
M055,PA66,Nylon / Polyamide,Conditional,Not published,Not published,Not published,Not published,Not applicable,Not published,Not published,Not published,Not published,Not applicable,Not published,Not published,Not applicable,Not available in sampled Canadian market,Not applicable,No eligible grade-matched offer in sampled Canadian storefronts,Not published,Pure PA66 filament TDS not located; PA6/66 copolymer is not a substitute.,Polyamide 66 (Nylon 66),Nylon / Polyamide,H2C-relevant,PA66,PA66,PA66,Unfilled / unspecified,Structural / functional / appearance,LOCAL-CANON,H2C-WIKI; H2C-MANUAL,Pure PA66 filament TDS not located; PA6/66 copolymer is not a substitute.,Not published,Insufficient comparable data,Not published,Not applicable,Not applicable,Q00318,Not published for selected grade in sampled sources,Q00320,Not published,R-PRINT
M056,PA66-CF,Nylon / Polyamide,Conditional,Not published,Not published,Not published,Not published,Not applicable,Not published,Not published,Not published,Not published,Not applicable,Not published,Not published,Not applicable,Not available in sampled Canadian market,Not applicable,No eligible grade-matched offer in sampled Canadian storefronts,Not published,"ABC3D Canadian PA66-CF listing found, but page access failed; no numbers imported.",Carbon-Fiber-Reinforced Polyamide 66,Nylon / Polyamide,H2C-relevant,PA66-CF,PA66-CF,PA66,Carbon fibre,Structural / functional / appearance,LOCAL-CANON,H2C-WIKI; H2C-MANUAL,"ABC3D Canadian PA66-CF listing found, but page access failed; no numbers imported.",Not published,Insufficient comparable data,Not published,Not applicable,Not applicable,Q00318,Not published for selected grade in sampled sources,Q00320,Not published,R-PRINT
M057,PA6/66,Nylon / Polyamide,Theoretical,G057-01,250 – 270 (℃),25 - 50 (˚C),40 - 60 (˚C),P0072,1120,2.223,66.2,9.9,V001015; V001023; V001025; V001027,Dried before testing (see preparation) / All specimens were annealed at 80˚C for 30min and dried for 48h prior to testing; Conditioned: 70% RH / All specimens were annealed at 80˚C for 30min and dried for 48h prior to testing,110.5,V001021,Not available in sampled Canadian market,Not applicable,No eligible grade-matched offer in sampled Canadian storefronts,Not published,"Copolymer, not PA66 homopolymer or PA612.",Polyamide 6/66 Copolymer (Nylon 6/66),Nylon / Polyamide,H2C-relevant,PA6/66,PA6/66,PA6/66,Unfilled / unspecified,Structural / functional / appearance,LOCAL-CANON,H2C-WIKI; H2C-MANUAL,"Copolymer, not PA66 homopolymer or PA612.",G057-01; G057-02,Single-grade observations; not a polymer-family range,See distinct impact records; no fracture-toughness substitution,Q00206,Q00200; Q00201; Q00202; Q00203; Q00204; Q00205,Q00318,Not published for selected grade in sampled sources,Q00320,Not published,R-PRINT
M058,PA612,Nylon / Polyamide,Conditional,Not published,Not published,Not published,Not published,Not applicable,Not published,Not published,Not published,Not published,Not applicable,Not published,Not published,Not applicable,Not available in sampled Canadian market,Not applicable,No eligible grade-matched offer in sampled Canadian storefronts,Not published,Unfilled PA612 filament TDS not located; do not infer from PA612-CF.,Polyamide 612 (Nylon 612),Nylon / Polyamide,H2C-relevant,PA612,PA612,PA612,Unfilled / unspecified,Structural / functional / appearance,LOCAL-CANON,H2C-WIKI; H2C-MANUAL,Unfilled PA612 filament TDS not located; do not infer from PA612-CF.,Not published,Insufficient comparable data,Not published,Not applicable,Not applicable,Q00318,Not published for selected grade in sampled sources,Q00320,Not published,R-PRINT
M059,PA612-CF,Nylon / Polyamide,Theoretical,G059-01,250-300 °C Printing speed Up to 300mm/s,40-50 °C Drying temp. and time 100 °C/10H PolySupport™ for PA12,Room Temp. Annealing temp. and time 100 °C/16H PolyDissolve™ S1,P0074,1030,5.1367,91.9,2.6,V001052; V001055; V001057; V001059,Not published / All specimens were annealed at 100°C for 16h. MECHANICAL PROPERTIES - WET STATUS PROPERTY TESTING; Dry / All specimens were annealed at 100°C for 16h. MECHANICAL PROPERTIES - WET STATUS PROPERTY TESTING,175,V001054,Not available in sampled Canadian market,Not applicable,No eligible grade-matched offer in sampled Canadian storefronts,Not published,"No transferable long-term allowable. Verify grade, conditioning and geometry.",Carbon-Fiber-Reinforced Polyamide 612,Nylon / Polyamide,H2C-relevant,PA612-CF,PA612-CF,PA612,Carbon fibre,Structural / functional / appearance,LOCAL-CANON,H2C-WIKI; H2C-MANUAL,Not applicable,G059-01,Single-grade observations; not a polymer-family range,See distinct impact records; no fracture-toughness substitution,Q00207,Not applicable,Q00318,Not published for selected grade in sampled sources,Q00320,Not published,R-PRINT
M060,PA612-GF,Nylon / Polyamide,Conditional,Not published,Not published,Not published,Not published,Not applicable,Not published,Not published,Not published,Not published,Not applicable,Not published,Not published,Not applicable,Not available in sampled Canadian market,Not applicable,No eligible grade-matched offer in sampled Canadian storefronts,Not published,Exact documented formulation not located in sampled manufacturers.,Glass-Fiber-Reinforced Polyamide 612,Nylon / Polyamide,H2C-relevant,PA612-GF,PA612-GF,PA612,Glass fibre,Structural / functional / appearance,LOCAL-CANON,H2C-WIKI; H2C-MANUAL,Exact documented formulation not located in sampled manufacturers.,Not published,Insufficient comparable data,Not published,Not applicable,Not applicable,Q00318,Not published for selected grade in sampled sources,Q00320,Not published,R-PRINT
M061,CoPA,Nylon / Polyamide,Theoretical,Not published,Not published,Not published,Not published,Not applicable,Not published,Not published,Not published,Not published,Not applicable,Not applicable: family entry,Not published,Not applicable,Not available in sampled Canadian market,Not applicable,Family entry: no product of its own,Not published,"No transferable long-term allowable. Verify grade, conditioning and geometry.",Copolyamide,Nylon / Polyamide,Family entry,CoPA,CoPA,CoPA,Unfilled / unspecified,Structural / functional / appearance,LOCAL-CANON,H2C-WIKI; H2C-MANUAL,"CoPA is an alias of PA6/66: both products it held are nylon 6 and 6,6 copolymers. Until 2026-09-13 this row held products that belong to those rows, so their numbers appeared twice; the products now live only in their own rows (docs/audits/2026-09-13-duplicate-products/).",Not published,Family entry: no values of its own; see its member materials,See distinct impact records; no fracture-toughness substitution,Not applicable,Not applicable,Q00318,Not published for selected grade in sampled sources,Q00320,Not published,R-PRINT
M062,PA-CF,Nylon / Polyamide,Officially listed family,Not published,Not published,Not published,Not published,Not applicable,Not published,Not published,Not published,Not published,Not applicable,Not applicable: family entry,Not published,Not applicable,Not available in sampled Canadian market,Not applicable,Family entry: no product of its own,"Family context in Q00298, Q00299, Q00300","No transferable long-term allowable. Verify grade, conditioning and geometry.",Carbon-Fiber-Reinforced Polyamide,Nylon / Polyamide,Family entry,PA-CF,PA-CF,PA,Carbon fibre,Structural / functional / appearance,LOCAL-CANON,H2C-WIKI; H2C-MANUAL,"PA-CF is a family entry for carbon-fibre polyamides: PA6-CF, PA66-CF, PA12-CF, PA612-CF, PAHT-CF. Until 2026-09-13 this row held products that belong to those rows, so their numbers appeared twice; the products now live only in their own rows (docs/audits/2026-09-13-duplicate-products/).",Not published,Family entry: no values of its own; see its member materials,Not published,Not applicable,Not applicable,Q00318,Not published for selected grade in sampled sources,Q00320,Not published,R-PRINT
M063,PA-GF,Nylon / Polyamide,Officially listed family,Not published,Not published,Not published,Not published,Not applicable,Not published,Not published,Not published,Not published,Not applicable,Not applicable: family entry,Not published,Not applicable,Not available in sampled Canadian market,Not applicable,Family entry: no product of its own,"Family context in Q00298, Q00299, Q00300","No transferable long-term allowable. Verify grade, conditioning and geometry.",Glass-Fiber-Reinforced Polyamide,Nylon / Polyamide,Family entry,PA-GF,PA-GF,PA,Glass fibre,Structural / functional / appearance,LOCAL-CANON,H2C-WIKI; H2C-MANUAL,"PA-GF is a family entry for glass-fibre polyamides: PA6-GF, PA12-GF, PA612-GF. Until 2026-09-13 this row held products that belong to those rows, so their numbers appeared twice; the products now live only in their own rows (docs/audits/2026-09-13-duplicate-products/).",Not published,Family entry: no values of its own; see its member materials,Not published,Not applicable,Not applicable,Q00318,Not published for selected grade in sampled sources,Q00320,Not published,R-PRINT
M064,PA-ESD,Nylon / Polyamide,Theoretical,G064-01,265-285 °C,90-110 °C,Not published,P0082,1140,Not published,Not published,Not published,V001200,Not published / Not published,142,V001207,Not available in sampled Canadian market,Not applicable,No eligible grade-matched offer in sampled Canadian storefronts,"Family context in Q00298, Q00299, Q00300","No transferable long-term allowable. Verify grade, conditioning and geometry.",Electrostatic-Dissipative Polyamide,Nylon / Polyamide,H2C-relevant,PA-ESD,PA-ESD,PA,ESD formulation,Structural / functional / appearance,LOCAL-CANON,H2C-WIKI; H2C-MANUAL,Not applicable,G064-01,Single-grade observations; not a polymer-family range,Not published,Not applicable,Not published,Q00318,Not published for selected grade in sampled sources,Q00320,Not published,R-PRINT
M065,PA612-ESD,Nylon / Polyamide,Theoretical,G065-01,280-300 °C Printing speed Up to 300mm/s,40-50 °C Drying temp. and time 100 °C/10H,Room Temp. Annealing temp. and time 100 °C/16H PolySupport™ for PA12,P0084,1100,4.2937,84.3,3,V001236; V001238; V001240; V001242,Not published / All specimens were annealed at 100°C for 16h. MECHANICAL PROPERTIES - WET STATUS PROPERTY TESTING; Dry / All specimens were annealed at 100°C for 16h. MECHANICAL PROPERTIES - WET STATUS PROPERTY TESTING,Not published,Not applicable,Not available in sampled Canadian market,Not applicable,No eligible grade-matched offer in sampled Canadian storefronts,Not published,"No transferable long-term allowable. Verify grade, conditioning and geometry.",Electrostatic-Dissipative Polyamide 612,Nylon / Polyamide,H2C-relevant,PA612-ESD,PA612-ESD,PA612,ESD formulation,Structural / functional / appearance,LOCAL-CANON,H2C-WIKI; H2C-MANUAL,Not applicable,G065-01,Single-grade observations; not a polymer-family range,See distinct impact records; no fracture-toughness substitution,Q00224,Not applicable,Q00318,Not published for selected grade in sampled sources,Q00320,Not published,R-PRINT
M066,PET,PET Engineering,Officially listed family,G066-01,235–260°C,80–90°C,Not published,P0085,1340,Not published,Not published,Not published,V001753,Not published / Not published,Not published,Not applicable,Not available in sampled Canadian market,Not applicable,No eligible grade-matched offer in sampled Canadian storefronts,Detailed functional prints and high surface quality are intended uses.,"No transferable long-term allowable. Verify grade, conditioning and geometry.",Polyethylene Terephthalate,PET Engineering,H2C-relevant,PET,PET,PET,Unfilled / unspecified,Structural / functional / appearance,LOCAL-CANON,H2C-WIKI; H2C-MANUAL,Not applicable,G066-01,Single-grade observations; not a polymer-family range,See distinct impact records; no fracture-toughness substitution,Q00333,Not applicable,Q00318,Not published for selected grade in sampled sources,Q00320,Not published,R-PRINT
M067,PET-CF,PET Engineering,Official Bambu product,G067-01,260 -290 °C,80 -100 °C,45 -60 °C,P0086,1290,4.73,74,4.5,V001264; V001272; V001274; V001276,Not published / Not published,205,V001270,115.98,CA0060,"1 in-stock regular-price observation(s), before tax/shipping",Not published,"No transferable long-term allowable. Verify grade, conditioning and geometry.",Carbon-Fiber-Reinforced Polyethylene Terephthalate,PET Engineering,H2C-relevant,PET-CF,PET-CF,PET,Carbon fibre,Structural / functional / appearance,LOCAL-CANON,H2C-WIKI; H2C-MANUAL,Not applicable,G067-01,Single-grade observations; not a polymer-family range,See distinct impact records; no fracture-toughness substitution,Not applicable,Q00452; Q00453; Q00454; Q00455; Q00456,Q00318,Not published for selected grade in sampled sources,Q00320,Not published,R-PRINT
M068,PET-GF,PET Engineering,Officially listed family,G068-02,280-310 °C,70-80 °C,Room temp.,P0164,1430,4.1442,59.9,4,V001925; V001934; V001936; V001938,"Printed specimens (300 °C nozzle, 100% infill), annealed 120 °C for 16 h before mechanical tests; HDT as printed",81.6,V001931,Not available in sampled Canadian market,Not applicable,No eligible grade-matched offer in sampled Canadian storefronts,"Automotive components, electronic housings, jigs and fixtures are manufacturer-proposed applications. No design allowable is supplied.","No transferable long-term allowable. Verify grade, conditioning and geometry.",Glass-Fiber-Reinforced Polyethylene Terephthalate,PET Engineering,H2C-relevant,PET-GF,PET-GF,PET,Glass fibre,Structural / functional / appearance,LOCAL-CANON,H2C-WIKI; H2C-MANUAL,"Representative grade changed 2026-09-13 from Flashforge PET-GF (G068-01, no published properties) to Fiberon PET-GF15 (G068-02), which publishes printed test data. Flashforge was not overwritten. The annealed HDT of 133.7 °C is on record and is not the headline.",G068-01; G068-02,Single-grade observations; not a polymer-family range,Not published,Q00254,Not applicable,Q00318,Not published for selected grade in sampled sources,Q00320,Not published,R-PRINT
M069,PPA,High-Performance Engineering,Conditional,G069-01,280 - 310 °C,100 - 120 °C,Not published,P0088,1140,2.863,76,3.4,V001285; V001292; V001290; V001294,Not published / Not published,131,V001289,Not available in sampled Canadian market,Not applicable,No eligible grade-matched offer in sampled Canadian storefronts,Heat- and moisture-exposed insulating or wear components are proposed.,"No transferable long-term allowable. Verify grade, conditioning and geometry.",Polyphthalamide,High-Performance Engineering,H2C-relevant,PPA,PPA,PPA,Unfilled / unspecified,Structural / functional / appearance,LOCAL-CANON,H2C-WIKI; H2C-MANUAL,Not applicable,G069-01,Single-grade observations; not a polymer-family range,See distinct impact records; no fracture-toughness substitution,Q00327; Q00328,Not applicable,Q00318,Not published for selected grade in sampled sources,Q00320,Not published,R-PRINT
M070,PPA-CF,High-Performance Engineering,Official Bambu product,G070-01,280 - 310 °C,100 - 120°C,50 - 80 °C,P0089,1250,11.8,168,3.2,V001302; V001310; V001312; V001314,Not published / All the specimens were not annealed before testing,227,V001308,254.65,CA0061; CA0071,"2 in-stock regular-price observation(s), before tax/shipping",Not published,"No transferable long-term allowable. Verify grade, conditioning and geometry.",Carbon-Fiber-Reinforced Polyphthalamide,High-Performance Engineering,H2C-relevant,PPA-CF,PPA-CF,PPA,Carbon fibre,Structural / functional / appearance,LOCAL-CANON,H2C-WIKI; H2C-MANUAL,Not applicable,G070-01,Single-grade observations; not a polymer-family range,See distinct impact records; no fracture-toughness substitution,Q00232,Q00226; Q00227; Q00228; Q00229; Q00230,Q00318,Not published for selected grade in sampled sources,Q00320,Not published,R-PRINT
M071,PPA-GF,High-Performance Engineering,Officially listed family,G071-01,280 - 310 °C,100 - 120 °C,Not published,P0090,1280,6.558,106,2.1,V001322; V001329; V001327; V001331,Not published / Not published,227,V001326,Not available in sampled Canadian market,Not applicable,No eligible grade-matched offer in sampled Canadian storefronts,"Insulating parts for machinery, electronics and automotive temperature exposure.","No transferable long-term allowable. Verify grade, conditioning and geometry.",Glass-Fiber-Reinforced Polyphthalamide,High-Performance Engineering,H2C-relevant,PPA-GF,PPA-GF,PPA,Glass fibre,Structural / functional / appearance,LOCAL-CANON,H2C-WIKI; H2C-MANUAL,Not applicable,G071-01,Single-grade observations; not a polymer-family range,See distinct impact records; no fracture-toughness substitution,Q00329,Not applicable,Q00330,Not published for selected grade in sampled sources,Q00320,Not published,R-PRINT
M072,PPS,High-Performance Engineering,Officially listed family,G072-01,315-345°C,120-160°C,"Recommended, up to 50-90°C if available on your printer",P0145,1280,2.65,Not published,18,V001339; V001341; V001342,Not published / Not published,90,V001346,Not available in sampled Canadian market,Not applicable,No eligible grade-matched offer in sampled Canadian storefronts,Not published,"No transferable long-term allowable. Verify grade, conditioning and geometry.",Polyphenylene Sulfide,High-Performance Engineering,H2C-relevant,PPS,PPS,PPS,Unfilled / unspecified,Structural / functional / appearance,LOCAL-CANON,H2C-WIKI; H2C-MANUAL,Not applicable,G072-01; G072-02,Single-grade observations; not a polymer-family range,Not published,Not applicable,Not applicable,Q00318,Not published for selected grade in sampled sources,Q00320,Not published,R-PRINT
M073,PPS-CF,High-Performance Engineering,Official Bambu product,G073-01,310 -340 °C,100 -120 °C,60 - 90 °C,P0093,1260,8.23,87,1.2,V001353; V001361; V001363; V001365,Not published / All the specimens were not annealed before testing,264,V001359,221.32,CA0062; CA0093,"2 in-stock regular-price observation(s), before tax/shipping",Not published,"No transferable long-term allowable. Verify grade, conditioning and geometry.",Carbon-Fiber-Reinforced Polyphenylene Sulfide,High-Performance Engineering,H2C-relevant,PPS-CF,PPS-CF,PPS,Carbon fibre,Structural / functional / appearance,LOCAL-CANON,H2C-WIKI; H2C-MANUAL,Not applicable,G073-01; G073-02,Single-grade observations; not a polymer-family range,See distinct impact records; no fracture-toughness substitution,Q00233,Q00379; Q00380; Q00457; Q00458; Q00459; Q00460; Q00461,Q00318,Not published for selected grade in sampled sources,Q00320,Not published,R-PRINT
M074,PPS-GF,High-Performance Engineering,Officially listed family,G074-01,320 -360 °C,100 -120 °C,60 - 120 °C,P0094,1360,5.764,72,1.6,V001374; V001381; V001379; V001383,Not published / Not published,241,V001378,Not available in sampled Canadian market,Not applicable,No eligible grade-matched offer in sampled Canadian storefronts,Not published,"No transferable long-term allowable. Verify grade, conditioning and geometry.",Glass-Fiber-Reinforced Polyphenylene Sulfide,High-Performance Engineering,H2C-relevant,PPS-GF,PPS-GF,PPS,Glass fibre,Structural / functional / appearance,LOCAL-CANON,H2C-WIKI; H2C-MANUAL,Not applicable,G074-01; G074-02,Single-grade observations; not a polymer-family range,See distinct impact records; no fracture-toughness substitution,Not applicable,Not applicable,Q00318,Not published for selected grade in sampled sources,Q00320,Not published,R-PRINT
M075,PVA,Support / Soluble,Official Bambu product,G075-01,220 -250 °C,35 -45°C,25 -45 °C,P0096; Q00361,1270,Not published,Not published,Not published,V001406,Not published / Not published,Not published,Not applicable,101.98,CA0063,"1 in-stock regular-price observation(s), before tax/shipping","Family context in Q00310, Q00311, Q00312","No transferable long-term allowable. Verify grade, conditioning and geometry.",Polyvinyl Alcohol,Support / Soluble,H2C-relevant,PVA,PVA,PVA,Unfilled / unspecified,Support/interface,LOCAL-CANON,H2C-WIKI; H2C-MANUAL,Not applicable,G075-01,Single-grade observations; not a polymer-family range,Not published,Q00312,Q00310; Q00311; Q00463; Q00464; Q00465; Q00466; Q00467,Q00318,Not published for selected grade in sampled sources,Q00320,4,R-PRINT
M076,BVOH,Support / Soluble,Officially listed family,G076-01,190 - 210 °C,>60 °C,Not published,P0097; Q00362,1140,Not published,Not published,Not published,V001418,Not published / Not published,Not published,Not applicable,Not available in sampled Canadian market,Not applicable,No eligible grade-matched offer in sampled Canadian storefronts,"Family context in Q00310, Q00311, Q00312","No transferable long-term allowable. Verify grade, conditioning and geometry.",Butenediol Vinyl Alcohol Copolymer,Support / Soluble,H2C-relevant,BVOH,BVOH,BVOH,Unfilled / unspecified,Support/interface,LOCAL-CANON,H2C-WIKI; H2C-MANUAL,Not applicable,G076-01,Single-grade observations; not a polymer-family range,Not published,Q00310; Q00311; Q00312,Not published,Q00318,Not published for selected grade in sampled sources,Q00320,4,R-PRINT
M077,Support for PLA,Support / Interface,Official Bambu product,G077-01,220-230 °C,35-45 °C,25-45 °C,P0157,1330,Not published,Not published,Not published,V001808,Mechanical properties explicitly N/A in exact TDS,Not published,V001810,Not available in sampled Canadian market,Not applicable,No eligible grade-matched offer in sampled Canadian storefronts,Support interface for Bambu Lab PLA filaments,Support interface only; not intended as a stand-alone model material. H2C route assignment still requires guide verification.,Support Material for PLA,Support / Interface,H2C-relevant,Support for PLA,Support for PLA,Support,Commercial variant / undisclosed,Support/interface,LOCAL-CANON,H2C-WIKI; H2C-MANUAL,Exact current Support for PLA (New Version) recorded; current Support for PLA/PETG remains a different product.,G077-01,Single-grade observations; mechanical values not published,Not published,Q00363,Q00365; Q00366; Q00367; Q00368; Q00369,Q00318,Not published for selected grade in sampled sources,Q00320,Not published,R-PRINT
M078,Support for PLA/PETG,Support / Interface,Official Bambu product,G078-01,190 - 240°C,35 - 60°C,25 - 45°C,P0098,1280,Not published,Not published,Not published,V001427,Not published / Not published,Not published,Not applicable,89.98,CA0064; CA0076,"2 in-stock regular-price observation(s), before tax/shipping",Not published,"No transferable long-term allowable. Verify grade, conditioning and geometry.",Support Material for PLA and PETG,Support / Interface,H2C-relevant,Support for PLA/PETG,Support for PLA/PETG,Support,Commercial variant / undisclosed,Support/interface,LOCAL-CANON,H2C-WIKI; H2C-MANUAL,Not applicable,G078-01,Single-grade observations; not a polymer-family range,Not published,Not applicable,Q00468; Q00469; Q00470; Q00471; Q00472,Q00318,Not published for selected grade in sampled sources,Q00320,Not published,R-PRINT
M079,Support for ABS,Support / Interface,Official Bambu product,G079-01,240 - 270 °C,80 - 100°C,25 - 45 °C,P0099,1160,Not published,Not published,Not published,V001439,Not published / Not published,Not published,Not applicable,39.98,CA0065,"1 in-stock regular-price observation(s), before tax/shipping",Not published,"No transferable long-term allowable. Verify grade, conditioning and geometry.",Support Material for ABS,Support / Interface,H2C-relevant,Support for ABS,Support for ABS,Support,Commercial variant / undisclosed,Support/interface,LOCAL-CANON,H2C-WIKI; H2C-MANUAL,Not applicable,G079-01,Single-grade observations; not a polymer-family range,Not published,Not applicable,Q00236; Q00237; Q00238; Q00239; Q00240,Q00318,Not published for selected grade in sampled sources,Q00320,Not published,R-PRINT
M080,Support for PA/PET,Support / Interface,Official Bambu product,G080-01,260 -290 °C,80 -100 °C,45-60 °C,P0100,1170,Not published,Not published,Not published,V001458,Not published / Not published,Not published,Not applicable,Not available in sampled Canadian market,Not applicable,No eligible grade-matched offer in sampled Canadian storefronts,Not published,"No transferable long-term allowable. Verify grade, conditioning and geometry.",Support Material for PA and PET,Support / Interface,H2C-relevant,Support for PA/PET,Support for PA/PET,Support,Commercial variant / undisclosed,Support/interface,LOCAL-CANON,H2C-WIKI; H2C-MANUAL,Not applicable,G080-01,Single-grade observations; not a polymer-family range,Not published,Not applicable,Q00473; Q00474; Q00475; Q00476; Q00477,Q00318,Not published for selected grade in sampled sources,Q00320,Not published,R-PRINT
M081,HIPS,Styrenics,Theoretical,G081-01,220-235C,100-110C,Not required,P0146,1040,1.35,Not published,18,V001470; V001472; V001473,Not published / Not published,80,V001477,42.99,CA0100,"1 in-stock regular-price observation(s), before tax/shipping",Support interfaces and low-cost styrenic prototypes after checking the model/solvent pair.,"No transferable long-term allowable. Verify grade, conditioning and geometry.",High-Impact Polystyrene,Styrenics,H2C-relevant,HIPS,HIPS,HIPS,Unfilled / unspecified,Structural / functional / appearance,LOCAL-CANON,H2C-WIKI; H2C-MANUAL,Not applicable,G081-01; G081-02,Single-grade observations; not a polymer-family range,Not published,Q00308; Q00309,Q00307; Q00351,Q00318,Not published for selected grade in sampled sources,Q00320,Not published,R-PRINT
M082,PP,Polyolefins,Theoretical,G082-01,235 °C (printed-specimen extrusion temperature; no recommended window published),60 °C (printed-specimen bed temperature),Not published,P0103; Q00360,810,1.65,Not published,13,V001490; V001492; V001493,Not published / Not published,94,V001496,Not available in sampled Canadian market,Not applicable,No eligible grade-matched offer in sampled Canadian storefronts,Low-density parts and chemically exposed prototypes; verify exact exposure.,"No transferable long-term allowable. Verify grade, conditioning and geometry.",Polypropylene,Polyolefins,H2C-relevant,PP,PP,PP,Unfilled / unspecified,Structural / functional / appearance,LOCAL-CANON,H2C-WIKI; H2C-MANUAL,Not applicable,G082-01; G082-02,Single-grade observations; not a polymer-family range,Not published,Q00304; Q00306,Not published,Q00318,Not published for selected grade in sampled sources,Q00320,5,R-PRINT
M083,PP-CF,Polyolefins,Theoretical,G083-01,240-270C,45-65C,Not Required,P0147,1100,6.15,Not published,1.5,V001502; V001504; V001505,Not published / Not published,124,V001508,Not available in sampled Canadian market,Not applicable,No eligible grade-matched offer in sampled Canadian storefronts,"Family context in Q00304, Q00305, Q00306","No transferable long-term allowable. Verify grade, conditioning and geometry.",Carbon-Fiber-Reinforced Polypropylene,Polyolefins,H2C-relevant,PP-CF,PP-CF,PP,Carbon fibre,Structural / functional / appearance,LOCAL-CANON,H2C-WIKI; H2C-MANUAL,Not applicable,G083-01,Single-grade observations; not a polymer-family range,Not published,Q00304; Q00305; Q00306,Not published,Q00318,Not published for selected grade in sampled sources,Q00320,Not published,R-PRINT
M084,PP-GF,Polyolefins,Theoretical,G084-01,265 °C (printed-specimen extrusion temperature; no recommended window published),85 °C (printed-specimen bed temperature),Not published,P0106,1120,6.75,Not published,1.7,V001509; V001511; V001512,Not published / Not published,139,V001515,Not available in sampled Canadian market,Not applicable,No eligible grade-matched offer in sampled Canadian storefronts,"Family context in Q00304, Q00305, Q00306","No transferable long-term allowable. Verify grade, conditioning and geometry.",Glass-Fiber-Reinforced Polypropylene,Polyolefins,H2C-relevant,PP-GF,PP-GF,PP,Glass fibre,Structural / functional / appearance,LOCAL-CANON,H2C-WIKI; H2C-MANUAL,Not applicable,G084-01,Single-grade observations; not a polymer-family range,Not published,Q00304; Q00305; Q00306,Not published,Q00318,Not published for selected grade in sampled sources,Q00320,Not published,R-PRINT
M085,PE,Polyolefins,Conditional,G085-01,240-290°C STORAGE AND SHELF LIFE,80-100°C Filament should be stored in a dr y room at room,Not published,P0107,1100,Not published,Not published,Not published,V001516,Not published / Not published,Not published,Not applicable,Not available in sampled Canadian market,Not applicable,No eligible grade-matched offer in sampled Canadian storefronts,Not published,"No transferable long-term allowable. Verify grade, conditioning and geometry.",Polyethylene,Polyolefins,H2C-relevant,PE,PE,PE,Unfilled / unspecified,Structural / functional / appearance,LOCAL-CANON,H2C-WIKI; H2C-MANUAL,Not applicable,G085-01,Single-grade observations; not a polymer-family range,See distinct impact records; no fracture-toughness substitution,Not applicable,Not applicable,Q00318,Not published for selected grade in sampled sources,Q00320,Not published,R-PRINT
M086,OBC,Polyolefins,Theoretical,G086-01,180 ±20°C,60–100°C,Not published,P0108,905,Not published,Not published,Not published,V001683,Not published / Not published,Not published,Not applicable,Not available in sampled Canadian market,Not applicable,No eligible grade-matched offer in sampled Canadian storefronts,Not published,"No transferable long-term allowable. Verify grade, conditioning and geometry.",Olefin Block Copolymer,Polyolefins,H2C-relevant,OBC,OBC,OBC,Unfilled / unspecified,Structural / functional / appearance,LOCAL-CANON,H2C-WIKI; H2C-MANUAL,Not applicable,G086-01,Single-grade observations; not a polymer-family range,Not published,Not applicable,Q00258; Q00259; Q00260; Q00261; Q00262; Q00263; Q00264; Q00265; Q00266; Q00267; Q00268; Q00269; Q00270,Q00318,Not published for selected grade in sampled sources,Q00320,Not published,R-PRINT
M087,POM / Acetal,Acetals,Conditional,G087-02,190–210°C,120–150°C,Not published,P0109,1420,1.87,50,11,V002018; V002023; V002021; V002022,"Printed flat (XY) ISO 527 bars at 23 °C, preliminary TDS; XZ and ZX not yet tested. HDT not published",Not published,Not applicable,Not available in sampled Canadian market,Not applicable,No eligible grade-matched offer in sampled Canadian storefronts,Low-friction gears and snap-fits are proposed applications.,"purefil profile bed range extends above H2C limit. Conditional at boundary, not validated.",Polyoxymethylene (Acetal),Acetals,H2C-relevant,POM / Acetal,POM / Acetal,POM,Commercial variant / undisclosed,Structural / functional / appearance,LOCAL-CANON,H2C-WIKI; H2C-MANUAL,"Representative grade changed 2026-09-13 from purefil POM (G087-01, print settings only) to Grupa Azoty Tarfuse POM (G087-02, printed XY data, polyacetal copolymer). purefil remains the printing evidence. Delrin 100P (G087-R1) is a resin reference only.",G087-01; G087-02,Single-grade observations; not a polymer-family range,Not published,Q00321,Q00322; Q00323,Q00318,Not published for selected grade in sampled sources,Q00320,Not published,R-PRINT
M088,PCTG,Copolyesters,Theoretical,G088-01,250-270C,70-90C,Not required,P0148,1230,1.755,Not published,24,V001523; V001525; V001526,Not published / Not published,76,V001531,47.99,CA0068,"1 in-stock regular-price observation(s), before tax/shipping",Not published,"No transferable long-term allowable. Verify grade, conditioning and geometry.",Glycol-Modified Polycyclohexylenedimethylene Terephthalate,Copolyesters,H2C-relevant,PCTG,PCTG,PCTG,Unfilled / unspecified,Structural / functional / appearance,LOCAL-CANON,H2C-WIKI; H2C-MANUAL,Not applicable,G088-01; G088-02,Single-grade observations; not a polymer-family range,Not published,Not applicable,Not applicable,Q00318,Not published for selected grade in sampled sources,Q00320,Not published,R-PRINT
M089,CPE,Copolyesters,Theoretical,G089-01,255-275 °C,70-85 °C,Not required (heated chamber / enclosure not needed),P0165,1250,Not published,Not published,Not published,V001947,"Manufacturer TDS; specimen form and orientation not published, so tensile values are related evidence, not headlines",80,V001954,Not available in sampled Canadian market,Not applicable,No eligible grade-matched offer in sampled Canadian storefronts,Functional copolyester parts requiring chemical and mechanical durability.,"Generic copolyester umbrella, not one chemistry.",Copolyester,Copolyesters,H2C-relevant,CPE,CPE,CPE,Unfilled / unspecified,Structural / functional / appearance,LOCAL-CANON,H2C-WIKI; H2C-MANUAL,"Generic copolyester umbrella, not one chemistry.",G089-01,Single-grade observations; not a polymer-family range,Not published,Q00301,Q00303,Q00318,Not published for selected grade in sampled sources,Q00320,Not published,R-PRINT
M090,CPE-CF,Copolyesters,Theoretical,G090-01,250–270°C,70–85°C,Not published,P0113,1160,Not published,Not published,Not published,V001676,Not published / Not published,Not published,Not applicable,Not available in sampled Canadian market,Not applicable,No eligible grade-matched offer in sampled Canadian storefronts,Electrical/electronic components and wear-loaded parts are proposed; long-term load claims have no published creep curve.,"No transferable long-term allowable. Verify grade, conditioning and geometry.",Carbon-Fiber-Reinforced Copolyester,Copolyesters,H2C-relevant,CPE-CF,CPE-CF,CPE,Carbon fibre,Structural / functional / appearance,LOCAL-CANON,H2C-WIKI; H2C-MANUAL,Not applicable,G090-01; G090-02,Single-grade observations; not a polymer-family range,See distinct impact records; no fracture-toughness substitution,Q00255,Q00257,Q00318,Not published for selected grade in sampled sources,Q00320,Not published,R-PRINT
M091,CoPE,Copolyesters,Theoretical,G091-02,190-230 °C,25-60 °C,Not required (closure chamber not needed),P0163,1300,2.515,51.6,Not published,V001919; V001921; V001922,"Printed ISO 527 specimens, 230 °C nozzle, 100% infill; elongation and HDT not verified",Not published,V001920,Not available in sampled Canadian market,Not applicable,No eligible grade-matched offer in sampled Canadian storefronts,"Family context in Q00301, Q00302, Q00303",Same broad term as CPE; separate original scope row.,Copolyester,Copolyesters,H2C-relevant,CoPE,CoPE,CoPE,Unfilled / unspecified,Structural / functional / appearance,LOCAL-CANON,H2C-WIKI; H2C-MANUAL,"Until 2026-09-13 this row pointed at Fillamentum CPE HG100 (G091-01), the same grade as CPE. Polymaker Panchroma CoPE (G091-02) is now the exact CoPE identity and representative grade; G091-01 is kept as an audit trail.",G091-02,Single-grade observations; not a polymer-family range,Not published,Q00301; Q00302; Q00303,Not published,Q00318,Not published for selected grade in sampled sources,Q00320,Not published,R-PRINT
M092,nGen / Amphora,Copolyesters,Theoretical,G092-01,220-240 °C,75-85 °C,Not published,P0167,Not published,1.7,54,11,V001956; V001957; V001958,"Printed in the XY plane, ISO 527-1A, 100% infill, 230 °C nozzle, 80 °C bed. Density and HDT in the TDS are raw-material supplier values and are not headlines",Not published,V001965,Not available in sampled Canadian market,Not applicable,No eligible grade-matched offer in sampled Canadian storefronts,General copolyester functional parts and decorative translucent items.,nGen uses Eastman Amphora AM3300. Not synonymous with all Amphora formulations.,Amphora-Based Copolyester (nGen Family),Copolyesters,H2C-relevant,nGen / Amphora,nGen / Amphora,nGen,Commercial variant / undisclosed,Structural / functional / appearance,LOCAL-CANON,H2C-WIKI; H2C-MANUAL,nGen uses Eastman Amphora AM3300 per the original record. Not synonymous with all Amphora formulations. The current colorFabb TDS v2.0 names Amphora HT3300; recorded as an open identity conflict 2026-09-13.,G092-01,Single-grade observations; not a polymer-family range,Not published,Q00316,Not published,Q00318,Not published for selected grade in sampled sources,Q00320,Not published,R-PRINT
M093,PVB,PVB / Specialty Polymers,Theoretical,G093-01,215 ±10°C,75 ±5°C,Not published,P0117,1100,Not published,Not published,Not published,V001695,Not published / Not published,63,V001698,Not available in sampled Canadian market,Not applicable,No eligible grade-matched offer in sampled Canadian storefronts,"Decorative translucent pieces, vases and lampshades.","No transferable long-term allowable. Verify grade, conditioning and geometry.",Polyvinyl Butyral,PVB / Specialty Polymers,H2C-relevant,PVB,PVB,PVB,Unfilled / unspecified,Structural / functional / appearance,LOCAL-CANON,H2C-WIKI; H2C-MANUAL,Not applicable,G093-01,Single-grade observations; not a polymer-family range,See distinct impact records; no fracture-toughness substitution,Q00313; Q00314,Q00315,Q00318,Not published for selected grade in sampled sources,Q00320,Not published,R-PRINT
M094,PC-ABS,Polymer Blends,Theoretical,G094-01,280-310C,110-120C,Not required,P0149,1140,2.2,Not published,75,V001547; V001549; V001550,Not published / Not published,126,V001554,Not available in sampled Canadian market,Not applicable,No eligible grade-matched offer in sampled Canadian storefronts,"Family context in Q00290, Q00291, Q00292, Q00293","No transferable long-term allowable. Verify grade, conditioning and geometry.",Polycarbonate / Acrylonitrile Butadiene Styrene Blend,Polymer Blends,H2C-relevant,PC-ABS,PC-ABS,PC,Unfilled / unspecified,Structural / functional / appearance,LOCAL-CANON,H2C-WIKI; H2C-MANUAL,Not applicable,G094-01; G094-02; G094-03,Single-grade observations; not a polymer-family range,Not published,Q00290; Q00291; Q00292; Q00293,Q00242; Q00243; Q00244; Q00245; Q00246; Q00247,Q00348,Original fatigue-study records available; grade-specific,Q00320,Not published,R-PRINT
M095,PC-PBT,Polymer Blends,Theoretical,G095-01,260 – 280 (℃),100 - 115 (˚C),100-110 (˚C),P0121,1200,1.849,43.2,4.6,V001583; V001591; V001593; V001595,Not published / Not published,107.4,V001589,Not available in sampled Canadian market,Not applicable,No eligible grade-matched offer in sampled Canadian storefronts,"Family context in Q00290, Q00291, Q00292, Q00293","No transferable long-term allowable. Verify grade, conditioning and geometry.",Polycarbonate / Polybutylene Terephthalate Blend,Polymer Blends,H2C-relevant,PC-PBT,PC-PBT,PC,Unfilled / unspecified,Structural / functional / appearance,LOCAL-CANON,H2C-WIKI; H2C-MANUAL,Not applicable,G095-01,Single-grade observations; not a polymer-family range,See distinct impact records; no fracture-toughness substitution,Q00290; Q00291; Q00292; Q00293,Q00248; Q00249; Q00250; Q00251; Q00252; Q00253,Q00318,Not published for selected grade in sampled sources,Q00320,Not published,R-PRINT
M096,PVDF,Fluoropolymers,Conditional,G096-01,245-265C,90-110C,Recommended,P0150,1710,2.45,Not published,25,V001603; V001605; V001606,Not published / Not published,158,V001610,Not available in sampled Canadian market,Not applicable,No eligible grade-matched offer in sampled Canadian storefronts,Not published,"No transferable long-term allowable. Verify grade, conditioning and geometry.",Polyvinylidene Fluoride,Fluoropolymers,H2C-relevant,PVDF,PVDF,PVDF,Unfilled / unspecified,Structural / functional / appearance,LOCAL-CANON,H2C-WIKI; H2C-MANUAL,Not applicable,G096-01,Single-grade observations; not a polymer-family range,Not published,Not applicable,Not applicable,Q00318,Not published for selected grade in sampled sources,Q00320,Not published,R-PRINT
M097,PEEK,Industrial High-Temperature - Outside H2C Practical Envelope,Excluded,G097-01,400-480C,140-180C,Recommended 70-140C if possible,P0151,1300,3.72,100,28,V001611; V001613; V001612; V001614,Not published / Not published,140,V001618,Not available in sampled Canadian market,Not applicable,No eligible grade-matched offer in sampled Canadian storefronts,Industrial heat-resistant technical parts; printer and end-use qualification required. This entry remains excluded from H2C printing.,Excluded from H2C. Industrial printing profile only.,Polyether Ether Ketone,Industrial High-Temperature - Outside H2C Practical Envelope,Excluded,PEEK,PEEK,PEEK,Unfilled / unspecified,Structural / functional / appearance,LOCAL-CANON,H2C-WIKI; H2C-MANUAL,Not applicable,G097-01; G097-02,Single-grade observations; not a polymer-family range,Not published,Q00335,Q00336,Q00318,Not published for selected grade in sampled sources,Q00320,Not published,R-PRINT
M098,PEKK,Industrial High-Temperature - Outside H2C Practical Envelope,Excluded,G098-01,345-375C,120-140C,Recommended 70-150C if possible,P0152,1270,2.75,105,5,V001619; V001621; V001620; V001622,Not published / Not published,150,V001626,Not available in sampled Canadian market,Not applicable,No eligible grade-matched offer in sampled Canadian storefronts,Industrial heat-resistant technical parts; printer and end-use qualification required. This entry remains excluded from H2C printing.,Excluded from H2C. Industrial printing profile only.,Polyether Ketone Ketone,Industrial High-Temperature - Outside H2C Practical Envelope,Excluded,PEKK,PEKK,PEKK,Unfilled / unspecified,Structural / functional / appearance,LOCAL-CANON,H2C-WIKI; H2C-MANUAL,Not applicable,G098-01; G098-02,Single-grade observations; not a polymer-family range,Not published,Q00337,Not applicable,Q00318,Not published for selected grade in sampled sources,Q00320,Not published,R-PRINT
M099,PEI / ULTEM,Industrial High-Temperature - Outside H2C Practical Envelope,Excluded,G099-01,370-390C,120-160C,Recommended,P0153,1270,2.5,56,3,V001635; V001637; V001636; V001638,Not published / Not published,208,V001642,Not available in sampled Canadian market,Not applicable,No eligible grade-matched offer in sampled Canadian storefronts,Industrial heat-resistant technical parts; printer and end-use qualification required. This entry remains excluded from H2C printing.,Excluded from H2C. Industrial printing profile only.,Polyetherimide,Industrial High-Temperature - Outside H2C Practical Envelope,Excluded,PEI / ULTEM,PEI / ULTEM,PEI,Commercial variant / undisclosed,Structural / functional / appearance,LOCAL-CANON,H2C-WIKI; H2C-MANUAL,Not applicable,G099-01; G099-02,Single-grade observations; not a polymer-family range,Not published,Q00338,Q00339,Q00318,Not published for selected grade in sampled sources,Q00320,Not published,R-PRINT
M100,PSU,Industrial High-Temperature - Outside H2C Practical Envelope,Excluded,G100-01,350-380C,140-160C,Recommended,P0154,1240,2.1,52,8,V001643; V001645; V001644; V001646,Not published / Not published,172,V001650,Not available in sampled Canadian market,Not applicable,No eligible grade-matched offer in sampled Canadian storefronts,Industrial heat-resistant technical parts; printer and end-use qualification required. This entry remains excluded from H2C printing.,Excluded from H2C. Industrial printing profile only.,Polysulfone,Industrial High-Temperature - Outside H2C Practical Envelope,Excluded,PSU,PSU,PSU,Unfilled / unspecified,Structural / functional / appearance,LOCAL-CANON,H2C-WIKI; H2C-MANUAL,Not applicable,G100-01,Single-grade observations; not a polymer-family range,Not published,Q00340,Q00341,Q00318,Not published for selected grade in sampled sources,Q00320,Not published,R-PRINT
M101,PESU / PES,Industrial High-Temperature - Outside H2C Practical Envelope,Excluded,G101-01,340-390C,140-160C,Recommended,P0155,1370,Not published,Not published,Not published,V001651,Not published / Not published,Not published,Not applicable,Not available in sampled Canadian market,Not applicable,No eligible grade-matched offer in sampled Canadian storefronts,Industrial heat-resistant technical parts; printer and end-use qualification required. This entry remains excluded from H2C printing.,Excluded from H2C. Industrial printing profile only.,Polyethersulfone,Industrial High-Temperature - Outside H2C Practical Envelope,Excluded,PESU / PES,PESU / PES,PESU,Commercial variant / undisclosed,Structural / functional / appearance,LOCAL-CANON,H2C-WIKI; H2C-MANUAL,Not applicable,G101-01,Single-grade observations; not a polymer-family range,Not published,Q00342,Not applicable,Q00318,Not published for selected grade in sampled sources,Q00320,Not published,R-PRINT
M102,PPSU,Industrial High-Temperature - Outside H2C Practical Envelope,Excluded,G102-01,360-390C,140-160C,Recommended,P0156,1280,2.31,55,3,V001659; V001661; V001660; V001662,Not published / Not published,190,V001666,Not available in sampled Canadian market,Not applicable,No eligible grade-matched offer in sampled Canadian storefronts,Industrial heat-resistant technical parts; printer and end-use qualification required. This entry remains excluded from H2C printing.,Excluded from H2C. Industrial printing profile only.,Polyphenylsulfone,Industrial High-Temperature - Outside H2C Practical Envelope,Excluded,PPSU,PPSU,PPSU,Unfilled / unspecified,Structural / functional / appearance,LOCAL-CANON,H2C-WIKI; H2C-MANUAL,Not applicable,G102-01; G102-02,Single-grade observations; not a polymer-family range,Not published,Q00343,Q00344,Q00318,Not published for selected grade in sampled sources,Q00320,Not published,R-PRINT
