MaterialID,Link,RecordID
M001,printing,P0133
M001,printing,Q00353
M001,h2c-status,H2C-WIKI
M001,h2c-status,H2C-MANUAL
M001,use,Q00271
M001,use,Q00272
M001,use,Q00274
M001,durability,Q00318
M001,safety,Q00320
M002,printing,P0004
M002,h2c-status,H2C-WIKI
M002,h2c-status,H2C-MANUAL
M002,use,Q00013
M002,durability,Q00318
M002,safety,Q00320
M003,printing,P0005
M003,h2c-status,H2C-WIKI
M003,h2c-status,H2C-MANUAL
M003,use,Q00020
M003,durability,Q00318
M003,safety,Q00320
M004,printing,P0161
M004,h2c-status,H2C-WIKI
M004,h2c-status,H2C-MANUAL
M004,use,Q00271
M004,use,Q00272
M004,use,Q00273
M004,use,Q00274
M004,use,Q00275
M004,use,Q00276
M004,use,Q00277
M004,durability,Q00318
M004,safety,Q00320
M005,printing,P0006
M005,h2c-status,H2C-WIKI
M005,h2c-status,H2C-MANUAL
M005,use,Q00027
M005,durability,Q00318
M005,safety,Q00320
M006,printing,P0007
M006,h2c-status,H2C-WIKI
M006,h2c-status,H2C-MANUAL
M006,use,Q00271
M006,use,Q00272
M006,use,Q00273
M006,use,Q00274
M006,use,Q00275
M006,use,Q00276
M006,use,Q00277
M006,durability,Q00318
M006,safety,Q00320
M007,printing,P0008
M007,h2c-status,H2C-WIKI
M007,h2c-status,H2C-MANUAL
M007,use,Q00271
M007,use,Q00272
M007,use,Q00273
M007,use,Q00274
M007,use,Q00275
M007,use,Q00276
M007,use,Q00277
M007,durability,Q00318
M007,safety,Q00320
M008,printing,P0162
M008,h2c-status,H2C-WIKI
M008,h2c-status,H2C-MANUAL
M008,use,Q00271
M008,use,Q00272
M008,use,Q00273
M008,use,Q00274
M008,use,Q00275
M008,use,Q00276
M008,use,Q00277
M008,durability,Q00318
M008,safety,Q00320
M009,printing,P0009
M009,h2c-status,H2C-WIKI
M009,h2c-status,H2C-MANUAL
M009,use,Q00031
M009,durability,Q00318
M009,safety,Q00320
M010,printing,P0010
M010,h2c-status,H2C-WIKI
M010,h2c-status,H2C-MANUAL
M010,use,Q00033
M010,durability,Q00318
M010,safety,Q00320
M011,printing,P0011
M011,h2c-status,H2C-WIKI
M011,h2c-status,H2C-MANUAL
M011,use,Q00040
M011,durability,Q00318
M011,safety,Q00320
M012,printing,P0012
M012,h2c-status,H2C-WIKI
M012,h2c-status,H2C-MANUAL
M012,use,Q00047
M012,durability,Q00318
M012,safety,Q00320
M013,printing,P0013
M013,h2c-status,H2C-WIKI
M013,h2c-status,H2C-MANUAL
M013,use,Q00271
M013,use,Q00272
M013,use,Q00273
M013,use,Q00274
M013,use,Q00275
M013,use,Q00276
M013,use,Q00277
M013,durability,Q00318
M013,safety,Q00320
M014,printing,P0014
M014,h2c-status,H2C-WIKI
M014,h2c-status,H2C-MANUAL
M014,use,Q00055
M014,durability,Q00318
M014,safety,Q00320
M015,printing,P0015
M015,h2c-status,H2C-WIKI
M015,h2c-status,H2C-MANUAL
M015,use,Q00057
M015,durability,Q00318
M015,safety,Q00320
M016,printing,P0016
M016,h2c-status,H2C-WIKI
M016,h2c-status,H2C-MANUAL
M016,use,Q00064
M016,durability,Q00318
M016,safety,Q00320
M017,printing,P0017
M017,h2c-status,H2C-WIKI
M017,h2c-status,H2C-MANUAL
M017,use,Q00066
M017,durability,Q00318
M017,safety,Q00320
M018,printing,P0018
M018,h2c-status,H2C-WIKI
M018,h2c-status,H2C-MANUAL
M018,use,Q00073
M018,durability,Q00318
M018,safety,Q00320
M019,printing,P0019
M019,h2c-status,H2C-WIKI
M019,h2c-status,H2C-MANUAL
M019,use,Q00271
M019,use,Q00272
M019,use,Q00273
M019,use,Q00274
M019,use,Q00275
M019,use,Q00276
M019,use,Q00277
M019,durability,Q00319
M019,safety,Q00320
M020,printing,P0021
M020,printing,Q00354
M020,h2c-status,H2C-WIKI
M020,h2c-status,H2C-MANUAL
M020,use,Q00278
M020,use,Q00280
M020,durability,Q00318
M020,safety,Q00320
M021,printing,P0024
M021,h2c-status,H2C-WIKI
M021,h2c-status,H2C-MANUAL
M021,use,Q00278
M021,use,Q00279
M021,use,Q00280
M021,use,Q00281
M021,durability,Q00318
M021,safety,Q00320
M022,printing,P0025
M022,h2c-status,H2C-WIKI
M022,h2c-status,H2C-MANUAL
M022,use,Q00092
M022,durability,Q00318
M022,safety,Q00320
M023,printing,P0026
M023,h2c-status,H2C-WIKI
M023,h2c-status,H2C-MANUAL
M023,use,Q00099
M023,durability,Q00318
M023,safety,Q00320
M024,printing,P0027
M024,h2c-status,H2C-WIKI
M024,h2c-status,H2C-MANUAL
M024,use,Q00106
M024,durability,Q00318
M024,safety,Q00320
M025,printing,P0168
M025,h2c-status,H2C-WIKI
M025,h2c-status,H2C-MANUAL
M025,use,Q00278
M025,use,Q00279
M025,use,Q00280
M025,use,Q00281
M025,durability,Q00318
M025,safety,Q00320
M026,printing,P0134
M026,h2c-status,H2C-WIKI
M026,h2c-status,H2C-MANUAL
M026,use,Q00278
M026,use,Q00279
M026,use,Q00280
M026,use,Q00281
M026,durability,Q00318
M026,safety,Q00320
M027,printing,P0032
M027,printing,Q00355
M027,h2c-status,H2C-WIKI
M027,h2c-status,H2C-MANUAL
M027,use,Q00118
M027,use,Q00282
M027,use,Q00285
M027,durability,Q00318
M027,safety,Q00320
M028,printing,P0033
M028,h2c-status,H2C-WIKI
M028,h2c-status,H2C-MANUAL
M028,use,Q00120
M028,durability,Q00318
M028,safety,Q00320
M029,printing,P0135
M029,h2c-status,H2C-WIKI
M029,h2c-status,H2C-MANUAL
M029,use,Q00282
M029,use,Q00283
M029,use,Q00284
M029,use,Q00285
M029,durability,Q00318
M029,safety,Q00320
M030,printing,P0136
M030,h2c-status,H2C-WIKI
M030,h2c-status,H2C-MANUAL
M030,use,Q00282
M030,use,Q00283
M030,use,Q00284
M030,use,Q00285
M030,durability,Q00318
M030,safety,Q00320
M031,printing,P0038
M031,printing,Q00356
M031,h2c-status,H2C-WIKI
M031,h2c-status,H2C-MANUAL
M031,use,Q00127
M031,use,Q00286
M031,use,Q00289
M031,durability,Q00345
M031,safety,Q00320
M032,printing,P0039
M032,h2c-status,H2C-WIKI
M032,h2c-status,H2C-MANUAL
M032,use,Q00134
M032,durability,Q00318
M032,safety,Q00320
M033,printing,P0040
M033,h2c-status,H2C-WIKI
M033,h2c-status,H2C-MANUAL
M033,use,Q00141
M033,durability,Q00318
M033,safety,Q00320
M034,printing,P0169
M034,h2c-status,H2C-WIKI
M034,h2c-status,H2C-MANUAL
M034,use,Q00286
M034,use,Q00287
M034,use,Q00288
M034,use,Q00289
M034,durability,Q00318
M034,safety,Q00320
M035,printing,P0043
M035,printing,Q00357
M035,h2c-status,H2C-WIKI
M035,h2c-status,H2C-MANUAL
M035,use,Q00148
M035,use,Q00290
M035,use,Q00293
M035,durability,Q00346
M035,safety,Q00320
M036,printing,P0044
M036,h2c-status,H2C-WIKI
M036,h2c-status,H2C-MANUAL
M036,use,Q00290
M036,use,Q00291
M036,use,Q00292
M036,use,Q00293
M036,durability,Q00318
M036,safety,Q00320
M037,printing,P0137
M037,h2c-status,H2C-WIKI
M037,h2c-status,H2C-MANUAL
M037,use,Q00290
M037,use,Q00291
M037,use,Q00292
M037,use,Q00293
M037,durability,Q00318
M037,safety,Q00320
M038,printing,P0048
M038,h2c-status,H2C-WIKI
M038,h2c-status,H2C-MANUAL
M038,use,Q00290
M038,use,Q00291
M038,use,Q00292
M038,use,Q00293
M038,durability,Q00318
M038,safety,Q00320
M039,printing,P0049
M039,printing,Q00358
M039,h2c-status,H2C-WIKI
M039,h2c-status,H2C-MANUAL
M039,use,Q00294
M039,use,Q00296
M039,durability,Q00318
M039,safety,Q00320
M040,printing,P0051
M040,h2c-status,H2C-WIKI
M040,h2c-status,H2C-MANUAL
M040,use,Q00294
M040,use,Q00295
M040,use,Q00296
M040,use,Q00297
M040,durability,Q00318
M040,safety,Q00320
M041,printing,P0052
M041,h2c-status,H2C-WIKI
M041,h2c-status,H2C-MANUAL
M041,use,Q00162
M041,durability,Q00318
M041,safety,Q00320
M042,printing,P0053
M042,h2c-status,H2C-WIKI
M042,h2c-status,H2C-MANUAL
M042,use,Q00294
M042,use,Q00295
M042,use,Q00296
M042,use,Q00297
M042,durability,Q00318
M042,safety,Q00320
M043,printing,P0054
M043,h2c-status,H2C-WIKI
M043,h2c-status,H2C-MANUAL
M043,use,Q00294
M043,use,Q00295
M043,use,Q00296
M043,use,Q00297
M043,durability,Q00318
M043,safety,Q00320
M044,h2c-status,H2C-WIKI
M044,h2c-status,H2C-MANUAL
M044,use,Q00294
M044,use,Q00295
M044,use,Q00296
M044,use,Q00297
M044,durability,Q00318
M044,safety,Q00320
M045,printing,P0057
M045,h2c-status,H2C-WIKI
M045,h2c-status,H2C-MANUAL
M045,use,Q00294
M045,use,Q00295
M045,use,Q00296
M045,use,Q00297
M045,durability,Q00318
M045,safety,Q00320
M046,printing,P0059
M046,h2c-status,H2C-WIKI
M046,h2c-status,H2C-MANUAL
M046,use,Q00294
M046,use,Q00295
M046,use,Q00296
M046,use,Q00297
M046,durability,Q00318
M046,safety,Q00320
M047,printing,Q00359
M047,h2c-status,H2C-WIKI
M047,h2c-status,H2C-MANUAL
M047,use,Q00298
M047,durability,Q00318
M047,safety,Q00320
M048,printing,P0063
M048,h2c-status,H2C-WIKI
M048,h2c-status,H2C-MANUAL
M048,use,Q00184
M048,durability,Q00318
M048,safety,Q00320
M049,printing,P0064
M049,h2c-status,H2C-WIKI
M049,h2c-status,H2C-MANUAL
M049,durability,Q00318
M049,safety,Q00320
M050,printing,P0065
M050,h2c-status,H2C-WIKI
M050,h2c-status,H2C-MANUAL
M050,use,Q00191
M050,durability,Q00318
M050,safety,Q00320
M051,printing,P0066
M051,h2c-status,H2C-WIKI
M051,h2c-status,H2C-MANUAL
M051,use,Q00222
M051,durability,Q00318
M051,safety,Q00320
M052,printing,P0139
M052,h2c-status,H2C-WIKI
M052,h2c-status,H2C-MANUAL
M052,use,Q00326
M052,durability,Q00347
M052,safety,Q00320
M053,printing,P0140
M053,h2c-status,H2C-WIKI
M053,h2c-status,H2C-MANUAL
M053,use,Q00199
M053,durability,Q00318
M053,safety,Q00320
M054,printing,P0141
M054,h2c-status,H2C-WIKI
M054,h2c-status,H2C-MANUAL
M054,durability,Q00318
M054,safety,Q00320
M055,h2c-status,H2C-WIKI
M055,h2c-status,H2C-MANUAL
M055,durability,Q00318
M055,safety,Q00320
M056,h2c-status,H2C-WIKI
M056,h2c-status,H2C-MANUAL
M056,durability,Q00318
M056,safety,Q00320
M057,printing,P0072
M057,h2c-status,H2C-WIKI
M057,h2c-status,H2C-MANUAL
M057,use,Q00206
M057,durability,Q00318
M057,safety,Q00320
M058,h2c-status,H2C-WIKI
M058,h2c-status,H2C-MANUAL
M058,durability,Q00318
M058,safety,Q00320
M059,printing,P0074
M059,h2c-status,H2C-WIKI
M059,h2c-status,H2C-MANUAL
M059,use,Q00207
M059,durability,Q00318
M059,safety,Q00320
M060,h2c-status,H2C-WIKI
M060,h2c-status,H2C-MANUAL
M060,durability,Q00318
M060,safety,Q00320
M061,h2c-status,H2C-WIKI
M061,h2c-status,H2C-MANUAL
M061,durability,Q00318
M061,safety,Q00320
M062,h2c-status,H2C-WIKI
M062,h2c-status,H2C-MANUAL
M062,durability,Q00318
M062,safety,Q00320
M063,h2c-status,H2C-WIKI
M063,h2c-status,H2C-MANUAL
M063,durability,Q00318
M063,safety,Q00320
M064,printing,P0082
M064,h2c-status,H2C-WIKI
M064,h2c-status,H2C-MANUAL
M064,durability,Q00318
M064,safety,Q00320
M065,printing,P0084
M065,h2c-status,H2C-WIKI
M065,h2c-status,H2C-MANUAL
M065,use,Q00224
M065,durability,Q00318
M065,safety,Q00320
M066,printing,P0085
M066,h2c-status,H2C-WIKI
M066,h2c-status,H2C-MANUAL
M066,use,Q00333
M066,durability,Q00318
M066,safety,Q00320
M067,printing,P0086
M067,h2c-status,H2C-WIKI
M067,h2c-status,H2C-MANUAL
M067,durability,Q00318
M067,safety,Q00320
M068,printing,P0164
M068,h2c-status,H2C-WIKI
M068,h2c-status,H2C-MANUAL
M068,use,Q00254
M068,durability,Q00318
M068,safety,Q00320
M069,printing,P0088
M069,h2c-status,H2C-WIKI
M069,h2c-status,H2C-MANUAL
M069,use,Q00327
M069,use,Q00328
M069,durability,Q00318
M069,safety,Q00320
M070,printing,P0089
M070,h2c-status,H2C-WIKI
M070,h2c-status,H2C-MANUAL
M070,use,Q00232
M070,durability,Q00318
M070,safety,Q00320
M071,printing,P0090
M071,h2c-status,H2C-WIKI
M071,h2c-status,H2C-MANUAL
M071,use,Q00329
M071,durability,Q00330
M071,safety,Q00320
M072,printing,P0145
M072,h2c-status,H2C-WIKI
M072,h2c-status,H2C-MANUAL
M072,durability,Q00318
M072,safety,Q00320
M073,printing,P0093
M073,h2c-status,H2C-WIKI
M073,h2c-status,H2C-MANUAL
M073,use,Q00233
M073,durability,Q00318
M073,safety,Q00320
M074,printing,P0094
M074,h2c-status,H2C-WIKI
M074,h2c-status,H2C-MANUAL
M074,durability,Q00318
M074,safety,Q00320
M075,printing,P0096
M075,printing,Q00361
M075,h2c-status,H2C-WIKI
M075,h2c-status,H2C-MANUAL
M075,use,Q00312
M075,durability,Q00318
M075,safety,Q00320
M076,printing,P0097
M076,printing,Q00362
M076,h2c-status,H2C-WIKI
M076,h2c-status,H2C-MANUAL
M076,use,Q00310
M076,use,Q00311
M076,use,Q00312
M076,durability,Q00318
M076,safety,Q00320
M077,printing,P0157
M077,h2c-status,H2C-WIKI
M077,h2c-status,H2C-MANUAL
M077,use,Q00363
M077,durability,Q00318
M077,safety,Q00320
M078,printing,P0098
M078,h2c-status,H2C-WIKI
M078,h2c-status,H2C-MANUAL
M078,durability,Q00318
M078,safety,Q00320
M079,printing,P0099
M079,h2c-status,H2C-WIKI
M079,h2c-status,H2C-MANUAL
M079,durability,Q00318
M079,safety,Q00320
M080,printing,P0100
M080,h2c-status,H2C-WIKI
M080,h2c-status,H2C-MANUAL
M080,durability,Q00318
M080,safety,Q00320
M081,printing,P0146
M081,h2c-status,H2C-WIKI
M081,h2c-status,H2C-MANUAL
M081,use,Q00308
M081,use,Q00309
M081,durability,Q00318
M081,safety,Q00320
M082,printing,P0103
M082,printing,Q00360
M082,h2c-status,H2C-WIKI
M082,h2c-status,H2C-MANUAL
M082,use,Q00304
M082,use,Q00306
M082,durability,Q00318
M082,safety,Q00320
M083,printing,P0147
M083,h2c-status,H2C-WIKI
M083,h2c-status,H2C-MANUAL
M083,use,Q00304
M083,use,Q00305
M083,use,Q00306
M083,durability,Q00318
M083,safety,Q00320
M084,printing,P0106
M084,h2c-status,H2C-WIKI
M084,h2c-status,H2C-MANUAL
M084,use,Q00304
M084,use,Q00305
M084,use,Q00306
M084,durability,Q00318
M084,safety,Q00320
M085,printing,P0107
M085,h2c-status,H2C-WIKI
M085,h2c-status,H2C-MANUAL
M085,durability,Q00318
M085,safety,Q00320
M086,printing,P0108
M086,h2c-status,H2C-WIKI
M086,h2c-status,H2C-MANUAL
M086,durability,Q00318
M086,safety,Q00320
M087,printing,P0109
M087,h2c-status,H2C-WIKI
M087,h2c-status,H2C-MANUAL
M087,use,Q00321
M087,durability,Q00318
M087,safety,Q00320
M088,printing,P0148
M088,h2c-status,H2C-WIKI
M088,h2c-status,H2C-MANUAL
M088,durability,Q00318
M088,safety,Q00320
M089,printing,P0165
M089,h2c-status,H2C-WIKI
M089,h2c-status,H2C-MANUAL
M089,use,Q00301
M089,durability,Q00318
M089,safety,Q00320
M090,printing,P0113
M090,h2c-status,H2C-WIKI
M090,h2c-status,H2C-MANUAL
M090,use,Q00255
M090,durability,Q00318
M090,safety,Q00320
M091,printing,P0163
M091,h2c-status,H2C-WIKI
M091,h2c-status,H2C-MANUAL
M091,use,Q00301
M091,use,Q00302
M091,use,Q00303
M091,durability,Q00318
M091,safety,Q00320
M092,printing,P0167
M092,h2c-status,H2C-WIKI
M092,h2c-status,H2C-MANUAL
M092,use,Q00316
M092,durability,Q00318
M092,safety,Q00320
M093,printing,P0117
M093,h2c-status,H2C-WIKI
M093,h2c-status,H2C-MANUAL
M093,use,Q00313
M093,use,Q00314
M093,durability,Q00318
M093,safety,Q00320
M094,printing,P0149
M094,h2c-status,H2C-WIKI
M094,h2c-status,H2C-MANUAL
M094,use,Q00290
M094,use,Q00291
M094,use,Q00292
M094,use,Q00293
M094,durability,Q00348
M094,safety,Q00320
M095,printing,P0121
M095,h2c-status,H2C-WIKI
M095,h2c-status,H2C-MANUAL
M095,use,Q00290
M095,use,Q00291
M095,use,Q00292
M095,use,Q00293
M095,durability,Q00318
M095,safety,Q00320
M096,printing,P0150
M096,h2c-status,H2C-WIKI
M096,h2c-status,H2C-MANUAL
M096,durability,Q00318
M096,safety,Q00320
M097,printing,P0151
M097,h2c-status,H2C-WIKI
M097,h2c-status,H2C-MANUAL
M097,use,Q00335
M097,durability,Q00318
M097,safety,Q00320
M098,printing,P0152
M098,h2c-status,H2C-WIKI
M098,h2c-status,H2C-MANUAL
M098,use,Q00337
M098,durability,Q00318
M098,safety,Q00320
M099,printing,P0153
M099,h2c-status,H2C-WIKI
M099,h2c-status,H2C-MANUAL
M099,use,Q00338
M099,durability,Q00318
M099,safety,Q00320
M100,printing,P0154
M100,h2c-status,H2C-WIKI
M100,h2c-status,H2C-MANUAL
M100,use,Q00340
M100,durability,Q00318
M100,safety,Q00320
M101,printing,P0155
M101,h2c-status,H2C-WIKI
M101,h2c-status,H2C-MANUAL
M101,use,Q00342
M101,durability,Q00318
M101,safety,Q00320
M102,printing,P0156
M102,h2c-status,H2C-WIKI
M102,h2c-status,H2C-MANUAL
M102,use,Q00343
M102,durability,Q00318
M102,safety,Q00320
