SourceID,Publisher,Title,Revision,Publication date,Access date,Source class,Citation role,URL,Locator,Applicable grades,Access status,SHA256
H2C-MANUAL,Bambu Lab,Bambu Lab H2C 3D Printing User Manual,V1.0,2026-01,2026-09-10,Official printer documentation,cited,https://csm.bblcdn.com/hub/eff78da43720461787dc8bbe5fa0372d.pdf,Chapter8 Filament; pp123-139; see printed page numbering,Family / scope guidance,Retrieved,7f2034156a14c4fc08cfeb8d431a23f6c2dcef03ebd56276add6858665daec30
H2C-WIKI,Bambu Lab,H2C Filamant Printing Guide | Bambu Lab Wiki,Not published,Not published,2026-09-10,Official printer documentation,cited,https://wiki.bambulab.com/en/h2c/h2c-filament-printing-guide,Document / product page,Family / scope guidance,Retrieved,c8204c57189a28fe724c064f1b4747c8c6486419445888df691c4dddeac81276
B-GUIDE,Bambu Lab,Bambu Lab Filament Guide,Not published,Not published,2026-09-10,Manufacturer comparison guide,corroboration,https://cdn1.bambulab.com/filament/filament-guide/250123/filament-guide-en.pdf,Material comparison and printing requirements table,Family / scope guidance,Retrieved,ea799364fa4664e61632a1e87e5073c3edd0e76f93bd5524192bb018b5cfb858
D-PRUSA,Prusa Research,Filament Material Guide | Prusa Knowledge Base,Not published,Not published,2026-09-10,Manufacturer product / guide,corroboration,https://help.prusa3d.com/filament-material-guide,Document / product page,Family / scope guidance,Retrieved,2f6315b98756678e918b954db3f8fddc36eaed7aebdabaf2930c199dfdacc389
LOCAL-CANON,User-supplied reference,Consolidated H2C material master list,Not published,Not published,2026-09-10,Scope register,cited,/Users/farid/Downloads/Misc/Bambu_H2C_Consolidated_Filament_Material_Master_List.md,Both canonical tables,Family / scope guidance,Read only,bae94c526f7efe4dd7780f839393330f422f7f88ed228764fa3104b2a263d9f4
LOCAL-CREEP,User-supplied reference,Plastics Engineering: pseudo-elastic design,Not published,Not published,2026-09-10,Secondary local reference,cited,/Users/farid/Documents/farid first Obsidian/Materials Wiki/wiki/pe4/mat-pe4-c-pseudo-elastic-design-method-for-plastics.md,§2.5.2; raw/c2a09960a68398c3/pe4.md,Family / scope guidance,Read only,173fe3f42a9834ead307b52c9b06a6fe5936ad474c8dc46dac25decf6ea729a2
LOCAL-FATIGUE,User-supplied reference,Plastics Engineering: fatigue of reinforced plastics,Not published,Not published,2026-09-10,Secondary local reference,cited,/Users/farid/Documents/farid first Obsidian/Materials Wiki/wiki/pe4/mat-pe4-c-fatigue-behaviour-of-reinforced-plastics.md,§3.17; raw/c2a09960a68398c3/pe4.md,Family / scope guidance,Read only,bdb1b706976f9d20f3b0267c54a5318817c9fb2042d8f44fdb7e189b5f32d77a
LOCAL-XLSM,User-supplied reference,Legacy material-selection workbook,Not published,Not published,2026-09-10,Secondary local reference,provenance,/Users/farid/Documents/farid first Obsidian/Material Selection/CAE PROJECTS/Material Selection.xlsm,"Database E:T, MainUi property labels; uncited values excluded",Family / scope guidance,Read only,f4388e09431e3cb5184e84b3b363220107bef0fdc52c82092d2fb29e55f87a49
X-ECOMAX-PLA-TDS-v3,3DXTECH,ECOMAX PLA,TDS Rev 3.0,Not published,2026-09-10,Manufacturer TDS,cited,https://cdn.shopify.com/s/files/1/0625/4185/6821/files/ECOMAX_PLA_TDS_v3.pdf?v=1723942765,Document / product page,G001-01,Retrieved,d1fdff52f1293ebab12bd2e853b187522c4cc37e29f9938df7c0a51ebf5d048a
S-POLYCN-PolySonic-PLA-EN-V5-3-TDS,Polymaker,PolySonic PLA EN V5 3,Not published,Not published,2026-09-14,Manufacturer TDS,cited,https://cdn.polymaker.com.cn/wp-content/uploads/lana-downloads/PolySonic-PLA-EN_V5.3-TDS.pdf,Document / product page,G001-02,Retrieved,e71fac75b41e1f756b2827213885bd9f5d606a23b124cdb39f2035d04e049972
I-PLA-TDS,iSANMATE,PLA,Not published,Not published,2026-09-10,Manufacturer TDS,cited,https://www.isanmate.com/wp-content/uploads/2022/09/PLA_TDS.pdf,Document / product page,G001-03,Retrieved,c30ebe387da2a183ec1970e88f56aaea8304ceb44d9bdca2e78029dabd1e5663
B-pla-basic-filament-TDS,Bambu Lab,Bambu Filament Technical Data Sheet - PLA Basic,Technical Data Sheet V3.0,Not published,2026-09-10,Manufacturer TDS,cited,https://store.bblcdn.com/s1/default/58b85d0f3db94878854a28fdb8a0006e/Bambu_PLA_Basic_Technical_Data_Sheet.pdf,Document / product page,G002-01,Retrieved,05b504148050e17c02d2f20f1a4b718b4e35d43af1c406da34127711762ff939
B-pla-matte-TDS,Bambu Lab,Bambu Filament Technical Data Sheet - PLA Matte,Technical Data Sheet V3.0,Not published,2026-09-10,Manufacturer TDS,cited,https://store.bblcdn.com/s7/default/5b061f2feeac4ba88f355a33248bbda7/Bambu_PLA_Matte_Technical_Data_Sheet.pdf,Document / product page,G003-01,Retrieved,544f98056f3a142969983a97dcd75140b447bca397f99e17edeb260cd2d0d3f5
B-pla-basic-gradient-TDS,Bambu Lab,Bambu Filament Technical Data Sheet - PLA Basic,Technical Data Sheet V2.0,Not published,2026-09-10,Manufacturer TDS,cited,https://cdn.shopify.com/s/files/1/0584/7236/6216/files/Bambu_PLA_Basic_Gradient_Technical_Data_Sheet.pdf,Document / product page,G005-01,Retrieved,84f9fde455348a11c3861307bd391a8e4cebdf6f367c19506b56eee413512a50
B-pla-tough-upgrade-TDS,Bambu Lab,Bambu Filament Technical Data Sheet - PLA Tough+,Technical Data Sheet V3.0,Not published,2026-09-10,Manufacturer TDS,cited,https://store.bblcdn.com/s7/default/80a85371db2e40bda97069d283fed76c/BambuPLA_Tough_TechnicalData_Sheet_(2).pdf,Document / product page,G006-01,Retrieved,73fc789bc00aee976c7d70890bada6103fc8fadcbae50cd955872549c7603f61
B-pla-translucent-TDS,Bambu Lab,Bambu Filament Technical Data Sheet - PLA Translucent,Technical Data Sheet V3.0,Not published,2026-09-10,Manufacturer TDS,cited,https://store.bblcdn.com/s7/default/729a8bf233e9474db25c8d5be1e64a00/Bambu_PLA_Translucent_Technical_Data_Sheet.pdf,Document / product page,G007-01,Retrieved,9a0d6356bb2c0839e1586c256e8b38b2f69dd60b86ae044607af19a72e3e379b
B-pla-silk-upgrade-TDS,Bambu Lab,Bambu Filament Technical Data Sheet - PLA Silk+,Technical Data Sheet V1.0,Not published,2026-09-10,Manufacturer TDS,cited,https://cdn.shopify.com/s/files/1/0584/7236/6216/files/Bambu_PLA_Silk__Technical_Data_Sheet.pdf?v=1733472353,Document / product page,G009-01,Retrieved,336eab9b2bd1b8e1768880cc82b44da4ab16f8de4ccc434d9d47b2beebb22ea6
B-pla-silk-dual-color-TDS,Bambu Lab,Bambu Filament Technical Data Sheet - PLA Silk,Technical Data Sheet V3.0,Not published,2026-09-10,Manufacturer TDS,cited,https://cdn.shopify.com/s/files/1/0584/7236/6216/files/Bambu_PLA_Silk_Dual_Color_Technical_Data_Sheet.pdf,Document / product page,G010-01,Retrieved,ed62961c3288d08217f80cf27fdfd467f6bfe70b853ab683a40b179731227666
B-pla-metal-TDS,Bambu Lab,Bambu Filament Technical Data Sheet - PLA Metal,Technical Data Sheet V3.0,Not published,2026-09-10,Manufacturer TDS,cited,https://store.bblcdn.com/c6c28a13ba294c6f9fe62755ec9188fa.pdf,Document / product page,G011-01,Retrieved,89844096f35cf7a7bf44b8ac80cfd7f191b99fbcf8b839a4fa24bcb712e3f161
B-pla-marble-TDS,Bambu Lab,Bambu Filament Technical Data Sheet - PLA Marble,Technical Data Sheet V3.0,Not published,2026-09-10,Manufacturer TDS,cited,https://store.bblcdn.com/b81e083c7d1f4e2182ef749d48f9ec86.pdf,Document / product page,G012-01,Retrieved,5e5b81ceef7fe995c3e31e42ee6e12f79606619eabdd6d4438f00bb797bbdcf1
B-pla-sparkle-TDS,Bambu Lab,Bambu Filament Technical Data Sheet - PLA Sparkle,Technical Data Sheet V1.0,Not published,2026-09-10,Manufacturer TDS,cited,https://store.bblcdn.com/169532c9ce4d4610a9e85d92c0222bb9.pdf,Document / product page,G013-01,Retrieved,aff0134b09ee327c60a7b5a0966aad140cbaa4373952abb7a633e5f7aacd6550
B-pla-wood-TDS,Bambu Lab,Bambu Filament Technical Data Sheet - PLA Wood,Technical Data Sheet V1.0,Not published,2026-09-10,Manufacturer TDS,cited,https://store.bblcdn.com/s4/default/6fda0ae88e5a4e66bb5d58f2968eee42/Bambus_PLA_Wood_Technical_Data_Sheet.pdf,Document / product page,G014-01,Retrieved,0d4a7db697bb84866f7852860a81035d5329a645008844ba0f39a03d80bddf52
B-pla-galaxy-TDS,Bambu Lab,Bambu Filament Technical Data Sheet - PLA Galaxy,Technical Data Sheet V1.0,Not published,2026-09-10,Manufacturer TDS,cited,https://store.bblcdn.com/8f0b6b2741e3498689c2c7706374c482.pdf,Document / product page,G015-01,Retrieved,75cfdf621cfe629d80e0bffcad327c5088a1ddcd891cfb24cac0cc717cf63e21
B-pla-glow-TDS,Bambu Lab,Bambu Filament Technical Data Sheet - PLA Glow,Technical Data Sheet V1.0,Not published,2026-09-10,Manufacturer TDS,cited,https://store.bblcdn.com/cd34cf072d14484bbf027290d16abe9b.pdf,Document / product page,G016-01,Retrieved,7ebb92f0abcb8ebfe225d1fda4556454eaaf20bc27c42a06831d67d56e3ae919
B-pla-aero-TDS,Bambu Lab,Bambu Filament Technical Data Sheet - PLA Aero,Technical Data Sheet V4.0,Not published,2026-09-10,Manufacturer TDS,cited,https://store.bblcdn.com/cbc8b808aaf84ead9bb3b0b9b43e66af.pdf,Document / product page,G017-01,Retrieved,c7730c4bac6f58d8660bbc5bd580fa00f18b956033b9768a5a543d546d15c592
B-pla-cf-TDS,Bambu Lab,Bambu Filament Technical Data Sheet - PLA-CF,Technical Data Sheet V2.0,Not published,2026-09-10,Manufacturer TDS,cited,https://store.bblcdn.com/842f399d4e274507953a5231126ec8c1.pdf,Document / product page,G018-01,Retrieved,1939edfb494813529cd5324854975b0248e662af8adc11045599257f08bffae3
S-POLYCN-Polymaker-HT-PLA-GF-TDS-EN-V1-1,Polymaker,Polymaker™ HT-PLA-GF Technical Data Sheet,V1.1,Not published,2026-09-14,Manufacturer TDS,cited,https://cdn.polymaker.com.cn/wp-content/uploads/lana-downloads/Polymaker-HT-PLA-GF_TDS_EN_V1.1.pdf,Document / product page,G019-01,Retrieved,7e9fe84101b5dfbbf0c8be3a834fd19ef5522ba3635fd6a74ef0692f1e29f3fb
I-PLA-Glass-Fiber-Technical-Data-Sheet,iSANMATE,PLA Glass Fiber,Not published,Not published,2026-09-10,Manufacturer TDS,cited,https://www.isanmate.com/wp-content/uploads/2025/08/PLA-Glass-Fiber-Technical-Data-Sheet.pdf,Document / product page,G019-02,Retrieved,558f53e24e2062b3087e76a965bcb7bdfb846ae2dad7ccbb6c9a0e9fd288e422
X-3DXPRO-LG-PETG-TDS-v3,3DXTECH,3DXPRO LG PETG,TDS Rev 3.0,Not published,2026-09-10,Manufacturer TDS,cited,https://cdn.shopify.com/s/files/1/0625/4185/6821/files/3DXPRO_LG_PETG_TDS_v3.pdf?v=1723942764,Document / product page,G020-01,Retrieved,90bffa56993d09180589ba4ceb660a8505cdd7956eb8744666309cd1ecd8f853
S-POLYCN-PolyLite-PETG-TDS-V5-3,Polymaker,PolyLite PETG,Not published,Not published,2026-09-10,Manufacturer TDS,cited,https://cdn.polymaker.com.cn/wp-content/uploads/lana-downloads/PolyLite_PETG_TDS_V5.3.pdf,Document / product page,G020-02,Retrieved,3e325b645b42d7547517ee7940f5fd476b48815c08342676a38777206350092f
I-PETG-TDS,iSANMATE,PETG,Not published,Not published,2026-09-10,Manufacturer TDS,cited,https://www.isanmate.com/wp-content/uploads/2025/08/PETG_TDS.pdf,Document / product page,G020-03,Retrieved; user-supplied local copy re-verified 2026-09-11 (SHA256 match confirms identical to originally cited document),f24f7e065c99fb348844ec58a80f3f5195853a620d567bc0857019c3837ed337
B-petg-basic-TDS,Bambu Lab,Bambu Filament Technical Data Sheet - PETG Basic,Technical Data Sheet V3.0,Not published,2026-09-10,Manufacturer TDS,cited,https://store.bblcdn.com/s1/default/cb94589bf7994fdcbfa833badefae9cd/Bambu_PETG_Basic_Technical_Data_Sheet.pdf,Document / product page,G021-01,Retrieved,fc23b725a4632bd931f28d0076461180e0ba87b7c2ddb6b1f16478ad5c5db6c6
B-petg-hf-TDS,Bambu Lab,Bambu Filament Technical Data Sheet - PETG HF,Technical Data Sheet V1.0,Not published,2026-09-10,Manufacturer TDS,cited,https://store.bblcdn.com/3a230e260a3a47c2b0db0156e07eef91.pdf,Document / product page,G022-01,Retrieved,51981f734b941947f3fe696cc370c1a4b7419f4eb4cffa77ea97c3d5d4b53ab4
B-petg-translucent-TDS,Bambu Lab,Bambu Filament Technical Data Sheet - PETG Translucent,Technical Data Sheet V1.0,Not published,2026-09-10,Manufacturer TDS,cited,https://store.bblcdn.com/s1/default/338c9cd853fd44d9b6ed354a49048e72/Bambu_PETG_Translucent_Technical_Data_Sheet.pdf,Document / product page,G023-01,Retrieved,76246afc09c01b232869072208abbace373650b5b1e661ab222b4605f67a5229
B-petg-cf-TDS,Bambu Lab,Bambu Filament Technical Data Sheet - PETG-CF,Technical Data Sheet V3.0,Not published,2026-09-10,Manufacturer TDS,cited,https://store.bblcdn.com/626e4f424bf345ae965ad0ddfcaf2459.pdf,Document / product page,G024-01,Retrieved,18ca4ea88470343cd76173c44e5d9e71e6d7e538a6287816a62d80660329bba6
I-PETG-Glass-Fiber-Technical-Data-Sheet,iSANMATE,PETG Glass Fiber,Not published,Not published,2026-09-10,Manufacturer TDS,cited,https://www.isanmate.com/wp-content/uploads/2025/08/PETG-Glass-Fiber-Technical-Data-Sheet.pdf,Document / product page,G025-01,Retrieved,1e41e738a6ff6ddf553e5dd6be850d40e01e51170f870e5287f2c3e7da700690
X-3DXSTAT-ESD-PETG-TDS-v03,3DXTECH,3DXSTAT ESD PETG,TDS Rev 3.0,Not published,2026-09-10,Manufacturer TDS,cited,https://cdn.shopify.com/s/files/1/0625/4185/6821/files/3DXSTAT_ESD-PETG-TDS-v03.pdf?v=1723942764,Document / product page,G026-01,Retrieved,1400595ae5526bd279645acf88f392b9e2b542a50dea27fb099e4c56b0aad86a
S-POLYCN-PolyMax-PETG-ESD-TDS-V5-3,Polymaker,PolyMax™ PETG-ESD Technical Data Sheet,Technical Data Sheet V5.3,Not published,2026-09-10,Manufacturer TDS,cited,https://cdn.polymaker.com.cn/wp-content/uploads/lana-downloads/PolyMax_PETG-ESD_TDS_V5.3.pdf,Document / product page,G026-02,Retrieved,ea8f37d8be896751c9f054abaac5848adc686c42964922f95f62259261aa404e
S-SPECTRUM-en-tds-spectrum-petg-esd,Spectrum,petg esd,Not published,Not published,2026-09-10,Manufacturer TDS,cited,https://spectrumfilaments.com/wp-content/uploads/2025/11/en_tds_spectrum_petg_esd.pdf,Document / product page,G026-03,Retrieved,98da8269b06df68ecf6c84e60cf792306e82a47282d2b6088d09ed41a72e85ab
B-abs-filament-TDS,Bambu Lab,Bambu Filament Technical Data Sheet - ABS,Technical Data Sheet V3.0,Not published,2026-09-10,Manufacturer TDS,cited,https://store.bblcdn.com/s7/default/23b4cf2b83d5470bb96d19970b5f3ae8/Bambu_ABS_Technical_Data_Sheet_V3.pdf,Document / product page,G027-01,Retrieved,371323063447db7c7c390bdcf66ef6e902a680bafa0f757b75c417c26cae3fb5
B-abs-gf-TDS,Bambu Lab,Bambu Filament Technical Data Sheet - ABS-GF,Technical Data Sheet V1.0,Not published,2026-09-10,Manufacturer TDS,cited,https://store.bblcdn.com/69f0758087c943f8a0a87bffa6dc901b.pdf,Document / product page,G028-01,Retrieved,0d506ed63d1c831a9cb0645ecba3fc0ec4cba09614df2d0f3a957f00cb103b44
X-CarbonX-CF-ABS-TDS-v3,3DXTECH,CarbonX CF ABS,TDS Rev 3.0,Not published,2026-09-10,Manufacturer TDS,cited,https://cdn.shopify.com/s/files/1/0625/4185/6821/files/CarbonX_CF_ABS_TDS_v3.pdf?v=1723942765,Document / product page,G029-01,Retrieved,1be4565728cfd6a8b19b57f4c19e764a03575e623f5262e45460f6094e590064
I-CF-ABS-TDS,iSANMATE,CF ABS,Not published,Not published,2026-09-10,Manufacturer TDS,cited,https://www.isanmate.com/wp-content/uploads/2022/09/CF-ABS_TDS.pdf,Document / product page,G029-02,Retrieved; user-supplied local copy re-verified 2026-09-11 (SHA256 match confirms identical to originally cited document),ea1795df0a5516f6b7ff66d0d1286f2956ebd0a1a099593e87fa8208f83e2921
X-3DXSTAT-ESD-ABS-TDS-v3,3DXTECH,3DXSTAT ESD ABS,TDS Rev 3.0,Not published,2026-09-10,Manufacturer TDS,cited,https://cdn.shopify.com/s/files/1/0625/4185/6821/files/3DXSTAT_ESD_ABS_TDS_v3.pdf?v=1723942764,Document / product page,G030-01,Retrieved,ed66de6ab0824f93507a6c684b1b85a565970c3b76c95f1546c419ff1dbb32f3
I-ESD-ABS-TDS,iSANMATE,ESD ABS,Not published,Not published,2026-09-10,Manufacturer TDS,cited,https://www.isanmate.com/wp-content/uploads/2024/09/ESD-ABS_TDS.pdf,Document / product page,G030-02,Retrieved,821d1a6b61e180865743990dcc664de686fde4b3c1d37361a7a69ffc46778a9c
B-asa-filament-TDS,Bambu Lab,Bambu Filament Technical Data Sheet - ASA,Technical Data Sheet V3.0,Not published,2026-09-10,Manufacturer TDS,cited,https://store.bblcdn.com/ad7b08230c164e72856cffbe06bb7dc9.pdf,Document / product page,G031-01,Retrieved,9927eba5def39ebb3ffe7e7d2f99aafc6784b654371adca35d55f81bea4eacf0
B-asa-aero-TDS,Bambu Lab,Bambu Filament Technical Data Sheet - ASA Aero,Technical Data Sheet V1.0,Not published,2026-09-10,Manufacturer TDS,cited,https://store.bblcdn.com/s1/default/02b005fdf02d450084e3128f7cf0c36f/Bambu_ASA_Aero_Technical_Data_Sheet.pdf,Document / product page,G032-01,Retrieved,c5f128401819ebcad88fbbd4818eea9b1ceda7b99e58ab43550672633dc8e851
B-asa-cf-TDS,Bambu Lab,Bambu Filament Technical Data Sheet - ASA-CF,Technical Data Sheet V1.0,Not published,2026-09-10,Manufacturer TDS,cited,https://store.bblcdn.com/s7/default/44b0a48ab1d84e819647c980eb179ae9/Bambus_ASA-CF_Technical_Data_Sheet.pdf,Document / product page,G033-01,Retrieved,d244e24b49638f08317eb93b941b9b55d8232f5bc957b296a4a9678c6dd03b2a
S-SPECTRUM-en-tds-spectrum-asax-x-gf10,Spectrum,asax x gf10,Not published,Not published,2026-09-10,Manufacturer TDS,cited,https://spectrumfilaments.com/wp-content/uploads/2023/11/en_tds_spectrum_asax_x_gf10.pdf,Document / product page,G034-01,Retrieved,f4f34b14a45646ed848481f9f4aa287fe3c00a893d7daa6451b33b0542205bfe
I-ASA-Glass-Fiber-Technical-Data-Sheet,iSANMATE,ASA Glass Fiber,Not published,Not published,2026-09-10,Manufacturer TDS,cited,https://www.isanmate.com/wp-content/uploads/2025/08/ASA-Glass-Fiber-Technical-Data-Sheet.pdf,Document / product page,G034-02,Retrieved,6173ede40cc31227ccfeec0425635d5d10e930d78cf597ff88b89450cb5a23ac
B-PC-TDS,Bambu Lab,Bambu Filament Technical Data Sheet - PC,Technical Data Sheet V2.0,Not published,2026-09-10,Manufacturer TDS,cited,https://store.bblcdn.com/a52afdccddfd448583d119587122c8c5.pdf,Document / product page,G035-01,Retrieved,578ed906bc1604e756e0d1cb5b287b2bf4377390fbf151dc6405f8d38daf551d
B-pc-fr-TDS,Bambu Lab,Bambu Filament Technical Data Sheet - PC FR,Technical Data Sheet V1.0,Not published,2026-09-10,Manufacturer TDS,cited,https://store.bblcdn.com/s1/default/4adf3c9827a0475d8777e9b8cfd11fbe.pdf,Document / product page,G036-01,Retrieved,9270695083ba583121736306b8e60fda24402a156a1883771aecd5ddc612be8f
X-CarbonX-CF-PC-TDSv3,3DXTECH,CarbonX CF PC,TDS Rev 3.0,Not published,2026-09-10,Manufacturer TDS,cited,https://cdn.shopify.com/s/files/1/0625/4185/6821/files/CarbonX_CF_PC_TDSv3.pdf?v=1723942764,Document / product page,G037-01,Retrieved,7c382ac00a0cde95a77e55e1a18dc54dadf872fcf9fa151e516dc3e80e139579
S-SPECTRUM-en-tds-spectrum-pc-cf,Spectrum,pc cf,Not published,Not published,2026-09-10,Manufacturer TDS,cited,https://spectrumfilaments.com/wp-content/uploads/2024/11/en_tds_spectrum_pc_cf.pdf,Document / product page,G037-02,Retrieved,a9ee1709dc82eefdcceb9b6a37d919b96c74737c41fc527284a08bf00e457bac
I-PC-CF-TDS,iSANMATE,意可曼PHA EM40010,Not published,Not published,2026-09-10,Manufacturer TDS,cited,https://www.isanmate.com/wp-content/uploads/2024/09/PC-CF_TDS.pdf,Document / product page,G037-03,Retrieved,a76a6fe305c4fa923e3ad3769e4d57a21d01bec96733a7828b60d766b2197446
S-PCGF-TDS-1,SIDDAMENT,PC-GF FILAMENT: 3D Printing Filament · Siddament V2 Range · Technical Data Sheet,Revision: 20260427,Not published,2026-09-10,Manufacturer TDS,cited,https://cdn.shopify.com/s/files/1/0685/9168/1815/files/SIDDAMENT_V2_PC-GF_TDS.pdf?v=1779204053,Document / product page,G038-01,Retrieved,e1c9715424952ef7f09de55a2235bc2f6541a6ce8e1f848ba398079341023cf7
S-POLYCN-PolyFlex-TPU95-TDS-V5-1,Polymaker,PolyFlex TPU95,Not published,Not published,2026-09-10,Manufacturer TDS,cited,https://cdn.polymaker.com.cn/wp-content/uploads/lana-downloads/PolyFlex_TPU95_TDS_V5.1.pdf,Document / product page,G039-01,Retrieved,085b92653b50d7f808fa7a162edd5aa721581c4bff6e942b316c734057450713
I-TPU-TDS,iSANMATE,TPU,Not published,Not published,2026-09-10,Manufacturer TDS,cited,https://www.isanmate.com/wp-content/uploads/2022/09/TPU_TDS.pdf,Document / product page,G039-02,Retrieved; user-supplied local copy re-verified 2026-09-11 (SHA256 match confirms identical to originally cited document),e97956b414caf60da28b4b720f37c1366734dcc46423c0c7bb43bf1ba8a98b94
B-tpu-for-ams-TDS,Bambu Lab,Bambu Filament Technical Data Sheet - TPU for AMS,Technical Data Sheet V1.0,Not published,2026-09-10,Manufacturer TDS,cited,https://store.bblcdn.com/s5/default/0a98353dce6d486ca848b21d2b19a207.pdf,Document / product page,G040-01,Retrieved,587ca053a17fdeb1b40d5e639b178c5d980f4c440789d8c2842d67057a0b9b8c
B-tpu-95a-hf-TDS,Bambu Lab,Bambu Filament Technical Data Sheet - TPU 95A HF,Technical Data Sheet V1.0,Not published,2026-09-10,Manufacturer TDS,cited,https://store.bblcdn.com/58df32731eab4c90a7dac9b12e13ba88.pdf,Document / product page,G041-01,Retrieved,531bd68e500ca41b635584f19d637a3f48e26e31cbe560e80c8020e200f07fb9
B-TPU-SOFT-TDS-4,Bambu Lab,Bambu Filament Technical Data Sheet - TPU 90A,Technical Data Sheet V1.0,Not published,2026-09-10,Manufacturer TDS,cited,https://cdn.shopify.com/s/files/1/0645/5876/0155/files/Bambu_TPU_90A_Technical_Data_Sheet_582bf8f6-1f0a-474c-aeda-9e72af3689dc.pdf?v=1741314674,Document / product page,G042-01,Retrieved,1bd702da7bb1dd6c8b56816d2469f29f5c3d9943524b7d84b779b064203effb0
B-TPU-SOFT-TDS-5,Bambu Lab,Bambu Filament Technical Data Sheet - TPU 85A,Technical Data Sheet V1.0,Not published,2026-09-10,Manufacturer TDS,cited,https://cdn.shopify.com/s/files/1/0645/5876/0155/files/Bambu_TPU_85A_Technical_Data_Sheet_a7233668-497b-487f-af8a-3adb49fafaa1.pdf?v=1741314674,Document / product page,G043-01,Retrieved,70f480e450f416c4df7a0a0445c4fb356da782382c4308bddcb76ae4b401e4ae
S-TPC,BASF Forward AM,Ultrafuse TPC 45D,Version No.: 2.3,Not published,2026-09-10,Manufacturer TDS,cited,https://move.forward-am.com/hubfs/AES%20Documentation/Flexible%20Filaments/TPC%2045D/TDS/Ultrafuse_TPC_45D_TDS_EN_v2.3.pdf,Document / product page,G044-01; G046-01,Retrieved,43cf570387b2fcd59372e157e61930b1b56e36bd847fce3bc2f7992083eadea6
S-POLYCN-PolyFlex-TPU90-TDS-V5-1,Polymaker,PolyFlex TPU90,Not published,Not published,2026-09-10,Manufacturer TDS,cited,https://cdn.polymaker.com.cn/wp-content/uploads/lana-downloads/PolyFlex_TPU90_TDS_V5.1.pdf,Document / product page,G039-03 (re-filed 2026-09-13 from G044-02),Retrieved,b646650211110f3466d7f40f2ea69f2f066495f4be8bcdb7b2cf2f92489bbde8
S-PEBA-PEBA90A-TDS-en,eSUN,PEBA90A,Version 1.0,Not published,2026-09-10,Manufacturer TDS,cited,https://www.esun3d.com/media/esun/catalog/certification/product/PEBA-90A/PEBA90A-TDS-en.pdf,Document / product page,G045-01,Retrieved,2fcbe0eaa6c09f42601d939c637f1d8e9d90f31972fbb3a03b7101ee9edf6cc2
S-SPECTRUM-en-tds-spectrum-peba,Spectrum,peba,Not published,Not published,2026-09-10,Manufacturer TDS,cited,https://spectrumfilaments.com/wp-content/uploads/2025/11/en_tds_spectrum_peba.pdf,Document / product page,G045-02,Retrieved,3f08e318cbd082cb229b11ec21dc89a26554d019e1374add333a8c02f8762fad
S-POLYCN-PolyMide-CoPA-TDS-V5-2,Polymaker,PolyMide CoPA,Not published,Not published,2026-09-14,Manufacturer TDS,cited,https://cdn.polymaker.com.cn/wp-content/uploads/lana-downloads/PolyMide_CoPA_TDS_V5.2.pdf,Document / product page,G047-01; G057-01; G061-01,Retrieved,21762b0bec3f4b2819aa00ddb6b742c0fa449b86a4d699512cd6ad456fa53aee
X-AMIDEX-PA6-Copolymer-v1-0,3DXTECH,Technical Data Sheet: AmideX™ PA6 Copolymer 3D Printing Filament,TDS Rev 1.0,Not published,2026-09-10,Manufacturer TDS,cited,https://cdn.shopify.com/s/files/1/0625/4185/6821/files/AMIDEX_PA6_Copolymer_v1.0.pdf?v=1723942767,Document / product page,G047-02; G057-02; G061-02,Retrieved,6752cf025a50c485ead78dc0f22a87abcc5f19517ac2f7eccba385236035aaf1
S-SPECTRUM-en-tds-spectrum-pa6-neat-bk,Spectrum,pa6 neat bk,Not published,Not published,2026-09-10,Manufacturer TDS,cited,https://spectrumfilaments.com/wp-content/uploads/2022/05/en_tds_spectrum_pa6_neat_bk.pdf,Document / product page,G047-03; G049-01,Retrieved,9f5bfbb42ac4e83215da49c4d4747cdd96902e17fd688b7e95f86c3426488b4a
B-paht-cf-TDS,Bambu Lab,Bambu Filament Technical Data Sheet - PAHT-CF,Technical Data Sheet V3.0,Not published,2026-09-10,Manufacturer TDS,cited,https://store.bblcdn.com/7166b20bc68f4c87b32c972b856eeb4b.pdf,Document / product page,G048-01,Retrieved,6bacdcd4acd3f7ca650217d1c2352f5dbc3c4f676f9196a564a05f5da8ef5f11
B-pa6-cf-TDS,Bambu Lab,Bambu Filament Technical Data Sheet - PA6-CF,Technical Data Sheet V3.0,Not published,2026-09-10,Manufacturer TDS,cited,https://store.bblcdn.com/b2abc59ac250492b979a52f1ce3e61b3.pdf,Document / product page,G050-01,Retrieved,9308b0da339853daae60a37c109c73a8eb75b2d630f841c3e2b72bc32b00313e
B-pa6-gf-TDS,Bambu Lab,Bambu Filament Technical Data Sheet - PA6-GF,Technical Data Sheet V1.0,Not published,2026-09-10,Manufacturer TDS,cited,https://store.bblcdn.com/s5/default/f0317db8b3f44d0486553c1e214cff9d.pdf,Document / product page,G051-01,Retrieved,0e7397acf2007ff23291004bc1d38f1809dd51a512602b2b6205c23cbe14ea26
S-PA12,3DXTECH,AMIDEX™ NYLON 12,Not published,Not published,2026-09-16,Manufacturer product / guide,cited,https://www.3dxtech.com/products/amidex%E2%84%A2-nylon-12,Document / product page,G052-01,Retrieved,69602b5548f83fcbc2290e79b51a1021adefda667dccb0fbe1d1cbf6165eb064
X-CarbonX-CF-PA12-TDS-v1,3DXTECH,CarbonX™ Carbon Fiber Nylon 12 (PA12) 3D Filament,Rev 1.0,Not published,2026-09-10,Manufacturer TDS,cited,https://cdn.shopify.com/s/files/1/0625/4185/6821/files/CarbonX_CF_PA12_TDS_v1.pdf?v=1723942768,Document / product page,G053-01; G062-01,Retrieved,4dcfe502bf8f32e1dc2c62c532e9064f00e4d3e3e580659074d42f588abc8994
S-POLYCN-PolyMide-PA12-CF-TDS-V5-1-1,Polymaker,PolyMide PA12 CF,Not published,Not published,2026-09-14,Manufacturer TDS,cited,https://cdn.polymaker.com.cn/wp-content/uploads/lana-downloads/PolyMide_PA12_CF_TDS_V5.1.1.pdf,Document / product page,G053-02,Retrieved,9fcb5693449b1f7cf4af84dc3a0f25753fb71476848ca24fd3b3a90c24c446db
S-SPECTRUM-en-tds-spectrum-pa12-cf15,Spectrum,pa12 cf15,Not published,Not published,2026-09-10,Manufacturer TDS,cited,https://spectrumfilaments.com/wp-content/uploads/2024/11/en_tds_spectrum_pa12_cf15.pdf,Document / product page,G053-03,Retrieved,d65655d831fd9ad3f0491b7eeaefba57091d21d2a8fa8412c45756cf276b9f28
X-FIBREX-PA12-GF30-TDS-v1-0,3DXTECH,FibreX™ Glass Fiber Reinforced Nylon 12 [PA12+GF30],Rev 1.0,Not published,2026-09-10,Manufacturer TDS,cited,https://cdn.shopify.com/s/files/1/0625/4185/6821/files/FIBREX_PA12_GF30_TDS_v1.0.pdf?v=1723942768,Document / product page,G054-01,Retrieved,fde0d9e90f7f95e8490751f8c678749f90c44e664c8a2fd6411abd3b93890194
S-FIBER-PA612,Polymaker,Fiberon™ PA612-CF15 Technical Data Sheet,V1.1,Not published,2026-09-10,Manufacturer TDS,cited,https://fiberon.polymaker.com/wp-content/uploads/TDS_FIBERON-PA612-CF15_V1.1_EN.pdf,Document / product page,G059-01; G062-02,Retrieved,11c25587baddff2d5fada59a14c9e65944da102a1e3ab8f1522815324b74937f
I-PA6-CF-TDS,iSANMATE,意可曼PHA EM40010,Not published,Not published,2026-09-10,Manufacturer TDS,cited,https://www.isanmate.com/wp-content/uploads/2024/09/PA6-CF_TDS.pdf,Document / product page,G050-02 (re-filed 2026-09-13 from G062-03),Retrieved,83b6488a509bb65eed3b9f047c7ff164b942a52a71f1f56a09fa7d295d5b3dbc
X-AMIDEX-Nylon-GF30-TDS-v1,3DXTECH,AMIDEX Nylon GF30,TDS Rev 1.0,Not published,2026-09-10,Manufacturer TDS,cited,https://cdn.shopify.com/s/files/1/0625/4185/6821/files/AMIDEX_Nylon_GF30_TDS_v1.pdf?v=1723942764,Document / product page,G051-02 (re-filed 2026-09-13 from G063-01),Retrieved,a91cf33f1b3841b7cfdcc41147f72ce9e9040174a10c599b436bdd30ba1bfaba
S-POLYCN-PolyMide-PA6-GF-TDS-V5-1,Polymaker,PolyMide PA6 GF,Not published,Not published,2026-09-14,Manufacturer TDS,cited,https://cdn.polymaker.com.cn/wp-content/uploads/lana-downloads/PolyMide_PA6_GF_TDS_V5.1.pdf,Document / product page,G051-03 (re-filed 2026-09-13 from G063-02),Retrieved,2852b98cdd004aad9f26893e2a4d66cdcbc6cf4c59c0b9d44973a66cc56c626c
X-3DXSTAT-ESD-PA12-TDS-v1,3DXTECH,3DXSTAT™ ESD-Safe Nylon 12 (PA12) 3D Filament,Rev 1.0,Not published,2026-09-10,Manufacturer TDS,cited,https://cdn.shopify.com/s/files/1/0625/4185/6821/files/3DXSTAT_ESD_PA12_TDS_v1.pdf?v=1723942768,Document / product page,G064-01,Retrieved,1a5a0d4890826119d1df768ca9990db4b83ccbfd1635a65299d4ae6b2cfaff56
S-POLYCN-TDS-FIBERON-PA612-ESD-V1-0-EN-1,Polymaker,Fiberon™ PA612-ESD Technical Data Sheet,V1.0,Not published,2026-09-10,Manufacturer TDS,cited,https://cdn.polymaker.com.cn/wp-content/uploads/lana-downloads/TDS_FIBERON-PA612-ESD_V1.0_EN-1.pdf,Document / product page,G064-02; G065-01,Retrieved,02023877e005d9edb5190175dc0dc44d3567b53cd893daea36097f4c0c729a7f
S-PET-TDS,FormFutura,High Precision PET — technical data sheet,Not published,2024-08-23,2026-09-10,Manufacturer TDS,cited,https://www.formfutura.com/web/content/256571?download=true,Document / product page,G066-01,Retrieved; user-supplied local copy re-verified 2026-09-11 (SHA256 match confirms identical to originally cited document),f04c5244e4400548198fe54348c625ec9926364e021f167ed74673b387dabd89
B-pet-cf-TDS,Bambu Lab,Bambu Filament Technical Data Sheet - PET-CF,Technical Data Sheet V3.0,Not published,2026-09-10,Manufacturer TDS,cited,https://store.bblcdn.com/9690d6226f024acab2ba0dd52dabb654.pdf,Document / product page,G067-01,Retrieved,7045c5d57f9bcfab43799a6e3606ff405ae33143b3c44cf8da2520da089c2f02
D-FLASH-PETGF,Flashforge,Flashforge PET-GF Filament,Not published,Not published,2026-09-16,Manufacturer product / guide,cited,https://www.flashforge.com/products/pet-gf,Document / product page,G068-01,Retrieved,484b74dddee3da5a94bf6621a3aeedd635be4f83743c826d2c0e0f98eb350efb
S-PPA-TDS,IPCON,PPA Pure Resin,Version: 1.0,Not published,2026-09-10,Manufacturer TDS,cited,https://www.ipconpolymer.com/wp-content/uploads/2025/11/IPCON-PPA_TDS-Technical-Data-Sheet.pdf,Document / product page,G069-01,Retrieved,86d3efd1d10736233d7b8c269db8b65797001bdc647e5a7fac2147de955cf99b
B-ppa-cf-TDS,Bambu Lab,Bambu Filament Technical Data Sheet - PPA-CF,Technical Data Sheet V1.0,Not published,2026-09-10,Manufacturer TDS,cited,https://store.bblcdn.com/05b0e4ca5ee14a4cb378cfa48df24f91.pdf,Document / product page,G070-01,Retrieved,bfc041b0898b8d0a183e0622143d6978cfb95df12ccf51a7515b4a0934e45951
D-IPCON-PPA,IPCON,PPA-GF,Version: 1.0,Not published,2026-09-10,Manufacturer TDS,cited,https://www.ipconpolymer.com/wp-content/uploads/2026/03/IPCON-PPA-GF_TDS-Technical-Data-Sheet.pdf,Document / product page,G071-01,Retrieved,f9a2ccb84116a13f0a798ba200f6537472ca95b7a804f2bd750a92956abb2bf4
X-THERMAX-PPS-TDS-v3,3DXTECH,THERMAX PPS,TDS Rev 3.0,Not published,2026-09-10,Manufacturer TDS,cited,https://cdn.shopify.com/s/files/1/0625/4185/6821/files/THERMAX_PPS_TDS_v3.pdf?v=1723942766,Document / product page,G072-01,Retrieved,becbd47e43bc1eeee0ad62ffd51f579b771a91f4eabf4ac0d3fc1386f12e3491
S-SPECTRUM-en-tds-spectrum-pps-am230,Spectrum,pps am230,Not published,Not published,2026-09-10,Manufacturer TDS,cited,https://spectrumfilaments.com/wp-content/uploads/2022/10/en_tds_spectrum_pps_am230.pdf,Document / product page,G072-02,Retrieved,19c8753c06673ab9b12a20205fa8bd3445832502ce665ce04ba2de9826f03190
B-pps-cf-TDS,Bambu Lab,Bambu Filament Technical Data Sheet - PPS-CF,Technical Data Sheet V1.0,Not published,2026-09-10,Manufacturer TDS,cited,https://store.bblcdn.com/26f4f40359484040a8660c9150a90fc0.pdf,Document / product page,G073-01,Retrieved,d0246a1d2acd61802385e8f9d8a1e3a3e6db5b426337f6c56993402d4c2f2cd0
S-PPSGF-TDS-0,IPCON,PPS-GF,Version: 2.0,Not published,2026-09-10,Manufacturer TDS,cited,https://www.ipconpolymer.com/wp-content/uploads/2026/05/IPCON-PPS-GF_TDS-Technical-Data-Sheet-_V2.0.pdf,Document / product page,G074-01,Retrieved,9292234367318e13bd15d401b8eba9964abcc51fae445e7db62806bac45f5dfb
S-FIBER-PPSGF-TDS-2,Polymaker,Fiberon™ PPS-GF20 Technical Data Sheet,V1.1,Not published,2026-09-10,Manufacturer TDS,cited,https://cdn.shopify.com/s/files/1/0548/7299/7945/files/TDS_FIBERON_PPS-GF20_V1.1.pdf?v=1752777698,Document / product page,G074-02,Retrieved,2a2f32e737ecae8509160bcadd33ab263c26cd8e7d6334f38e935890136b0c66
B-pva-TDS,Bambu Lab,Bambu Filament Technical Data Sheet - PVA,Technical Data Sheet V1.0,Not published,2026-09-10,Manufacturer TDS,cited,https://store.bblcdn.com/s7/default/868930e5a44944258586caa250cc8143/Bambu_PVA_Technical_Data_Sheet.pdf,Document / product page,G075-01,Retrieved,7ca185263fec71442794b3f34409233557bd30995613b759e810532616fe955b
S-BVOH,BigRep,TDS-BigRep-BVOH-web,Not published,Not published,2026-09-10,Manufacturer TDS,cited,https://bigrep.com/wp-content/uploads/2023/06/TDS-BigRep-BVOH-web.pdf,Document / product page,G076-01,Retrieved,d539e76c38536ed5276b8f349dd26fcbf80caec3a65b2b0584dca896e57d28f3
B-support-for-pla-petg-TDS,Bambu Lab,Bambu Filament Technical Data Sheet - Support for PLA/PETG,Technical Data Sheet V1.0,Not published,2026-09-10,Manufacturer TDS,cited,https://store.bblcdn.com/d09d55778d42495db121e28a3b04a4c5.pdf,Document / product page,G078-01,Retrieved,a2f6e88e520e18592333c35da3fd43b89838d14ee6934b617b326fd017e62d54
B-support-for-abs-TDS,Bambu Lab,Bambu Filament Technical Data Sheet - Support for ABS,Technical Data Sheet V1.0,Not published,2026-09-10,Manufacturer TDS,cited,https://store.bblcdn.com/4ea7b59ca78c485f828115735ed35050.pdf,Document / product page,G079-01,Retrieved,35f3f69ae2f5097c2d9ef0d7a928a48dc25b478fb01d8b5cf0ac2a9d9904e655
B-support-for-pa-pet-TDS,Bambu Lab,Bambu Filament Technical Data Sheet - Support for PA/PET,Technical Data Sheet V1.0,Not published,2026-09-10,Manufacturer TDS,cited,https://store.bblcdn.com/7e83189be1eb4a3dab8ce9b9a7b2065a.pdf,Document / product page,G080-01,Retrieved,8aa9c8a2a4572bf5e15ae2b4752254b498449e55cab8bc1628f9cf9f024994b7
X-3DXMAX-HIPS-TDS-v3,3DXTECH,3DXMAX HIPS,TDS Rev 3.0,Not published,2026-09-10,Manufacturer TDS,cited,https://cdn.shopify.com/s/files/1/0625/4185/6821/files/3DXMAX_HIPS_TDS_v3.pdf?v=1723942764,Document / product page,G081-01,Retrieved,ded0380fa2b323605d3df64755d61995c5bf4a15bb5d2180eda8e5c4bfcead70
S-SPECTRUM-en-tds-spectrum-hipsx,Spectrum,hipsx,Not published,Not published,2026-09-10,Manufacturer TDS,cited,https://spectrumfilaments.com/wp-content/uploads/2022/05/en_tds_spectrum_hipsx.pdf,Document / product page,G081-02,Retrieved,14ae19e583630f59cec1e99425f0ac1cd29cf7e2251a2c2f1be589f0d4abeb9d
X-Hyperlite-PP-TDS-v1,3DXTECH,Technical Data Sheet: HyperLite™ PP 3D Printing Filament,TDS Rev 1.0,Not published,2026-09-14,Manufacturer TDS,cited,https://cdn.shopify.com/s/files/1/0625/4185/6821/files/Hyperlite_PP_TDS_v1.pdf?v=1723942768,Document / product page,G103-01; G082-01 until 2026-09-15,Retrieved,fbf9839fbe6ca6e41e74e9b5da7ead3a15416aa273cae4b3841a5a3c413c7476
I-PP-TDS,iSANMATE,PP Filament Technical Data Sheet,Not published,Not published,2026-09-14,Manufacturer TDS,cited,https://www.isanmate.com/wp-content/uploads/2025/08/PP_TDS.pdf,Document / product page,G082-02,Retrieved,a87bbb34447729466765245f2bd6e58387f78cd34ff67f2e60ea9f4606995d86
X-CarbonX-CF-PP-TDSv1,3DXTECH,Technical Data Sheet: CarbonX™ PP+CF 3D Printing Filament,TDS Rev 1.0,Not published,2026-09-10,Manufacturer TDS,cited,https://cdn.shopify.com/s/files/1/0625/4185/6821/files/CarbonX_CF_PP_TDSv1.pdf?v=1723942768,Document / product page,G083-01,Retrieved,e182faced13c5fd7fd3814028d752db177b4540fd46b5a5623c4cb141399c5d7
X-FIBREX-GF-PP-TDS-v1,3DXTECH,Technical Data Sheet: FibreX™ PP+GF30 3D Printing Filament,TDS Rev 1.0,Not published,2026-09-10,Manufacturer TDS,cited,https://cdn.shopify.com/s/files/1/0625/4185/6821/files/FIBREX_GF_PP_TDS_v1.pdf?v=1723942768,Document / product page,G084-01,Retrieved,3777abf8d41158ed39d815cf5775dc2a952569a81122672b796ae1c033552af4
S-SPECTRUM-en-tds-spectrum-hdpe,Spectrum,hdpe,Not published,Not published,2026-09-14,Manufacturer TDS,cited,https://spectrumfilaments.com/wp-content/uploads/2025/11/en_tds_spectrum_hdpe.pdf,Document / product page,G085-01,Retrieved,c350642ca2c9f7be57619cc577ecab1ee26363389e053f6cb0b608aa6ab7ea74
X-EVOLV3D-OBC-TDS,Dow (TDS hosted by 3DXTECH),EVOLV3D OBC,Not published,Not published,2026-09-10,Manufacturer TDS,cited,https://cdn.shopify.com/s/files/1/0625/4185/6821/files/EVOLV3D_OBC-TDS.pdf?v=1723942766,Document / product page,G086-01,Retrieved,89a1aa6f71753437e6d68d7b8054b0bba997fca8b77c6169815eaaeb65c00153
S-POM,Fabru / purefil,purefil POM Filament | Fabru GmbH,Not published,Not published,2026-09-10,Manufacturer product / guide,cited,https://www.purefil.de/purefil-pom-filament_186_2176/,Document / product page,G087-01,Retrieved,0d15149a86b18c39154422aa95846ed3f0e1cd7a18941110cfc5d2a50ac81caf
X-MAXG-PCTG-TDS-v1-0,3DXTECH,Technical Data Sheet: MAX-G™ PCTG 3D Printing Filament,TDS Rev 1.0,Not published,2026-09-10,Manufacturer TDS,cited,https://cdn.shopify.com/s/files/1/0625/4185/6821/files/MAXG_PCTG_TDS_v1.0.pdf?v=1723942769,Document / product page,G088-01,Retrieved,a695fdbb4f48ad7642cbb02b43a24cd246b7c7e75f7eb4fa22f30244b5bae453
S-SPECTRUM-en-tds-spectrum-pctg,Spectrum,pctg,Not published,Not published,2026-09-10,Manufacturer TDS,cited,https://spectrumfilaments.com/wp-content/uploads/2022/05/en_tds_spectrum_pctg.pdf,Document / product page,G088-02,Retrieved,9a479a8fb4f070f263959b4bc1ba2637eef4ff62a35294d21e16f8e870d238d1
S-FILLAMENTUM,Fillamentum,CPE HG100 | Fillamentum,Not published,Not published,2026-09-10,Manufacturer product / guide,cited,https://fillamentum.com/collections/cpe-filament/,Document / product page,G089-01; G091-01,Retrieved,3cf1bdbd89e9f5ccc5b4c62664d136d20229576859e292ffc0ddf87482af5162
S-CPECF,Fillamentum,CPE CF112 Carbon,Not published,Not published,2026-09-10,Manufacturer TDS,cited,https://fillamentum.com/wp-content/uploads/2020/10/TDS_CPE-CF112-Carbon.pdf,Document / product page,G090-01,Retrieved,3848af4a10ac9189899dea703d30d1abf6e5b95b1c66b9f6eaa49fc5cf248dca
S-SPECTRUM-en-tds-spectrum-pctg-cf10,Spectrum,pctg cf10,Not published,Not published,2026-09-10,Manufacturer TDS,cited,https://spectrumfilaments.com/wp-content/uploads/2022/10/en_tds_spectrum_pctg_cf10.pdf,Document / product page,G090-02,Retrieved,8d45d6e26d2aca8a3320658906e6c06ecf784e442ea43e25d73d45338122b072
S-NGEN2,colorFabb,nGen Filament – All-Purpose Co-Polyester for Reliable 3D Printing | colorFabb,Not published,Not published,2026-09-10,Manufacturer product / guide,cited,https://colorfabb.us/filaments/materials/co-polyester-filaments/ngen,Document / product page,G092-01,Retrieved,cf5a1e5d27b59f52e98bba5a724930202b446d04fb7d8936f2f90ed7a557f706
S-PVB-PVB-Prusament-TDS-2021-10-EN,Prusa Research,PVB Prusament,1.1,2022-02-16,2026-09-10,Manufacturer TDS,cited,https://prusament.com/wp-content/uploads/2022/10/PVB_Prusament_TDS_2021_10_EN.pdf,Document / product page,G093-01,Retrieved,35107a38ec9f13051a97d9f47aaf064f85dc1e6242334def8159923c9be9b21b
X-3DXMAX-PCABS-TDS-v3,3DXTECH,3DXMAX PCABS,TDS Rev 3.0,Not published,2026-09-10,Manufacturer TDS,cited,https://cdn.shopify.com/s/files/1/0625/4185/6821/files/3DXMAX_PCABS_TDS_v3.pdf?v=1723942764,Document / product page,G094-01,Retrieved,2f1bbd6de32a6e9a4a24e1ef7c61d0ebfb39c410faf73fe7be2178a0bf39de05
S-POLYCN-Polymaker-PC-ABS-TDS-V5-1,Polymaker,Polymaker PC ABS,Not published,Not published,2026-09-10,Manufacturer TDS,cited,https://cdn.polymaker.com.cn/wp-content/uploads/lana-downloads/Polymaker_PC_ABS_TDS_V5.1.pdf,Document / product page,G094-02,Retrieved,b85d00a14b3a1c90afe510c4f1d58d7fab8fb69660eaee79c7420b1b7f8c4058
S-SPECTRUM-en-tds-spectrum-pc-abs-fr-v0,Spectrum,pc abs fr v0,Not published,Not published,2026-09-10,Manufacturer TDS,cited,https://spectrumfilaments.com/wp-content/uploads/2024/02/en_tds_spectrum_pc_abs_fr_v0.pdf,Document / product page,G094-03,Retrieved,779e8bc90e3f33dddb840adac8eff14bed684d3d23e1861053829e663443d07e
S-POLYCN-Polymaker-PC-PBT-TDS-V5-1,Polymaker,Polymaker PC PBT,Not published,Not published,2026-09-10,Manufacturer TDS,cited,https://cdn.polymaker.com.cn/wp-content/uploads/lana-downloads/Polymaker_PC_PBT_TDS_V5.1.pdf,Document / product page,G095-01,Retrieved,422bebbd0afd300415532d7d089877fb734d51316e877a54f4c00c806ca1570e
X-FLUORX-PVDF-TDS-v3,3DXTECH,FLUORX PVDF,TDS Rev 3.0,Not published,2026-09-10,Manufacturer TDS,cited,https://cdn.shopify.com/s/files/1/0625/4185/6821/files/FLUORX_PVDF_TDS_v3.pdf?v=1723942766,Document / product page,G096-01,Retrieved,29ea976bfd57b0ba568d750f3db7a6a26333b202e418635ad8b38f5700866b11
X-Themax-PEEK-TDS-v3,3DXTECH,Themax PEEK,TDS Rev 3.0,Not published,2026-09-10,Manufacturer TDS,cited,https://cdn.shopify.com/s/files/1/0625/4185/6821/files/Themax_PEEK_TDS_v3.pdf?v=1723942765,Document / product page,G097-01,Retrieved,886d4174157e908efe48506ce2a8a43c82bf51b322a52cb1f41a53c9a18b4d83
I-PEEK-TDS,iSANMATE,PEEK,Not published,Not published,2026-09-10,Manufacturer TDS,cited,https://www.isanmate.com/wp-content/uploads/2022/09/PEEK_TDS.pdf,Document / product page,G097-02,Retrieved,5a6f2f4bb8b575f8c3064ccddb029b5b00576451f6462e6c3955d2cccd615842
X-Thermax-PEKK-A-TDS-v2-1,3DXTECH,Technical Data Sheet: ThermaX™ PEKK-A 3D Printing Filament,TDS Rev 2.1,Not published,2026-09-10,Manufacturer TDS,cited,https://cdn.shopify.com/s/files/1/0625/4185/6821/files/Thermax_PEKK-A_TDS_v2.1.pdf?v=1723942767,Document / product page,G098-01,Retrieved,32b515322516f39f76760d372b5c8350ee6e13c2c058d88545e4daaac027378a
X-Thermax-PEKK-C-TDS-v3-3,3DXTECH,Technical Data Sheet: ThermaX™ PEKK-C 3D Printing Filament,TDS Rev 3.1,Not published,2026-09-10,Manufacturer TDS,cited,https://cdn.shopify.com/s/files/1/0625/4185/6821/files/Thermax_PEKK-C_TDS_v3.3.pdf?v=1723942768,Document / product page,G098-02,Retrieved,ad0f0fc687720da053c782e5c5cc77dcb6b9549b6a642da3bd47ffd95b7346aa
X-THERMAX-PEI-1010-TDS-v4,3DXTECH,THERMAX PEI 1010,TDS Rev 4.0,Not published,2026-09-10,Manufacturer TDS,cited,https://cdn.shopify.com/s/files/1/0625/4185/6821/files/THERMAX_PEI_1010_TDS_v4.pdf?v=1723942766,Document / product page,G099-01,Retrieved,00e85941947b6ea3291460085798ba46e538fc73ce5722ad069dddd8d12ea90b
I-PEI-9085-TDS,iSANMATE,PEI 9085,Not published,Not published,2026-09-10,Manufacturer TDS,cited,https://www.isanmate.com/wp-content/uploads/2022/09/PEI-9085_TDS.pdf,Document / product page,G099-02,Retrieved,7eed1a31b7d8ba6902f9ce32af55e058d15e8a44e922543e615360196ff1b628
X-THERMAX-PSU-TDS-v3,3DXTECH,THERMAX PSU,TDS Rev 3.0,Not published,2026-09-10,Manufacturer TDS,cited,https://cdn.shopify.com/s/files/1/0625/4185/6821/files/THERMAX_PSU_TDS_v3.pdf?v=1723942766,Document / product page,G100-01,Retrieved,606fb193af186280b05aff3d64642a7750d530dc92db523972007a17f7de0913
S-PES-THERMAX-PES-TDS-v1-0,3DXTECH,THERMAX PES,TDS Rev 1.0,Not published,2026-09-10,Manufacturer TDS,cited,https://cdn.shopify.com/s/files/1/0625/4185/6821/files/THERMAX_PES_TDS_v1.0.pdf?v=1739974182,Document / product page,G101-01,Retrieved,ffb3c5b57802fa85b91fc78eb99312b2054817f4026e447e73c973d66239980e
X-THERMAX-PPSU-TDS-v3,3DXTECH,THERMAX PPSU,TDS Rev 3.0,Not published,2026-09-10,Manufacturer TDS,cited,https://cdn.shopify.com/s/files/1/0625/4185/6821/files/THERMAX_PPSU_TDS_v3.pdf?v=1723942766,Document / product page,G102-01,Retrieved,fe1fb1156f08fc7cd69d97f74d36d9412d2e81a62457809699a001a2ee90951d
I-PPSU-TDS,iSANMATE,PPSU,Not published,Not published,2026-09-10,Manufacturer TDS,cited,https://www.isanmate.com/wp-content/uploads/2022/09/PPSU_TDS.pdf,Document / product page,G102-02,Retrieved,2309fafe72eadfa6efa68aa4d458d82e2af46cffb4ccec9ebf4b97a5eb8d8e23
XP-ecomax-r-pla,3DXTECH,ECOMAX® PLA,Not published,Not published,2026-09-16,Manufacturer product / guide,cited,https://www.3dxtech.com/products/ecomax-r-pla,Document / product page,G001-01,Retrieved,9b21f17f9b11b4543aafd9198ae955ea3e38a24c0142d2a7c8c413b7392f858f
XP-3dxstat-esd-petg-1,3DXTECH,3DXSTAT™ ESD-PETG,Not published,Not published,2026-09-16,Manufacturer product / guide,cited,https://www.3dxtech.com/products/3dxstat-esd-petg-1,Document / product page,G026-01,Retrieved,10b66502cdb1fbc3463b2e6cb5c885a2c7e03c09b51d6aaa7a3fc18ba87ecbf5
XP-carbonx-abs-cf-1,3DXTECH,CARBONX™ ABS+CF,Not published,Not published,2026-09-16,Manufacturer product / guide,cited,https://www.3dxtech.com/products/carbonx-abs-cf-1,Document / product page,G029-01,Retrieved,f8b457f8d9270311692c0927c92b0b69e2cfe56920e543793651808ac92bb475
XP-3dxstat-esd-abs-1,3DXTECH,3DXSTAT™ ESD-ABS,Not published,Not published,2026-09-16,Manufacturer product / guide,cited,https://www.3dxtech.com/products/3dxstat-esd-abs-1,Document / product page,G030-01,Retrieved,e61960fe6d4f97867263dbd9eb11a1fc4b6286ee69eeab73e48ea34eb5dbcd0b
XP-carbonx-pc-cf-1,3DXTECH,CARBONX™ PC+CF,Not published,Not published,2026-09-16,Manufacturer product / guide,cited,https://www.3dxtech.com/products/carbonx-pc-cf-1,Document / product page,G037-01,Retrieved,a488ecc931717aa82d9c8058275725980b95caafb0af67de2217480e4368b533
XP-amidex-nylon-6-67,3DXTECH,AmideX Nylon 6-66,Not published,Not published,2026-09-16,Manufacturer product / guide,cited,https://www.3dxtech.com/products/amidex-nylon-6-67,Document / product page,G047-02; G057-02; G061-02,Retrieved,84ab9bc06d3378d0e1464e3e3b13576bc7ea6dc32104baf21a2be7ae150c9391
XP-carbonx-nylon-12-cf-1,3DXTECH,CARBONX™ NYLON 12+CF,Not published,Not published,2026-09-16,Manufacturer product / guide,cited,https://www.3dxtech.com/products/carbonx-nylon-12-cf-1,Document / product page,G053-01; G062-01,Retrieved,3c549529581c8ee387da14d02111765f6855cb6e5f25e117af66e1de711f436a
XP-fibrex-nylon-12-gf30-1,3DXTECH,FIBREX™ NYLON 12+GF30,Not published,Not published,2026-09-16,Manufacturer product / guide,cited,https://www.3dxtech.com/products/fibrex-nylon-12-gf30-1,Document / product page,G054-01,Retrieved,fb5938120ddceb5cfeb1345f7ebde3f477a2195e7f630e751b6d972a517c7a84
XP-thermax-pps,3DXTECH,THERMAX™ PPS,Not published,Not published,2026-09-16,Manufacturer product / guide,cited,https://www.3dxtech.com/products/thermax-pps,Document / product page,G072-01,Retrieved,17a34615ac529b6c9fba884368958fd04c6ab2c108350f431c780b3beedadb81
XP-3dxmax-hips,3DXTECH,3DXMAX® HIPS,Not published,Not published,2026-09-16,Manufacturer product / guide,cited,https://www.3dxtech.com/products/3dxmax-hips,Document / product page,G081-01,Retrieved,2f126775e23471dae7a501dbd6d1ba43a829d8ea6092bc9fb7b65e613ae02316
XP-carbonx-pp-cf-1,3DXTECH,CARBONX™ PP+CF,Not published,Not published,2026-09-16,Manufacturer product / guide,cited,https://www.3dxtech.com/products/carbonx-pp-cf-1,Document / product page,G083-01,Retrieved,92512529b727d51ca105ab3d662e32592e495fe28496e43aaa74d26b46a3cd2d
XP-max-g-pctg-1,3DXTECH,MAX-G™ PCTG,Not published,Not published,2026-09-16,Manufacturer product / guide,cited,https://www.3dxtech.com/products/max-g-pctg-1,Document / product page,G088-01,Retrieved,54eea34e03c1704d424415775e81268b62a997240c12c07c53a06f2b9ebc1c93
XP-3dxmaxa-r-pc-abs,3DXTECH,3DXMAX PC-ABS Filament,Not published,Not published,2026-09-16,Manufacturer product / guide,cited,https://www.3dxtech.com/products/3dxmaxa-r-pc-abs,Document / product page,G094-01,Retrieved,23162ca745d557749395e97fef6fcd81554c493ece6580e220a1e41f73675c91
XP-fluorx-pvdf-1,3DXTECH,FluorX PVDF Filament,Not published,Not published,2026-09-16,Manufacturer product / guide,cited,https://www.3dxtech.com/products/fluorx-pvdf-1,Document / product page,G096-01,Retrieved,24c99f12f4a2a3ceee09aca914147aa5bde7f2fd4cabd2204d93bec43c1efd2a
XP-thermax-peek-1,3DXTECH,THERMAX™ PEEK,Not published,Not published,2026-09-16,Manufacturer product / guide,cited,https://www.3dxtech.com/products/thermax-peek-1,Document / product page,G097-01,Retrieved,aae2d4e991dbe1076139a0137ec132fd03ee1c98cd3e2894e9048deed42f0c0c
XP-pekk-a,3DXTECH,THERMAX™ PEKK-A,Not published,Not published,2026-09-16,Manufacturer product / guide,cited,https://www.3dxtech.com/products/pekk-a,Document / product page,G098-01,Retrieved,80b51a7a322ad6f6f9d5f8eb2d51b176b3348768c14dc759150c70058b99107b
XP-thermax-pei-1010,3DXTECH,THERMAX™ PEI 1010,Not published,Not published,2026-09-16,Manufacturer product / guide,cited,https://www.3dxtech.com/products/thermax-pei-1010,Document / product page,G099-01,Retrieved,abca56b66176b1df23bbe123ae9eb3521d3a282caed591dffe9c4fc88fe7b945
XP-thermax-psu-1,3DXTECH,THERMAX™ PSU,Not published,Not published,2026-09-16,Manufacturer product / guide,cited,https://www.3dxtech.com/products/thermax-psu-1,Document / product page,G100-01,Retrieved,8b594b19c99e2e53ae4bad957de4b489638c307279725bd4546fae628280b166
S-PES,3DXTECH,THERMAX™ PES,Not published,Not published,2026-09-16,Manufacturer product / guide,cited,https://www.3dxtech.com/products/thermax-pes-1,Document / product page,G101-01,Retrieved,24d203ef2f3ffa6e8c0ccadbac8944605d099a6bb71c6210254d2e79aa905040
XP-thermax-ppsu-1,3DXTECH,THERMAX™ PPSU,Not published,Not published,2026-09-16,Manufacturer product / guide,cited,https://www.3dxtech.com/products/thermax-ppsu-1,Document / product page,G102-01,Retrieved,75fc3ced8d1fbb556011c8a902e03aac265dc5aac6efb00d0f1383fe9513ab8c
PR-pla,Prusa Research,PLA | Prusa Knowledge Base,Not published,Not published,2026-09-10,Manufacturer product / guide,cited,https://help.prusa3d.com/article/pla_2062,Document / product page,Family / scope guidance,Retrieved,1733472c25a2a70775d3558a9ac9dc8cccf1741557323b377b8ea0c5ca1dcc0c
PR-petg,Prusa Research,PETG | Prusa Knowledge Base,Not published,Not published,2026-09-10,Manufacturer product / guide,cited,https://help.prusa3d.com/article/petg_2059,Document / product page,Family / scope guidance,Retrieved,9b73f16567c07c921a1def33e6c8ca4ab8c5463f5170236d8fe8d023cc28f259
PR-abs,Prusa Research,ABS | Prusa Knowledge Base,Not published,Not published,2026-09-10,Manufacturer product / guide,cited,https://help.prusa3d.com/article/abs_2058,Document / product page,Family / scope guidance,Retrieved,ad3f3b8786cd898284d6bbcc023c01ef9a457f965312b729ca26c11d3df1ae65
PR-asa,Prusa Research,ASA | Prusa Knowledge Base,Not published,Not published,2026-09-10,Manufacturer product / guide,cited,https://help.prusa3d.com/article/asa_1809,Document / product page,Family / scope guidance,Retrieved,7747a0892a1315f9eee1d9e2733f9a1fbaf18c26f02dcd24985a276f074b7885
PR-polycarbonate-pc,Prusa Research,Polycarbonate (PC) | Prusa Knowledge Base,Not published,Not published,2026-09-10,Manufacturer product / guide,cited,https://help.prusa3d.com/article/polycarbonate-pc_165812,Document / product page,Family / scope guidance,Retrieved,8c2dbf537b1416e5699951e1225f21d267347a9a396f1c261fb21af3bfaa5d30
PR-flexible-materials,Prusa Research,Flexible materials | Prusa Knowledge Base,Not published,Not published,2026-09-10,Manufacturer product / guide,cited,https://help.prusa3d.com/article/flexible-materials_2057,Document / product page,Family / scope guidance,Retrieved,385549a0cab7393e8b3514ccdb12ce25d39fbc693c28b9fd3cba9fe787e688a0
PR-polyamide-nylon,Prusa Research,Polyamide (Nylon) | Prusa Knowledge Base,Not published,Not published,2026-09-10,Manufacturer product / guide,cited,https://help.prusa3d.com/article/polyamide-nylon_167188,Document / product page,Family / scope guidance,Retrieved,79c77d9559bda72628c7ee5ee05383b65a570d6efa40ec1b9461a77f9997292b
PR-cpe,Prusa Research,CPE | Prusa Knowledge Base,Not published,Not published,2026-09-10,Manufacturer product / guide,cited,https://help.prusa3d.com/article/cpe_166877,Document / product page,Family / scope guidance,Retrieved,993d7aec9fc6dfb399d90aefb7b7b4141bf2c17b68c84afe4e970cf3b0219b09
PR-polypropylene-pp,Prusa Research,Polypropylene (PP) | Prusa Knowledge Base,Not published,Not published,2026-09-10,Manufacturer product / guide,cited,https://help.prusa3d.com/article/polypropylene-pp_167126,Document / product page,Family / scope guidance,Retrieved,47e2604b7f8ab5035c76813856826ceb75cc8ca9c9c3f51e0f2bcd674e43d055
PR-hips,Prusa Research,HIPS | Prusa Knowledge Base,Not published,Not published,2026-09-10,Manufacturer product / guide,cited,https://help.prusa3d.com/article/hips_167118,Document / product page,Family / scope guidance,Retrieved,99d957cc7f89d79a383595bcdcdaf9ea94148463a832c092a5017fe935e0a5eb
PR-water-soluble-bvoh-pva,Prusa Research,Water soluble (BVOH/PVA) | Prusa Knowledge Base,Not published,Not published,2026-09-10,Manufacturer product / guide,cited,https://help.prusa3d.com/article/water-soluble-bvoh-pva_167012,Document / product page,Family / scope guidance,Retrieved,7bb79cea6a1b8772888768d2be7aee4107a92d8c9afff966c8871a9906a40252
PR-pvb,Prusa Research,PVB | Prusa Knowledge Base,Not published,Not published,2026-09-10,Manufacturer product / guide,cited,https://help.prusa3d.com/article/pvb_196708,Document / product page,Family / scope guidance,Retrieved,1dec08043382f7c4c1132de147eb921e7309b1c6b3df3a6498c5f34c1b5a2551
PR-ngen,Prusa Research,NGEN | Prusa Knowledge Base,Not published,Not published,2026-09-10,Manufacturer product / guide,cited,https://help.prusa3d.com/article/ngen_167174,Document / product page,Family / scope guidance,Retrieved,f242f7f80a5c26b7a90b36f4f20f8061041dd9e42fb18bce0ee9448fbb65ce69
NIOSH-2019,CDC / NIOSH,Potential Hazards of Additive Manufacturing,Not applicable,2019-04-09,2026-09-10,Official occupational-safety guidance,cited,https://www.cdc.gov/niosh/bulletin/2019/additive-manufacturing.html,Material extrusion row; Risk Management Considerations,Family / scope guidance,Retrieved with web reader,Not applicable
P-FATIGUE,"Rodrigues et al., Polymers","Mechanical, Fatigue, and Thermal Characterization of ASA, Nylon 12, PC, and PC-ABS Manufactured by Fused Filament Fabrication (FFF) - PMC Lock",Not published,2026-01,2026-09-10,Peer-reviewed original research,cited,https://pmc.ncbi.nlm.nih.gov/articles/PMC12845617/,Document / product page,G031-R1; G035-R1; G052-R1; G094-R1,Retrieved,1b720815d6550ec8c649f5aa2a0bb1d64e0a4f11a8d8ce0eab3f3054d201db8b
P-CHEM,"Głowacki et al., Polymers","Change in the Low-Cycle Performance on the 3D-Printed Materials ABS, ASA, HIPS, and PLA Exposed to Mineral Oil - PMC Lock",Not published,Not published,2026-09-10,Peer-reviewed original research,cited,https://pmc.ncbi.nlm.nih.gov/articles/PMC11054632/,Document / product page,Family / scope guidance,Retrieved,6e642f17ba0bb72902cedba41e7a3c91262ba0da35f0a3a7a557a1c0acc59fa5
B-pla-basic-filament,Bambu Lab,PLA Basic | Bambu Lab CA Store,Not published,Not published,2026-09-10,Manufacturer product / guide,cited,https://ca.store.bambulab.com/products/pla-basic-filament,Document / product page,Family / scope guidance,Retrieved,2a43d29a8bd8269c8853609c3162de704e9e91b2b353f3deb0f5e7e8c28f44fd
B-pla-matte,Bambu Lab,PLA Matte | Bambu Lab CA Store,Not published,Not published,2026-09-10,Manufacturer product / guide,cited,https://ca.store.bambulab.com/products/pla-matte,Document / product page,Family / scope guidance,Retrieved,292c5d1fa660d8500a571537f0eada519ca78ebc04db93d97d08ee3bbf416d63
B-pla-basic-gradient,Bambu Lab,PLA Basic Gradient | Bambu Lab CA Store,Not published,Not published,2026-09-10,Manufacturer product / guide,cited,https://ca.store.bambulab.com/products/pla-basic-gradient,Document / product page,Family / scope guidance,Retrieved,3f0eeb5ae23ebff2a2ed65387207d06f4bac0c56ea4f05d216d04e744433e5c4
B-pla-tough-upgrade,Bambu Lab,PLA Tough+ | Bambu Lab CA Store,Not published,Not published,2026-09-10,Manufacturer product / guide,cited,https://ca.store.bambulab.com/products/pla-tough-upgrade,Document / product page,Family / scope guidance,Retrieved,bd93953779b7e8d7faefd540a6b2d5c7a416299d4d98d22e76168b4478b954de
B-pla-translucent,Bambu Lab,PLA Translucent | Bambu Lab CA Store,Not published,Not published,2026-09-10,Manufacturer product / guide,cited,https://ca.store.bambulab.com/products/pla-translucent,Document / product page,Family / scope guidance,Retrieved,9563e70806bb045bedbb0ff0ce6af0246c9bf004fc691b30ec2202edd9984532
B-pla-silk-upgrade,Bambu Lab,Bambu Filament - PLA Silk+ | Bambu Lab CA Store,Not published,Not published,2026-09-10,Manufacturer product / guide,cited,https://ca.store.bambulab.com/products/pla-silk-upgrade,Document / product page,Family / scope guidance,Retrieved,293d2ffa206501f7ed8adf184defb9b3b55bb848785457c53bc6785f065f713c
B-pla-silk-dual-color,Bambu Lab,PLA Silk Multi Color | Bambu Lab CA Store,Not published,Not published,2026-09-10,Manufacturer product / guide,cited,https://ca.store.bambulab.com/products/pla-silk-multi-color,Document / product page,Family / scope guidance,Retrieved,5636a79ae886fd5d24c61082bf1a966489f10591d279668d304c34862be9072e
B-pla-metal,Bambu Lab,PLA Metal | Bambu Lab CA Store,Not published,Not published,2026-09-10,Manufacturer product / guide,cited,https://ca.store.bambulab.com/products/pla-metal,Document / product page,Family / scope guidance,Retrieved,5d4b6935d7552af102e65424aec69096596128544082f2df2f9d3543b416821f
B-pla-marble,Bambu Lab,PLA Marble | Bambu Lab CA Store,Not published,Not published,2026-09-10,Manufacturer product / guide,cited,https://ca.store.bambulab.com/products/pla-marble,Document / product page,Family / scope guidance,Retrieved,51f4b52959c9256d50d2b6f6f4fd0c2cc47378aafaf07247a6da64a5e53322e6
B-pla-sparkle,Bambu Lab,PLA Sparkle | Bambu Lab CA Store,Not published,Not published,2026-09-10,Manufacturer product / guide,cited,https://ca.store.bambulab.com/products/pla-sparkle,Document / product page,Family / scope guidance,Retrieved,4874e2a31c565ead68694dfd97d671cf8518bca7b279d50d89991f03702f120b
B-pla-wood,Bambu Lab,PLA Wood | Bambu Lab CA Store,Not published,Not published,2026-09-10,Manufacturer product / guide,cited,https://ca.store.bambulab.com/products/pla-wood,Document / product page,Family / scope guidance,Retrieved,e07e2db1c164a8b5750f2a81a71c9d139629c35f65a66c615bc3177995b739fe
B-pla-galaxy,Bambu Lab,PLA Galaxy | Bambu Lab CA Store,Not published,Not published,2026-09-10,Manufacturer product / guide,cited,https://ca.store.bambulab.com/products/pla-galaxy,Document / product page,Family / scope guidance,Retrieved,37cd80096035730aa2ce45aa202259babd0dae5da5152ac08ed14fe44bad8bbc
B-pla-glow,Bambu Lab,PLA Glow | Bambu Lab CA Store,Not published,Not published,2026-09-10,Manufacturer product / guide,cited,https://ca.store.bambulab.com/products/pla-glow,Document / product page,Family / scope guidance,Retrieved,aea169e56d6c710ec1093a97cd1a8b5b4c962103b57ddb215fe0bb41787d1ecd
B-pla-aero,Bambu Lab,PLA Aero | Bambu Lab CA Store,Not published,Not published,2026-09-10,Manufacturer product / guide,cited,https://ca.store.bambulab.com/products/pla-aero,Document / product page,Family / scope guidance,Retrieved,d4f2efcb892986c72b2345692626a68546c766242813c10092c839488a9198db
B-pla-cf,Bambu Lab,PLA-CF | Bambu Lab CA Store,Not published,Not published,2026-09-10,Manufacturer product / guide,cited,https://ca.store.bambulab.com/products/pla-cf,Document / product page,Family / scope guidance,Retrieved,2295bb4df4f05db9c6304fb53657607a5332e32eb0d2eee9cdb27f12185953e3
B-petg-basic,Bambu Lab,PETG Basic | Bambu Lab CA Store,Not published,Not published,2026-09-10,Manufacturer product / guide,cited,https://ca.store.bambulab.com/products/petg-basic,Document / product page,Family / scope guidance,Retrieved,3350a2adc747ca24b0711bcda4125ab42c1be484de21e08459033c3c06b73ad3
B-petg-hf,Bambu Lab,PETG HF | Bambu Lab CA Store,Not published,Not published,2026-09-10,Manufacturer product / guide,cited,https://ca.store.bambulab.com/products/petg-hf,Document / product page,Family / scope guidance,Retrieved,ef9caee9ccd90241e7b895db6c3780ccd7c46b0323cfe515fb656b947c25e45c
B-petg-translucent,Bambu Lab,PETG Translucent | Bambu Lab CA Store,Not published,Not published,2026-09-10,Manufacturer product / guide,cited,https://ca.store.bambulab.com/products/petg-translucent,Document / product page,Family / scope guidance,Retrieved,b6e6fe83466e26c496afda722552580726cb8a0edc4cf89905702e01c19c127d
B-petg-cf,Bambu Lab,PETG-CF | Bambu Lab CA Store,Not published,Not published,2026-09-10,Manufacturer product / guide,cited,https://ca.store.bambulab.com/products/petg-cf,Document / product page,Family / scope guidance,Retrieved,816927d039b606a67d85645419a12d7798c5ceb1b0bb3bc31495595b8924ace2
B-abs-filament,Bambu Lab,ABS | Bambu Lab CA Store,Not published,Not published,2026-09-10,Manufacturer product / guide,cited,https://ca.store.bambulab.com/products/abs-filament,Document / product page,Family / scope guidance,Retrieved,feac5616b65acf62dd19a73f1d5cbd266c00bb4b55e9e934eacd1c8f7baa8bbd
B-abs-gf,Bambu Lab,ABS-GF | Bambu Lab CA Store,Not published,Not published,2026-09-10,Manufacturer product / guide,cited,https://ca.store.bambulab.com/products/abs-gf,Document / product page,Family / scope guidance,Retrieved,f69f1eda39d24c46c0e83ea3b31d2aa564152832cbdc38ea3166876cf2918554
B-asa-filament,Bambu Lab,ASA | Bambu Lab CA Store,Not published,Not published,2026-09-10,Manufacturer product / guide,cited,https://ca.store.bambulab.com/products/asa-filament,Document / product page,Family / scope guidance,Retrieved,1807d7f84317a3e28c07b031667e789cee72e9c46c948ff165c036e598a98995
B-asa-aero,Bambu Lab,ASA Aero | Bambu Lab CA Store,Not published,Not published,2026-09-10,Manufacturer product / guide,cited,https://ca.store.bambulab.com/products/asa-aero,Document / product page,Family / scope guidance,Retrieved,265753247b413cf063d77109b5e27cc047673bd9340ca6de8ddd7ed0fe532f79
B-asa-cf,Bambu Lab,ASA-CF | Bambu Lab CA Store,Not published,Not published,2026-09-10,Manufacturer product / guide,cited,https://ca.store.bambulab.com/products/asa-cf,Document / product page,Family / scope guidance,Retrieved,5fce3dad396754b6743592309955549301512bbff4cd689f19c1f6f9e40d59c6
B-PC,Bambu Lab,PC | Bambu Lab CA Store,Not published,Not published,2026-09-10,Manufacturer product / guide,cited,https://ca.store.bambulab.com/products/pc-filament,Document / product page,Family / scope guidance,Retrieved,e10e15aa9a90f4713a18d8785d376f296eda2b53671bf05a686a4b9d677523c9
B-pc-fr,Bambu Lab,PC FR | Bambu Lab CA Store,Not published,Not published,2026-09-10,Manufacturer product / guide,cited,https://ca.store.bambulab.com/products/pc-fr,Document / product page,Family / scope guidance,Retrieved,809f9fb9ae24cb5d7a5cf22c2e9fffad3a4849b79e0b5d0e8575adb596a5008f
B-tpu-for-ams,Bambu Lab,TPU for AMS | Bambu Lab CA Store,Not published,Not published,2026-09-10,Manufacturer product / guide,cited,https://ca.store.bambulab.com/products/tpu-for-ams,Document / product page,Family / scope guidance,Retrieved,f76f53b345ba71d18714100b496f39546dfadf9a9abb22e74b1728754b687f70
B-tpu-95a-hf,Bambu Lab,TPU 95A HF | Bambu Lab CA Store,Not published,Not published,2026-09-10,Manufacturer product / guide,cited,https://ca.store.bambulab.com/products/tpu-95a-hf,Document / product page,Family / scope guidance,Retrieved,e8d72a6c87679f35a2413339c5d8e7bcd421607f6369792334bf3ab058c46cca
B-TPU-SOFT,Bambu Lab,TPU 85A / TPU 90A | Bambu Lab CA Store,Not published,Not published,2026-09-10,Manufacturer product / guide,cited,https://ca.store.bambulab.com/products/tpu-85a-tpu-90a,Document / product page,Family / scope guidance,Retrieved,6399431f80638c739814f81368a982ca0358529982355749399097c4b4fc2f26
B-paht-cf,Bambu Lab,PAHT-CF | Bambu Lab CA Store,Not published,Not published,2026-09-10,Manufacturer product / guide,cited,https://ca.store.bambulab.com/products/paht-cf,Document / product page,Family / scope guidance,Retrieved,c54e6d5d2d3ae10071b7586cb785aa8bb527d0ebed9889b3b49dd320950a3371
B-pa6-cf,Bambu Lab,PA6-CF | Bambu Lab CA Store,Not published,Not published,2026-09-10,Manufacturer product / guide,cited,https://ca.store.bambulab.com/products/pa6-cf,Document / product page,Family / scope guidance,Retrieved,1fe4c182422f334df2074676882cc595a64b39325a667e2c430fe05735295c57
B-pa6-gf,Bambu Lab,PA6-GF | Bambu Lab CA Store,Not published,Not published,2026-09-10,Manufacturer product / guide,cited,https://ca.store.bambulab.com/products/pa6-gf,Document / product page,Family / scope guidance,Retrieved,ae5167fcfafc4c88d6c0bc31607627aad5039dac2849926c8ab508d01b5296ef
B-pet-cf,Bambu Lab,CF Reinforced PET Filament | Bambu Lab CA Store,Not published,Not published,2026-09-10,Manufacturer product / guide,cited,https://ca.store.bambulab.com/products/pet-cf,Document / product page,Family / scope guidance,Retrieved,7e4ce9aad103255ed5e79cb0569dc2c193e5185324daadcf1d44fa651eb23b7b
B-ppa-cf,Bambu Lab,PPA-CF | Bambu Lab CA Store,Not published,Not published,2026-09-10,Manufacturer product / guide,cited,https://ca.store.bambulab.com/products/ppa-cf,Document / product page,Family / scope guidance,Retrieved,e3c1b415302d034a09c07f976ba72a04d6e77633ab6010250a96017d6273cf3b
B-pps-cf,Bambu Lab,CF Reinforced PPS Filament | Bambu Lab CA Store,Not published,Not published,2026-09-10,Manufacturer product / guide,cited,https://ca.store.bambulab.com/products/pps-cf,Document / product page,Family / scope guidance,Retrieved,01e589e418ebdd5359ce160ad83f0ea8f8c993e9106712073bf3dd7cea2716db
B-pva,Bambu Lab,PVA | Bambu Lab CA Store,Not published,Not published,2026-09-10,Manufacturer product / guide,cited,https://ca.store.bambulab.com/products/pva,Document / product page,Family / scope guidance,Retrieved,6250ae1e79f680c61fde568550cc86b2ed7b754a76d01e6ea46565255356ea4d
B-support-for-pla-petg,Bambu Lab,Support for PLA/PETG | Bambu Lab CA Store,Not published,Not published,2026-09-10,Manufacturer product / guide,cited,https://ca.store.bambulab.com/products/support-for-pla-petg,Document / product page,Family / scope guidance,Retrieved,fdb541d86bac50e5cd80bb5a251219616ae5e0492ed404be11c6e48231ee228a
B-support-for-abs,Bambu Lab,Support for ABS | Bambu Lab CA Store,Not published,Not published,2026-09-10,Manufacturer product / guide,cited,https://ca.store.bambulab.com/products/support-for-abs,Document / product page,Family / scope guidance,Retrieved,656bd5b3ed1f4cb2f40074a281b1cc56dc349cbb643e52b3905d6525164e25a5
B-support-for-pa-pet,Bambu Lab,Support for PA/PET | Bambu Lab CA Store,Not published,Not published,2026-09-10,Manufacturer product / guide,cited,https://ca.store.bambulab.com/products/support-for-pa-pet,Document / product page,Family / scope guidance,Retrieved,b9ac40056b23a2cba1bc4336077a8786fa1e3c8d8a0a4540b6aee6de780e9c0c
CA-3DPC1,CA-3DPC1,CA 3DPC1,Not published,Not published,2026-09-10,Canadian retailer catalogue; pricing only,cited,https://3dprintingcanada.com/products.json?limit=250&page=1,Document / product page,Family / scope guidance,Retrieved,363ec73ffc5ba644ffa0ac2b4e888d3c087e086f6f64f5841d923fd6ecea8a37
CA-3DPC3,CA-3DPC3,CA 3DPC3,Not published,Not published,2026-09-10,Canadian retailer catalogue; pricing only,cited,https://3dprintingcanada.com/products.json?limit=250&page=3,Document / product page,Family / scope guidance,Retrieved,68da294ddd563916295bcf1f2f7cd3365088f95c68c56d217159954f965d194a
CA-3DPC4,CA-3DPC4,CA 3DPC4,Not published,Not published,2026-09-10,Canadian retailer catalogue; pricing only,cited,https://3dprintingcanada.com/products.json?limit=250&page=4,Document / product page,Family / scope guidance,Retrieved,0265232350e86a4200a11d2d7b0ac2d33e273fe9ffe2add0f72b24aad65a6427
CA-ADVANCED,CA-ADVANCED,CA ADVANCED,Not published,Not published,2026-09-10,Canadian retailer catalogue; pricing only,cited,https://3dprintingcanada.com/collections/advanced-filaments/products.json?limit=250,Document / product page,Family / scope guidance,Retrieved,9734f03a292beb8177f1360a6d214191a5d306ab132bb3220abe8e862af9650f
CA-SHOP3D1,CA-SHOP3D1,CA SHOP3D1,Not published,Not published,2026-09-10,Canadian retailer catalogue; pricing only,cited,https://shop3d.ca/products.json?limit=250&page=1,Document / product page,Family / scope guidance,Retrieved,4eac977e929175cc6bfb60de6a1d203fa4d949e652372ebf2b5f8f0682bdaf82
R-POLYMAKER-WIKI-HTPLAGF,Polymaker,HT-PLA-GF | Polymaker Wiki (technical data sheet page),Not published,Not published,2026-09-11,Manufacturer TDS (web),corroboration,https://wiki.polymaker.com/polymaker-products/more-about-our-products/documents/technical-data-sheets/pla/ht-pla-gf,"Notched Charpy impact strength, as-printed and annealed",M019 / G019-01,Retrieved,Not recorded
R-STRATASYS-ULTEM9085,Stratasys,ULTEM 9085 Resin FDM Thermoplastic Filament - data sheet,Not published,Not published,2026-09-11,Reference datasheet (corroboration only),corroboration,https://paradigm-3d.com/wp-content/uploads/2024/01/ULTEM-9085-EN-Data-Sheet-FDM-Material.pdf,"Mean CTE (TAN) ASTM E831, XZ/ZX, 31.35-51.88 um/[m*C]",M099 - unit corroboration only; not a property source,Retrieved,Not recorded
R-H2C-SPECS,Bambu Lab,Bambu Lab H2C - Technical Specifications,Not published,Not published,2026-09-11,Official printer documentation,cited,https://bambulab.com/en/h2c/specs,Max nozzle 350 C; max heatbed 120 C; max chamber 65 C,Family / scope guidance,Retrieved,Not recorded
R-MDPI-FATIGUE,"Rodrigues et al., Polymers 18(2), 302","Mechanical, Fatigue, and Thermal Characterization of ASA, Nylon 12, PC, and PC-ABS Manufactured by Fused Filament Fabrication (FFF)",Not published,Not published,2026-09-11,Peer-reviewed study (publisher copy),corroboration,https://www.mdpi.com/2073-4360/18/2/302,Fatigue limits and ultimate strengths; publisher copy used because the PMC mirror returned a CAPTCHA,M031 / M035 / M052 / M094,Retrieved,Not recorded
R-BAMBU-CA-CATALOG-20260913,Bambu Lab Canada,3D Printer Filament Collection,Not published,Not published,2026-09-13,Official Canadian storefront catalogue,register,https://ca.store.bambulab.com/collections/bambu-lab-3d-printer-filament,Collection and linked product pages,Bambu Lab catalogue cross-check,Retrieved via web,Not recorded
R-BAMBU-GUIDE-202609,Bambu Lab,Bambu Lab Filament Guide,Not published,Not published,2026-09-13,Manufacturer comparison guide,corroboration,https://cdn1.bambulab.com/filament/filament-guide/wksdyyzd8n9/filament-guide-en.pdf,Material comparison and printing requirements,Bambu Lab catalogue cross-check,Retrieved,048fb9a65547b5107fc935812ab5c81a78f70ff9d979797be897a8d47d19dc41
R-BAMBU-SUPPORT-PLA-NEW-TDS,Bambu Lab,Bambu Filament Technical Data Sheet - Support for PLA,V1.0,Not published,2026-09-13,Manufacturer TDS,cited,https://store.bblcdn.com/s2/default/200ef29f5cd04b20ba6c2c86f0cc3ec0/Bambus_Support_for_PLA_Technical_Data_Sheet.pdf,pp. 1-3,M077 / G077-01,Retrieved,4e070b33f2d0ff9c6169519635e7c2d508fd0760e2379dfc5cbd525ee89bdf2d
R-BAMBU-SUPPORT-PLA-NEW-PRODUCT,Bambu Lab,Support for PLA (New Version),Not published,Not published,2026-09-13,Official manufacturer product page,cited,https://bambu-lab-jp.myshopify.com/en/products/support-for-pla-new,"Product scope, SKU, weight and compatibility",M077 / G077-01,Retrieved via web,Not recorded
R-BASF-PCGF30-TDS,BASF Forward AM,Ultrafuse PC GF30 Technical Data Sheet,Version 1.2,2022-01-26,2026-09-13,Manufacturer TDS,cited,https://forward-am.com/wp-content/uploads/2021/12/Ultrafuse_PC_GF30_TDS_EN_v1.2.pdf,pp. 1-3,M038 / G038-02,Retrieved,bf1773381d166b1a930dd12be1164c3284b74bebfd4cc2894a8018cf8f3914a0
R-BASF-PCGF30-PRODUCT,BASF Forward AM,Ultrafuse PC GF30,Not published,Not published,2026-09-13,Official manufacturer product page,corroboration,https://forward-am.com/material-portfolio/ultrafuse-filaments-for-fused-filaments-fabrication-fff/reinforced-filaments/ultrafuse-pc-gf30/,"Current product, diameters, properties and applications",M038 / G038-02,Retrieved via web,Not recorded
R-ESSENTIUM-PPSCF-TDS,Essentium / Nexa3D,Essentium PPS-CF Technical Data Sheet,Version 1.0,2021-11-13,2026-09-13,Manufacturer TDS hosted by current brand owner,cited,https://nexa3d.com/wp-content/uploads/2024/07/TDS-Essentium-PPS-CF.pdf,pp. 1-2,M073 / G073-02,Retrieved,225419a589be85d566c662f2720339a5eb20b6fa50187e98411bf627dd7b1e15
R-AIRTECH-KIMYA-PORTFOLIO,Airtech 3D,Kimya 3D Filaments,Not published,Not published,2026-09-13,Official current manufacturer portfolio,register,https://www.airtech3d.com/filament,Flexible filaments: PEBA-S,M045 / G045-03,Retrieved via web,Not recorded
R-KIMYA-PEBA-S-TDS,Airtech Europe / Kimya,Kimya PEBA-S 3D Filament Technical Data Sheet,Updated 2025-12-22,2025-12-22,2026-09-15,Manufacturer TDS indexed at authorized distributor,cited,https://www.samaro.fr/app/uploads/2026/09/ba38ba38d87e28552202938c4c1cc670d8ef6fea3287_Kimya_PEBA_S_3D_Filament_EN.pdf,Technical data and processing tables,M045 / G045-03,Retrieved,66c7b5b1e19bf57ba52811611ef420b1d4d409ad9e043b389b164e45da1c9ce3
R-AIRTECH-KIMYA-ACQUISITION,Airtech Advanced Materials Group,Airtech Acquires Kimya Assets,Not published,2025-04-08,2026-09-13,Official corporate announcement,register,https://www.airtech3d.com/airtech-acquires-kimya-assets-extend-additive-manufacturing-filament-capabilities-and-solutions,Ownership and current portfolio provenance,Kimya portfolio,Retrieved via web,Not recorded
R-ESUN-PLA-LITE-PAGE,eSUN,eSUN PLA-Lite product page,Not published,Not published,2026-09-13,Manufacturer product / guide,cited,https://www.esun3d.com/epla-lite-product,"Printing Parameter: Physical Performance, Mechanical Properties, Recommended Printing Parameters",M004 / G004-01,Retrieved,b8807094397d378aee0717e441947378f5d537a510d1c8cf8fb3d89146d1d8b2
R-POLYMAKER-SILK-PLA-PAGE,Polymaker,Panchroma Silk PLA product page,Not published,Not published,2026-09-13,Manufacturer product / guide,cited,https://shop.polymaker.com/products/silk-pla,Technical Specifications,M008 / G008-01,Retrieved,d74050b88ed9f9e214e461804d297fdf98808c991ef496c5bbc2aa6e55da6d5d
R-POLYMAKER-PANCHROMA-TDS-V2-1,Polymaker,Panchroma Product Data Sheet,V2.1,Not published,2026-09-13,Manufacturer TDS,cited,https://polymaker.com/wp-content/uploads/Panchroma_TDS_V2.1.pdf,Data table; How to make specimens,M008 / G008-01; M091 / G091-02,Retrieved,12015f8e82a3420ed806e90c8c730645accda3fcc37f6b51f907e0574ff3c895
R-POLYMAKER-WIKI-PANCHROMA-COPE,Polymaker,Panchroma CoPE | Polymaker Wiki,Not published,Not published,2026-09-13,Manufacturer product / guide,cited,https://wiki.polymaker.com/polymaker-products/polymaker-filaments/panchroma-tm/panchroma-tm-cope,Recommended printing settings,M091 / G091-02,Retrieved,db568e0f9c59febd061e48b8d79823c1688c3dbdbe842f118cb3d380b2b1bae8
R-POLYMAKER-COPE-TDS-V5-4,Polymaker,Panchroma CoPE Technical Data Sheet,V5.4,Not published,2026-09-13,Manufacturer TDS,not-retrieved,https://polymaker.com/wp-content/uploads/lana-downloads/Panchroma-CoPE_TDS_EN_V5.4.pdf,Cited by the 2026-09-13 research for density 1.296 g/cm³ and elongation 10.5 ± 3.8%,M091 / G091-02,Not retrieved: HTTP 404 on 2026-09-13. Nothing from this source was entered,Not recorded
R-FIBERON-PETGF15-TDS,Polymaker (Fiberon),Fiberon PET-GF15 Technical Data Sheet,V1.0,Not published,2026-09-13,Manufacturer TDS,cited,https://fiberon.polymaker.com/wp-content/uploads/TDS_FIBERON-PET-GF15_V1.0_EN.pdf,"Physical, thermal and mechanical properties; recommended printing conditions; how to make specimens",M068 / G068-02,Retrieved,cdb81cbccd54e790038caf17353bd91172713cb7d35f7d8e16f919124923b37b
R-FIBERON-PETGF15-PAGE,Polymaker (Fiberon),Fiberon PET-GF15 product page,Not published,Not published,2026-09-13,Manufacturer product / guide,not-retrieved,https://fiberon.polymaker.com/product/pet-gf15/,Cited by the 2026-09-13 research for chamber guidance,M068 / G068-02,Not retrieved: HTTP 403 on 2026-09-13. Nothing from this source was entered,Not recorded
R-FILLAMENTUM-CPE-HG100-TDS,Fillamentum,CPE HG100 Datasheet,2019-01-03,Not published,2026-09-13,Manufacturer TDS,cited,https://fillamentum.com/wp-content/uploads/2020/10/Technical-Data-Sheet_CPE-HG100_03012019.pdf,"Physical, mechanical and thermal properties",M089 / G089-01,Retrieved,ad4f1420c47b40cc8972c202724dae27c1718c9070938e077c6150f33071f495
R-FILLAMENTUM-CPE-HG100-GUIDE,Fillamentum,3D Printing Guide: Fillamentum CPE HG100,Not published,Not published,2026-09-13,Manufacturer product / guide,cited,https://fillamentum.com/wp-content/uploads/2021/02/Fillamentum_Printing_Guide_CPE-HG100.pdf,Printing parameters,M089 / G089-01,Retrieved,cd37bc12f747170a4f51a8f9cf18b40fac21652f1f0b02802432207cf95ce19b
R-FILLAMENTUM-CPE-CF112-GUIDE,Fillamentum,3D Printing Guide: Fillamentum CPE CF112 Carbon,Not published,Not published,2026-09-13,Manufacturer product / guide,cited,https://fillamentum.com/wp-content/uploads/2020/10/FI_Printing_Guide_CPE-CF112-Carbon.pdf,Printing parameters; Nozzle,M090 / G090-01,Retrieved,fed13e64605e32d803a832009efcebef37aa0204e0f8282c7b67d206ddc7137a
R-COLORFABB-NGEN-TDS-V2,colorFabb,Technical datasheet colorFabb_nGen,"v2.0, 2023-09-01",Not published,2026-09-13,Manufacturer TDS,cited,https://colorfabb.com/media/datasheets/tds/colorfabb/TDS_E_ColorFabb_nGen.pdf,Typical properties; guideline for print settings; notes,M092 / G092-01,Retrieved,d0a40f96297dcfd4e658dd0ffadeb0e848aafd66c6371b516394f5475b956afa
R-ERYONE-PETG-GF-TDS,Shenzhen Eryone Technology,Technical Data Sheet (TDS) PETG-GF,"version 1.0, 08/2024",Not published,2026-09-13,Manufacturer TDS,cited,https://file.globalso.com/file_manage/3828/20250630/eryone-petg-gf-tds.pdf,Part I Suggested printing parameters; Part II Physical properties; Part III Mechanical properties of printed samples,M025 / G025-02,Retrieved,8351e38bad369f131d878557886517762e4732eecff5352744c9034dd90b7c5d
R-IPCON-ASA-GF-TDS,IPCON Polymer Material (Suzhou),IPCON ASA GF Technical Data Sheet,"Version 1.0, 2026.06.01",Not published,2026-09-13,Manufacturer TDS,cited,https://www.ipconpolymer.com/wp-content/uploads/2026/06/IPCON-ASA-GF_TDS-Technical-Data-Sheet_V1.0.pdf,Filament's properties; Recommended printing settings,M034 / G034-03,Retrieved,a756397ca7e6529e0a9c081fca8fe54beb71aebc5000d63d4d2d2fe5f7a4f5db
R-FLASHFORGE-ASA-GF10-TDS,Flashforge,Technical Data Sheet ASAGF10 Filament,Not published,Not published,2026-09-13,Manufacturer TDS,cited,https://after-support.flashforge.jp/uploads/datasheet/tds/ASA_GF_TDS_EN.pdf,Properties; Recommended printing conditions,M034 / G034-04,Retrieved,b82515bd92eec4b61acc1fe20ff4145407644964a73d0fdfea4f9306744a49c3
R-GRUPA-AZOTY-TARFUSE-POM-TDS,Grupa Azoty (document mirrored by filamentworld.de),Preliminary Technical Data Sheet Tarfuse POM 3D Filament,"Version 1.1, April 2021",Not published,2026-09-13,Manufacturer TDS,cited,https://filamentworld.de/fact-sheets/Grupa-Azoty_Tarfuse-POM_Datenblatt_EN.pdf,p. 2: Recommended print processing parameters; Physical properties; Mechanical properties (XY flat),M087 / G087-02,Retrieved,ef0bbc0dd06cf77c1c14d95f0338d3541e287b36920e5f212492399fcb3263ea
R-STRATASYS-FDM-NYLON12-MDS,Stratasys,FDM Nylon 12 Data Sheet,Not published (file metadata 2021-09),Not published,2026-09-13,Manufacturer TDS,cited,https://www.stratasys.com/siteassets/materials/materials-catalog/fdm-materials/nylon-12/mds_fdm_nylon-12_0921a.pdf,"Table 2 ordering information (310-21800); Table 3 physical properties; Table 4 mechanical properties (F900, T16 tip)",M052 / G052-R1,Retrieved,d7c3536b4c6a9cabf3c08cb76d33864ecc231e79343e1834c02776e585caabf9
R-DUPONT-DELRIN-100P,DuPont (document mirrored by Upmold),Product Information Delrin 100P NC010,060412/060413,Not published,2026-09-13,Resin supplier data sheet,cited,https://upmold.com/wp-content/uploads/data-sheet/POM-DuPont-Delrin-100P%20NC010.pdf,Mechanical; Thermal; Other,M087 / G087-R1,Retrieved,65ea95a42700a8d69cc0668a50684fadd79ab30480137d1e4c7445e20c3a248f
R-CELANESE-ZYTEL-101L,Celanese / DuPont (document mirrored by Quickparts),Zytel 101L NC010 Nylon Resin,Revised 2023-04-04 (Celanese Materials Database),Not published,2026-09-13,Resin supplier data sheet,cited,https://quickparts.com/wp-content/uploads/2023/04/zytel%C2%AE-101l-nc010-gb.pdf,Typical mechanical properties dry/cond.; Thermal properties; Other properties,M055 / G055-R1,Retrieved,9a201771bddfa931faafbcab2fce64d01c57e6f36303340166bb87c4a62f69e9
R-DUPONT-ZYTEL-GUIDE,DuPont (document mirrored by T-Link),DuPont Zytel nylon resin: product guide and properties,Not published,Not published,2026-09-13,Resin supplier data sheet,cited,https://t-link.com.hk/MaterialSpec/Nylon66/ALL%20Zytel.pdf,"p. 8 Unreinforced PA612, Zytel 151L, DAM column",M058 / G058-R1,Retrieved,4b28bc3c55f6cebb864463b497521e9dcdca89a1edd82de6fee0bb2a0e820092
R-TRINITY3DS-HYPERLITE-PP,"Trinity3DS (authorized 3DXTECH distributor), quoting 3DXTECH",HyperLite PP [Polypropylene] 3D Printing Filament: product description,Not published,Not published,2026-09-14,Manufacturer description at distributor,cited,https://www.trinity3ds.com/3dxtech-filament/pp,Product description,G103-01; G082-01 until 2026-09-15,Retrieved,14e5f7cc3b0082deadae376d32fcb15ff558d97d6342b0c16f12075bcc855118
S-POLYCN-PolySmooth-TDS-V5-4,Polymaker,PolySmooth Technical Data Sheet,V5.4,Not published,2026-09-16,Manufacturer TDS,cited,https://cdn.shopify.com/s/files/1/0548/7299/7945/files/PolySmooth_TDS_EN_V5.4.pdf?v=1731961910,p. 2: Physical properties; p. 3: Thermal properties; p. 4: Mechanical properties; p. 5: How to make specimens,G093-02 (the TDS linked from the Polymaker wiki PolySmooth page),Retrieved,126df8abf06b12f4ba02ead2d247760a3087ebb5e6076a7187eab9acd1efb345
S-BVOH-ULTRAFUSE-TDS-v1-3,BASF Forward AM,Ultrafuse BVOH,Version No.: 1.3,2019-11-11,2026-09-16,Manufacturer TDS,cited,https://move.forward-am.com/hubfs/AES%20Documentation/Support%20Filaments/BVOH/TDS/Ultrafuse_BVOH_TDS_EN_v1.3.pdf,"p. 2: General and thermal properties; p. 3: Mechanical properties (print direction XY flat, XZ on its edge, ZX upright)",G076-02,Retrieved,c45c6fb20e994a9e8370ac64174255778a8a3c07eeb6785eb1f2ee5be498adaa
R-FORWARDAM-ULTRAFUSE-BVOH-EXTENDED-TDS,BASF Forward AM (document mirrored by Raise3D Japan),Ultrafuse BVOH Extended TDS: Complete Technical Documentation and Testing Summary,Version 1.0,Not published,2026-09-16,Manufacturer TDS,corroboration,https://www.raise3d.jp/tds_ultrafuse_bvoh.pdf,"p. 3: Used for test specimens (Ultimaker S5, 210 °C, 60 °C bed, 40 mm/s); p. 4: Tensile and flexural properties by direction, footnotes 5-8 (conditioning and test speeds)","G076-02; the same values as S-BVOH-ULTRAFUSE-TDS-v1-3 with the specimen printer, conditioning (23 °C / 50% RH, 72 h) and test speeds",Retrieved,5c312e6dd2740bf4264081441412666d526fb7ee1f12d681a63f468952a43eda
R-BRASKEM-FL300PE-PDS,Braskem,FL300PE Product Data Sheet,Not published,Not published,2026-09-16,Manufacturer TDS,cited,https://www.braskem.com.br/portal/usa/arquivos/3DPrinting/Product-Data-Sheet-FL300PE.pdf,p. 1: Printed Part Properties and its note (test specimens printed in X-Y direction),G085-02,Retrieved,ab3c807e5dd2ad621b42205cbf2207658fac0fb8f4d1f5981173ea9741fafff5
R-KIMYA-TPC-91A-TDS,Kimya (Armor Group),TPC-91A Kimya technical data sheet,01/07/2019,2019-07,2026-09-16,Manufacturer TDS,cited,https://f.hubspotusercontent20.net/hubfs/7196278/Datasheets/Kimya/Kimya_TPC-91A_Technical_Data_Sheet.pdf,p. 1: Filament properties; p. 2: Print parameters and specimens dimensions; Printed specimens properties,G046-02,Retrieved,0bc72b0b585d2d89de15cb7cdd8d3a3bb8fce568f0e1e0a1f4844cd5fe6521e6
R-DSM-ARNITEL-ID2045-TDS,DSM (document hosted by MatterHackers),Arnitel ID 2045 TPC: Property Data (Provisional),Provisional; print date 2018-12-13,2018-12-13,2026-09-16,Manufacturer TDS indexed at authorized distributor,cited,https://www.matterhackers.com/r/kVK5ym,"p. 1: Material specific properties (3D printed tensile bars, 0°-90° and 45°-45°)","G046-03 (the ""Technical Data Sheet"" link of the MatterHackers DSM Arnitel ID2045 product page)",Retrieved,7af735894d64fa7bd831892bd621c49e0171e343be57c8305983a7ffe8256aeb
S-ESUN-PLA-Silk-TDS-2025-06-19,eSUN,PLA-Silk Technical Data Sheet,Version 1.0 (JUL.2024); file dated 2025-06-19,2024-07,2026-09-16,Manufacturer TDS,cited,https://www.esun3d.com/media/esun/catalog/certification/product/PLA-Silk/PLA-Silk_TDS_2025.06.19.pdf,"p. 1: Physical and thermal properties; p. 2: Mechanical properties (X-Y, Z); p. 3: Test conditions of mechanical properties",G008-02,Retrieved,bf6f16467b0580027121615fa1fda8de06a9f678d90e7b419768f33d002365da
R-YOUSU-POM-TDS,Guangzhou Yousu 3D Technology,Yousu POM 3D Filament Technical Data Sheet,"Version 2.0, revision date 18/12/2020",2020-12-18,2026-09-16,Manufacturer TDS,cited,https://ysfilament.com/u_file/2206/14/file/YOUSUPOMTDS-ae63.pdf,"p. 1: Physical, mechanical and thermal properties; p. 2: Basic parameters",G087-03,Retrieved,c22e3d282abb75b28a5662a28ba2ba4e98b356fd6dfa27646707d5fc6a25bbb0
R-FILLAMENTUM-FLEXFILL-PEBA-90A-TDS,Fillamentum Manufacturing Czech,Technical Data Sheet Flexfill PEBA 90A,Not published,Not published,2026-09-16,Manufacturer TDS,cited,https://fillamentum.com/wp-content/uploads/2020/10/TDS_Flexfill-PEBA-90A_EN.pdf,"p. 1: Physical, mechanical and printing properties",G045-04,Retrieved,58a32db0852fe8899985e64ab7895bee8c4e66cecd399fa9b967e732d5b51c79
R-FORMFUTURA-STYX-PA6-TDS,FormFutura,Technical Data Sheet STYX PA6,Version: 1.0; print date 28-02-2023,2023-02-28,2026-09-16,Manufacturer TDS,cited,https://www.formfutura.com/web/content/281451?download=true,"p. 1: Material properties, Mechanical properties, Thermal properties (typical value and test method; no specimen, direction or print settings stated); Storage and handling; p. 2: Disclaimer",G049-02,Retrieved,5202ff7a803935abd6b61daa5b25dfa389515abd1a1ff0e1944fad91068b381c
R-NATUREWORKS-INGEO-SOLUBILITY,NatureWorks LLC,Solubility Study of Ingeo Biopolymer Grades in Common Organic Solvents,NWPD003_100319 V1,2019,2026-09-16,Resin supplier data sheet,cited,https://natureworksllc.com/getContentAsset/83916624-88b9-490c-bab1-74294189824e/53ffd608-340f-457b-b656-6b8cc0000bd4/PropertiesDocument_Solubility-Test-Results_pdf-(1).pdf?language=en,"p. 1-3: Experimental, Results (Tables 1-3), Conclusions; p. 4: Combustibility","Polymer-level environmental behaviour of PLA (polymer_environment.csv); Ingeo 4060D, 2003D and 4032D pellets and moulded bars, no filament grade",Retrieved,9522d1403034e17686962ddeb5655b6642258d8d8e4f658aab7488307eb805fb
R-NATUREWORKS-INGEO-3D850-TDS,NatureWorks LLC,Ingeo Biopolymer 3D850 Technical Data Sheet,NW3D850_090716V1,2016-09-07,2026-09-16,Resin supplier data sheet,cited,https://natureworksllc.com/getContentAsset/6d5ea62c-7872-4297-aff7-67b8a53fe47f/53ffd608-340f-457b-b656-6b8cc0000bd4/TechnicalDataSheet_3D850_monofilament.pdf?language=en,p. 2: Drying,Polymer-level environmental behaviour of PLA (polymer_environment.csv); Ingeo 3D850 resin,Retrieved,27dda0568119ffd9dcf16e73362dbfe8d7d1335f1c1786cd0235a8a0bbcbe3fe
R-EASTMAN-EASTAR-6763-TRS145,Eastman Chemical Company,Eastar copolyester 6763 Chemical resistance,TR-145D 10/11,2011-10,2026-09-16,Resin supplier data sheet,cited,https://www.eastman.com/content/dam/eastman/corporate/en/literature/t/trs145.pdf,"p. 2-3: reagent table (% change in weight and thickness, appearance) after 1 year immersion at 23 °C",Polymer-level environmental behaviour of PETG (polymer_environment.csv); Eastar 6763 resin,Retrieved,452624874b98d4a1fd77e506a997502a6a2e94b8ac8780e28c67d87b9463bd4e
R-BASF-STYRENE-COPOLYMERS-CHEM,BASF Aktiengesellschaft (document mirrored by OKW Gehäusesysteme),Chemical Resistance of Styrene Copolymers,KTCI 9900 e 05.2002,2002-05,2026-09-16,Resin supplier data sheet,cited,https://www.okwenclosures.com/en/media/e1c71e00-cf5c-11e2-896a-0050568225d7,"p. 2: overview table and symbol key; p. 3-11: test substance table (Terluran ABS and Luran S ASA columns, 20 °C and 50 °C)","Polymer-level environmental behaviour of ABS and ASA (polymer_environment.csv); Terluran (ABS) and Luran S (ASA) resins, now INEOS Styrolution",Retrieved,0605fac201af222d6ab0cd02a1dcc8c4f49686dd572077545fa5dbcae8af1427
R-BASF-POLYSTYRENE-STYROLUX,"BASF SE (document mirrored by University of Connecticut, physics wiki)","Polystyrene and Styrolux: General-purpose polystyrene (GPPS), High-impact polystyrene (HIPS), Styrene / butadiene-block copolymer (S/B/S)","KSEP 1002 BE, September 2010",2010-09,2026-09-16,Resin supplier data sheet,cited,https://zeus.phys.uconn.edu/wiki/images/Polystyrene_properties.pdf,p. 12: Resistance to chemicals; p. 13: Aging behavior,"Polymer-level environmental behaviour of HIPS (polymer_environment.csv); Polystyrol GPPS and HIPS resins, now INEOS Styrolution",Retrieved,0ae31d22fd6123e7740b67d891fa1a2dcba66ce226872aa6490a37da27decfd2
R-COVESTRO-MAKROLON-CHEM,Covestro Deutschland AG,Makrolon – The chemical resistance,"COV00081341, Edition 2016-12",2016-12,2026-09-16,Resin supplier data sheet,cited,https://solutions.covestro.com/-/media/covestro/solution-center/whitepapers/makrolon---the-chemical-resistance.pdf,"p. 1: Types of damage; p. 2: Resistance to oils, greases, waxes and fuels; p. 3-4: Resistance to chemicals table (6 days at 23 °C and 50 °C)",Polymer-level environmental behaviour of PC (polymer_environment.csv); Makrolon 2800 test material,Retrieved,d4220ccd4677885ec38325b8cde6e171e01db616702999503ed1a435007095ab
R-BASF-ELASTOLLAN-CHEM,BASF Polyurethanes GmbH,"Elastollan – Chemical properties (Elastollan material properties, chapter pages 36-46)",Not published,Not published,2026-09-16,Resin supplier data sheet,cited,https://www.basf.com/dam/jcr:e42483e4-4087-3544-a6a2-f958427c1030/Elastollan_Properties-Chemical-Properties.pdf,"PDF p. 2: Chemical resistance (general, acids, hydrocarbons, oils, solvents); PDF p. 5-6: resistance table by reagent code (23 °C / 60 °C); PDF p. 7-8: solvent swelling table; PDF p. 10: Hydrolysis resistance; PDF p. 11: UV radiation","Polymer-level environmental behaviour of TPU (polymer_environment.csv); Elastollan standard ester grades (500, 800), C 85 A and ether grades (1100)",Retrieved,1f535f78c4c04673eed4646a7e535cf9c5e588dccad2c655fd252e73fa5a77dc
R-BASF-ULTRAMID-CHEM,BASF Corporation,Ultramid Nylon Chemical Resistance,© 2021 BASF,2021,2026-09-16,Resin supplier data sheet,cited,https://chemicals.basf.com/dam/jcr:7c5b6f87-b64c-4974-83d9-b261c5a25032/BASF_Ultramid_Nylon_Chemical_Resistance_Guide.pdf,p. 2: scope (unmodified Ultramid B27E PA6 and A27E PA66); p. 3: symbols and chemical resistance overview; p. 4-17: chemical table,Polymer-level environmental behaviour of PA6 and PA66 (polymer_environment.csv); Ultramid B (PA6) and A (PA66) base resins,Retrieved,64fee9ab802f3c1bbfed55bed10ed22825ec9628e8f39ef9fcaefcce36baac24
R-EMS-GRIVORY-RESISTANCE-TO-CHEMICALS,EMS-GRIVORY,"Technical Data Sheet Grilon, Grilamid and Grivory – Resistance to Chemicals",2.006e 7.2022,2022-07,2026-09-16,Resin supplier data sheet,cited,https://www.emsgrivory.com/fileadmin/user_upload/EMS-GRIVORY/documents/Brochures/English/Technical_Data_Sheet-Resistance-to-Chemicals_en_07-2022.pdf,"p. 1: general; p. 2: test conditions and key; p. 3: Hydrolysis resistance; p. 4-11: medium table (columns Grilon PA6/PA66, Grilamid L PA12, Grilamid S and D PA610/1010/612, Grilamid TR, Grivory G, GV, HT PPA)","Polymer-level environmental behaviour of PA, PA6, PA66, PA12, PA612 and PPA (polymer_environment.csv); unreinforced EMS resins, ISO test bars stored up to 12 months at room temperature",Retrieved,d4d49f9c739119d8f39bb9b51826eee5992e1466b5643bd7881a357051c0c583
R-EVONIK-VESTAMID-PA12,Evonik Industries AG (document hosted by AMCO Polymers),VESTAMID Polyamide 12 – Innovative and reliable,02/en,Not published,2026-09-16,Resin supplier data sheet,cited,https://s3.amazonaws.com/amcopolymers.com/v3/Vestamid-Brochure.pdf,"p. 5: property bullets; p. 14: Flammability; p. 19: Hydrolysis resistance, UV resistance; p. 20-22: Chemical resistance (rated table is colour-coded and was not transcribed)",Polymer-level environmental behaviour of PA12 (polymer_environment.csv); VESTAMID L compounds,Retrieved,ccea4d6047f98f8f9dcd0691bbaa0956fcff1862c400b97e20c4ec2d2e9b4d78
R-DUPONT-ZYTEL-MODULE-II,DuPont Engineering Polymers (document mirrored by Distrupol),DuPont Minlon and Zytel nylon resins Design Information – Module II,H-56843 05.01,2001-05,2026-09-16,Resin supplier data sheet,cited,https://www.distrupol.com/Minlon_Zytel_Design__Info_Module_2.pdf,"p. 5: 1.1 Introduction (chemical statement, moisture equilibrium); p. 33: Table 4.01 Flammability; p. 39: 5.3 Resistance to hot water and steam; p. 40-41: 5.4 Weathering; p. 44-45: 5.7 chemical resistance (Table 5.12 rating marks lost in extraction, not transcribed)",Polymer-level environmental behaviour of PA66 (polymer_environment.csv); Zytel 101 / 101L unreinforced PA66,Retrieved,6dce2ddaa6d694fffc1479a4cc2f6662218c42b7e0a4683e8c640e1cb23b95bb
R-DUPONT-DELRIN-MODULE-III,DuPont Engineering Polymers (document mirrored by KMS Bearings),Delrin acetal resin Design Guide—Module III,"H-57472 (95.1), 230323C",Not published,2026-09-16,Resin supplier data sheet,cited,https://kmsbearings.com/content/category/pdfs/Delrin_Acetal_Design_Guide.pdf,"p. 5: property limitations and UL 94 class; p. 43: Weathering, Solvents, Gasolines, Chemical Resistance, Acids, Bases and Oxidizing Agents; p. 45-47: Table 11 Chemical Resistance Data for Delrin",Polymer-level environmental behaviour of POM (polymer_environment.csv); Delrin acetal homopolymer,Retrieved,d513137aca11e63b8aa40b06a5afb226166bddd493b06d7a1b0e97e341377956
R-DUPONT-RYNITE-MODULE-IV,DuPont Engineering Polymers (document mirrored by Distrupol),Crastin PBT and Rynite PET Thermoplastic Polyester Resins Design Information Module IV,L-10978 05/00,2000-05,2026-09-16,Resin supplier data sheet,cited,https://www.distrupol.com/Crastin_PBT_and_Rynite_PET_Design_Info_Module_IV.pdf,p. 38-39: 4.3 Weathering; p. 43: 4.4 Chemical Resistance (hydrolysis statement); p. 43-45: Table 4.5 Chemical resistance of Rynite 530 and 545,Polymer-level environmental behaviour of PET (polymer_environment.csv); Rynite 530 (30 % glass) and 545 (45 % glass) PET resins,Retrieved,1884802ba30a468a41b06d687532d51ab61ed474ef95f420bea43d3ed40ba1c6
R-DUPONT-HYTREL-HYT504,DuPont Engineering Polymers (document mirrored by Material Data Center),Hytrel Thermoplastic Polyester Elastomer Fluid and chemical resistance guide (Technical Report HYT-504),L-11964 06.99,1999-06,2026-09-16,Resin supplier data sheet,cited,https://www.materialdatacenter.com/mb/file/show/52/0/Chemical%20resistance_Hytrel.pdf,p. 3: Resistance to various classes of fluids; p. 4-6: Table I Chemical resistance guide (ratings A/B/C/T/X at 23 °C unless stated),"Polymer-level environmental behaviour of TPC (polymer_environment.csv); Hytrel 40D, 55D and 72D grades",Retrieved,6840548a30f84764942d0272157623839d4a9f7918ff084664252c75069a0d57
R-DUPONT-HYTREL-MODULE-V,DuPont Engineering Polymers (document mirrored by Total Resin),Hytrel engineering thermoplastic elastomer Design Guide—Module V,"H-57474 (95.1), 201714C",Not published,2026-09-16,Resin supplier data sheet,cited,http://www.totalresin.com/product/product/Hytrel_design_guide.pdf,PDF p. 42: Hytrel 20UV (UV protection recommendation),Polymer-level environmental behaviour of TPC (polymer_environment.csv); Hytrel resins,Retrieved,96bc3b4a8356325d923008e9410b5425e5eae70c522c01b0b139f62417c26ec2
R-SOLVAY-AMODEL-PPA-OVERVIEW,Solvay Specialty Polymers,Amodel PPA polyphthalamide,D 10/2010 | R 02/2014 | Version 4.2,2014-02,2026-09-16,Resin supplier data sheet,cited,https://www.solvay.com/sites/solvay_solvay/files/tridion/documents/Amodel-PPA-Overview_EN.pdf,"p. 7: Resistant to Fuels, Glycols and Harsh Chemicals; Chemical resistance table (Amodel AT-1002 HS vs POM and PA 6,6)",Polymer-level environmental behaviour of PPA (polymer_environment.csv); Amodel AT-1002 HS unfilled toughened heat-stabilised PPA,Retrieved,3ec52ec56085420ba638fabf7c84ee641b6669713c700aea1371effd41e5852e
R-TORAY-TORELINA-CHEM,"Toray Industries, Inc. (Toray Plastics)",Chemical Resistance of TORELINA,Not published,Not published,2026-09-16,Official manufacturer product page,cited,https://www.plastics.toray/technical/torelina/tec_022.html,"Section I.1 Chemical Resistance (General) and Table 8.1 (glass fibre reinforced PPS A504X90, strength retention after immersion); Table 8.2 (high-filler PPS A310MX04); Section 2 Acid Resistance","Polymer-level environmental behaviour of PPS (polymer_environment.csv); TORELINA PPS compounds A504X90, A310MX04, A575W20",Retrieved,45ea39d997ae912fc956b64fc7eaad6d82a0c46ea45896e53178f11fe15fa897
R-LYB-PP-CHEM,LyondellBasell Industries,tech.topic: Chemical Resistance of Polypropylene,7972 D/0715,2015-07,2026-09-16,Resin supplier data sheet,cited,https://www.lyondellbasell.com/link/89b9ff6eb5c541b6b90ade5020e644a0.aspx,"p. 1: Specific performance of polypropylene; p. 2: Table 1 General chemical resistance guide for polypropylene (21 °C and 49 °C; S, M, NR)",Polymer-level environmental behaviour of PP (polymer_environment.csv); polypropylene as a class,Retrieved,1aaef511ab7724efc0d2a60de614606f5cc9c523d330fc407dc1c0683458ddf4
R-INEOS-HDPE-CHEM,INEOS Olefins & Polymers USA,HDPE Chemical Resistance Guide,February 2012,2012-02,2026-09-16,Resin supplier data sheet,cited,https://www.ineos.com/globalassets/ineos-group/businesses/ineos-olefins-and-polymers-usa/products/technical-information--patents/ineos-hdpe-chemical-resistance-guide.pdf,p. 1-5: reagent table at 70 °F (21 °C) and 140 °F (60 °C); legend S / O / U,Polymer-level environmental behaviour of PE (polymer_environment.csv); high-density polyethylene as a class,Retrieved,f2482a132175b3ef424adf19186083f0fc41efb81e976bc0620b3d644a0d4202
R-ARKEMA-KYNAR-CHEM,Arkema Inc.,Polyvinylidene Fluoride Chemical Resistance Chart (Kynar),"ADV#202204-87, © 2023",2023,2026-09-16,Resin supplier data sheet,cited,https://page.arkema.com/rs/253-HSZ-754/images/kynar-pvdf-chemical-resistance-chart.pdf,"p. 2-11: chemical table (maximum use temperature for Kynar homopolymer, Kynar Flex 2850 and 2800; NR = not recommended); footnotes a-d on p. 2",Polymer-level environmental behaviour of PVDF (polymer_environment.csv); Kynar homopolymer and Kynar Flex 2850 / 2800 copolymers,Retrieved,42e47fc6b3294205e2994fcd0c51405e96e5c4367cae3e5e23927c4bf2aaa47e
R-ARKEMA-PEBAX-CHEM,Arkema,Pebax – Chemical Resistance,"202305-017, © 2023",2023,2026-09-16,Resin supplier data sheet,cited,https://hpp.arkema.com/files/live/sites/shared_arkema/files/downloads/HPP/product-brochures/Pebax%20Chem%20Res.pdf,"p. 1: Resistance to solvents table (grades 7233 to 2533; A little or no effect, B moderate effect, C severe effect)","Polymer-level environmental behaviour of PEBA (polymer_environment.csv); Pebax 7233, 7033, 6333, 5533, 4533, 4033, 3533, 2533",Retrieved,de8aacf7d5c9aa141d2d7dd0657d627403a8edfcc89b400885c4b7bf961fae79
R-DOW-ELASTOMERS-CHEM,The Dow Chemical Company (document hosted by Formerra),"Chemical Resistance Guide: ENGAGE Polyolefin Elastomers, INFUSE Olefin Block Copolymers and VERSIFY Plastomers and Elastomers","Form No. 777-01501-0713X, July 2013",2013-07,2026-09-16,Resin supplier data sheet,cited,https://www.formerra.com/sites/default/files/2021-07/0901b803808e059f.pdf,"p. 2: Interpretation of chemical resistance tables and trends; p. 3: Table 1 (colour-coded ratings, not transcribed)",Polymer-level environmental behaviour of OBC (polymer_environment.csv); INFUSE 9107 and 9100 among the tested grades,Retrieved,2524506e0da13bd3463b4350aeffc8603b2402fca4ec186da859ad28b392c3dd
R-KURARAY-POVAL-TDS,Kuraray Europe GmbH,"KURARAY POVAL, EXCEVAL, ELVANOL Technical Data Sheet",2026/07/15,2026-07-15,2026-09-16,Resin supplier data sheet,cited,https://www.kuraray-poval.com/fileadmin/user_upload/KURARAY_POVAL/technical_information/grades_by_region/grades_poval/TDS-KURARAY_POVAL_TM_-EXCEVAL_TM_-ELVANOL_TM-ENGLISH.pdf,p. 7: Properties; p. 10: barrier properties (insolubility in organic solvents); p. 11: Storage,Polymer-level environmental behaviour of PVA (polymer_environment.csv); KURARAY POVAL polyvinyl alcohol grades,Retrieved,b88fcd9a2d6d13dbedd700f8a742cdf12438a3442b4ab4099dc51b9758503ba6
R-KURARAY-MOWITAL-B-TDS,Kuraray Europe GmbH,Mowital B Technical Data Sheet,"Version 4.0, date of revision 23.07.2024",2024-07-23,2026-09-16,Resin supplier data sheet,cited,https://www.kuraray.com/content/dam/kuraray/jp/ja/products/mowital/TDS_Mowital_B-EN_0724_3.pdf,p. 2: Characteristics; p. 3: Preparation of solutions,Polymer-level environmental behaviour of PVB (polymer_environment.csv); Mowital B polyvinyl butyral grades,Retrieved,c0d2c07de00e341e5af72611f9f7248825c875da52ca468f136f8942d19acee9
R-KURARAY-MOWIFLEX-3D2000-TDS,Kuraray Europe GmbH (document mirrored by WASP),MOWIFLEX 3D 2000 filament Technical data sheet,"© 2020 Kuraray Europe GmbH, 2020-01-22",2020-01-22,2026-09-16,Resin supplier data sheet,cited,https://www.3dwasp.shop/wp-content/uploads/2020/03/TDS_MOWIFLEX-3D-2000-filament.pdf,"p. 1: Characteristics, 3D printer settings; p. 2: Handling and storage, Dissolving",Polymer-level environmental behaviour of PVA (polymer_environment.csv); MOWIFLEX 3D 2000 polyvinyl alcohol support filament,Retrieved,2a000d836cebfebbcedd6482b6744a98ef10b3f987462b3b6aa5490443892c28
R-MITSUBISHI-GPOLYMER-PAGE,Mitsubishi Chemical America,Nichigo G-Polymer (Vinyl Alcohol Copolymer),Not published,Not published,2026-09-16,Official manufacturer product page,cited,https://us.mitsubishi-chemical.com/product/nichigo-g-polymer/,Overview paragraph,Polymer-level environmental behaviour of BVOH (polymer_environment.csv); Nichigo G-Polymer butenediol vinyl alcohol copolymer,Retrieved,cb022c8b3a4f3bb11fcbe267d20f79d87728c56c8657800354f74d2c705b2693
