Value,Meaning
Charpy strength,
Coefficient of thermal expansion,
Compression strength,
Continuous service temperature,
Crystallization temperature,
Density,
Elongation at break,
Elongation at yield,
Fatigue life,
Flexural elongation at break,
Flexural modulus,
Flexural strength,
Flexural stress at conventional deflection,
Glass transition temperature,
Hardness,
HDT,
Impact strength,
Interlayer adhesion strength,
Izod impact strength,
Izod strength,
Melt mass-flow rate,
Melt volume-flow rate,
Melting temperature,
Moisture content,
Tensile break strength,
Tensile modulus,
Tensile strain at strength,
Tensile strength (endpoint unspecified),
Tensile yield strength,
Thermal conductivity,
Vicat softening temperature,
Water absorption,
