Priority,MaterialID,Material,H2C status,GradeID,Manufacturer,Product,Representative,Composition / filler today,Certification claims today,TDS source,TDS URL,Where the publisher keeps documents
1 - its composition is recorded as a conflict,M019,PLA-GF,Officially listed family,G019-02,iSANMATE,PLA Glass Fiber,no,"Conflict: GF heading, CF description",Not published,I-PLA-Glass-Fiber-Technical-Data-Sheet,https://www.isanmate.com/wp-content/uploads/2025/08/PLA-Glass-Fiber-Technical-Data-Sheet.pdf,www.isanmate.com/wp-content/uploads/<yyyy>/<mm>/<Product>.pdf - the host is robots-disallowed to fetch tools; open it in a browser and keep the file
2 - a declared variant whose filler is undisclosed; the estimate model gives it its own covariate,M049,PA6,Theoretical,G049-01,Spectrum,pa6 neat bk,yes,"Not published by the manufacturer. Its 1.25 g/cm³ and 3.4 GPa exceed neat PA6 (1.13-1.15 g/cm³, 2.5-3 GPa dry), so the formulation contains a filler (audit 2026-09-15, B-11).",Not published,S-SPECTRUM-en-tds-spectrum-pa6-neat-bk,https://spectrumfilaments.com/wp-content/uploads/2022/05/en_tds_spectrum_pa6_neat_bk.pdf,spectrumfilaments.com/wp-content/uploads/<yyyy>/<mm>/en_tds_spectrum_<product>.pdf - an en_sds_ sibling is the obvious place to look
2 - a declared variant whose filler is undisclosed; the estimate model gives it its own covariate,M085,PE,Conditional,G085-01,Spectrum,hdpe,no,"Not published by the manufacturer (""Low Warp technology""). Its 1.1 g/cm³ exceeds fully crystalline polyethylene (about 1.00 g/cm³) and its 3.5 GPa modulus is about three times neat HDPE's, so the formulation contains a dense filler.",Not published,S-SPECTRUM-en-tds-spectrum-hdpe,https://spectrumfilaments.com/wp-content/uploads/2025/11/en_tds_spectrum_hdpe.pdf,spectrumfilaments.com/wp-content/uploads/<yyyy>/<mm>/en_tds_spectrum_<product>.pdf - an en_sds_ sibling is the obvious place to look
2 - a declared variant whose filler is undisclosed; the estimate model gives it its own covariate,M103,PP Lightweight,Theoretical,G103-01,3DXTECH,Hyperlite PP,yes,"Specialty additive for ultra low density; the manufacturer states 0.75 g/cc (""HyperLite PP HGB1"", R-TRINITY3DS-HYPERLITE-PP). A lightweight variant, not unfilled PP.",Not published,X-Hyperlite-PP-TDS-v1,https://cdn.shopify.com/s/files/1/0625/4185/6821/files/Hyperlite_PP_TDS_v1.pdf?v=1723942768,cdn.shopify.com/s/files/1/0625/4185/6821/files/<PRODUCT>_TDS_v#.pdf - an SDS sibling is linked from www.3dxtech.com/products/<slug>
"3 - representative grade of a material printable today, composition undisclosed",M001,PLA,Officially listed family,G001-01,3DXTECH,ECOMAX PLA,yes,Not published,Not published,X-ECOMAX-PLA-TDS-v3,https://cdn.shopify.com/s/files/1/0625/4185/6821/files/ECOMAX_PLA_TDS_v3.pdf?v=1723942765,cdn.shopify.com/s/files/1/0625/4185/6821/files/<PRODUCT>_TDS_v#.pdf - an SDS sibling is linked from www.3dxtech.com/products/<slug>
"3 - representative grade of a material printable today, composition undisclosed",M019,PLA-GF,Officially listed family,G019-01,Polymaker,Polymaker HT PLA GF,yes,Not published,Not published,S-POLYCN-Polymaker-HT-PLA-GF-TDS-EN-V1-1,https://cdn.polymaker.com.cn/wp-content/uploads/lana-downloads/Polymaker-HT-PLA-GF_TDS_EN_V1.1.pdf,cdn.polymaker.com.cn/wp-content/uploads/lana-downloads/<Product>_TDS_V#.pdf - the documents tree of wiki.polymaker.com is the index
"3 - representative grade of a material printable today, composition undisclosed",M020,PETG,Officially listed family,G020-01,3DXTECH,3DXPRO LG PETG,yes,Not published,Not published,X-3DXPRO-LG-PETG-TDS-v3,https://cdn.shopify.com/s/files/1/0625/4185/6821/files/3DXPRO_LG_PETG_TDS_v3.pdf?v=1723942764,cdn.shopify.com/s/files/1/0625/4185/6821/files/<PRODUCT>_TDS_v#.pdf - an SDS sibling is linked from www.3dxtech.com/products/<slug>
"3 - representative grade of a material printable today, composition undisclosed",M029,ABS-CF,Officially listed family,G029-01,3DXTECH,CarbonX CF ABS,yes,Not published,Not published,X-CarbonX-CF-ABS-TDS-v3,https://cdn.shopify.com/s/files/1/0625/4185/6821/files/CarbonX_CF_ABS_TDS_v3.pdf?v=1723942765,cdn.shopify.com/s/files/1/0625/4185/6821/files/<PRODUCT>_TDS_v#.pdf - an SDS sibling is linked from www.3dxtech.com/products/<slug>
"3 - representative grade of a material printable today, composition undisclosed",M037,PC-CF,Officially listed family,G037-01,3DXTECH,CarbonX CF PC,yes,Not published,Not published,X-CarbonX-CF-PC-TDSv3,https://cdn.shopify.com/s/files/1/0625/4185/6821/files/CarbonX_CF_PC_TDSv3.pdf?v=1723942764,cdn.shopify.com/s/files/1/0625/4185/6821/files/<PRODUCT>_TDS_v#.pdf - an SDS sibling is linked from www.3dxtech.com/products/<slug>
"3 - representative grade of a material printable today, composition undisclosed",M039,TPU,Officially listed family,G039-01,Polymaker,PolyFlex TPU95,yes,Not published,Not published,S-POLYCN-PolyFlex-TPU95-TDS-V5-1,https://cdn.polymaker.com.cn/wp-content/uploads/lana-downloads/PolyFlex_TPU95_TDS_V5.1.pdf,cdn.polymaker.com.cn/wp-content/uploads/lana-downloads/<Product>_TDS_V#.pdf - the documents tree of wiki.polymaker.com is the index
"3 - representative grade of a material printable today, composition undisclosed",M066,PET,Officially listed family,G066-01,FormFutura,High Precision PET,yes,Not published,Not published,S-PET-TDS,https://www.formfutura.com/web/content/256571?download=true,www.formfutura.com/web/content/<opaque id>?download=true - not constructible; take the link from the product page
"3 - representative grade of a material printable today, composition undisclosed",M071,PPA-GF,Officially listed family,G071-01,IPCON,PPA-GF,yes,Not published,Not published,D-IPCON-PPA,https://www.ipconpolymer.com/wp-content/uploads/2026/03/IPCON-PPA-GF_TDS-Technical-Data-Sheet.pdf,not recorded; start from the product page
"3 - representative grade of a material printable today, composition undisclosed",M072,PPS,Officially listed family,G072-01,3DXTECH,THERMAX PPS,yes,Not published,Not published,X-THERMAX-PPS-TDS-v3,https://cdn.shopify.com/s/files/1/0625/4185/6821/files/THERMAX_PPS_TDS_v3.pdf?v=1723942766,cdn.shopify.com/s/files/1/0625/4185/6821/files/<PRODUCT>_TDS_v#.pdf - an SDS sibling is linked from www.3dxtech.com/products/<slug>
"3 - representative grade of a material printable today, composition undisclosed",M074,PPS-GF,Officially listed family,G074-01,IPCON,PPS-GF,yes,Not published,Not published,S-PPSGF-TDS-0,https://www.ipconpolymer.com/wp-content/uploads/2026/05/IPCON-PPS-GF_TDS-Technical-Data-Sheet-_V2.0.pdf,not recorded; start from the product page
"3 - representative grade of a material printable today, composition undisclosed",M076,BVOH,Officially listed family,G076-01,BigRep,BVOH,yes,Not published,Not published,S-BVOH,https://bigrep.com/wp-content/uploads/2023/06/TDS-BigRep-BVOH-web.pdf,not recorded; start from the product page
"4 - printable today, composition undisclosed",M001,PLA,Officially listed family,G001-02,Polymaker,PolySonic PLA EN V5 3,no,Not published,Not published,S-POLYCN-PolySonic-PLA-EN-V5-3-TDS,https://cdn.polymaker.com.cn/wp-content/uploads/lana-downloads/PolySonic-PLA-EN_V5.3-TDS.pdf,cdn.polymaker.com.cn/wp-content/uploads/lana-downloads/<Product>_TDS_V#.pdf - the documents tree of wiki.polymaker.com is the index
"4 - printable today, composition undisclosed",M001,PLA,Officially listed family,G001-03,iSANMATE,PLA,no,Not published,Not published,I-PLA-TDS,https://www.isanmate.com/wp-content/uploads/2022/09/PLA_TDS.pdf,www.isanmate.com/wp-content/uploads/<yyyy>/<mm>/<Product>.pdf - the host is robots-disallowed to fetch tools; open it in a browser and keep the file
"4 - printable today, composition undisclosed",M020,PETG,Officially listed family,G020-02,Polymaker,PolyLite PETG,no,Not published,Not published,S-POLYCN-PolyLite-PETG-TDS-V5-3,https://cdn.polymaker.com.cn/wp-content/uploads/lana-downloads/PolyLite_PETG_TDS_V5.3.pdf,cdn.polymaker.com.cn/wp-content/uploads/lana-downloads/<Product>_TDS_V#.pdf - the documents tree of wiki.polymaker.com is the index
"4 - printable today, composition undisclosed",M020,PETG,Officially listed family,G020-03,iSANMATE,PETG,no,Not published,Not published,I-PETG-TDS,https://www.isanmate.com/wp-content/uploads/2025/08/PETG_TDS.pdf,www.isanmate.com/wp-content/uploads/<yyyy>/<mm>/<Product>.pdf - the host is robots-disallowed to fetch tools; open it in a browser and keep the file
"4 - printable today, composition undisclosed",M025,PETG-GF,Officially listed family,G025-01,iSANMATE,PETG Glass Fiber,no,Not published,Not published,I-PETG-Glass-Fiber-Technical-Data-Sheet,https://www.isanmate.com/wp-content/uploads/2025/08/PETG-Glass-Fiber-Technical-Data-Sheet.pdf,www.isanmate.com/wp-content/uploads/<yyyy>/<mm>/<Product>.pdf - the host is robots-disallowed to fetch tools; open it in a browser and keep the file
"4 - printable today, composition undisclosed",M029,ABS-CF,Officially listed family,G029-02,iSANMATE,CF ABS,no,Not published,Not published,I-CF-ABS-TDS,https://www.isanmate.com/wp-content/uploads/2022/09/CF-ABS_TDS.pdf,www.isanmate.com/wp-content/uploads/<yyyy>/<mm>/<Product>.pdf - the host is robots-disallowed to fetch tools; open it in a browser and keep the file
"4 - printable today, composition undisclosed",M034,ASA-GF,Officially listed family,G034-01,Spectrum,asax x gf10,no,Not published,Not published,S-SPECTRUM-en-tds-spectrum-asax-x-gf10,https://spectrumfilaments.com/wp-content/uploads/2023/11/en_tds_spectrum_asax_x_gf10.pdf,spectrumfilaments.com/wp-content/uploads/<yyyy>/<mm>/en_tds_spectrum_<product>.pdf - an en_sds_ sibling is the obvious place to look
"4 - printable today, composition undisclosed",M034,ASA-GF,Officially listed family,G034-02,iSANMATE,ASA Glass Fiber,no,Not published,Not published,I-ASA-Glass-Fiber-Technical-Data-Sheet,https://www.isanmate.com/wp-content/uploads/2025/08/ASA-Glass-Fiber-Technical-Data-Sheet.pdf,www.isanmate.com/wp-content/uploads/<yyyy>/<mm>/<Product>.pdf - the host is robots-disallowed to fetch tools; open it in a browser and keep the file
"4 - printable today, composition undisclosed",M037,PC-CF,Officially listed family,G037-02,Spectrum,pc cf,no,Not published,Not published,S-SPECTRUM-en-tds-spectrum-pc-cf,https://spectrumfilaments.com/wp-content/uploads/2024/11/en_tds_spectrum_pc_cf.pdf,spectrumfilaments.com/wp-content/uploads/<yyyy>/<mm>/en_tds_spectrum_<product>.pdf - an en_sds_ sibling is the obvious place to look
"4 - printable today, composition undisclosed",M037,PC-CF,Officially listed family,G037-03,iSANMATE,PC CF,no,Not published,Not published,I-PC-CF-TDS,https://www.isanmate.com/wp-content/uploads/2024/09/PC-CF_TDS.pdf,www.isanmate.com/wp-content/uploads/<yyyy>/<mm>/<Product>.pdf - the host is robots-disallowed to fetch tools; open it in a browser and keep the file
"4 - printable today, composition undisclosed",M038,PC-GF,Officially listed family,G038-01,SIDDAMENT,V2 PC-GF,no,Not published,Not published,S-PCGF-TDS-1,https://cdn.shopify.com/s/files/1/0685/9168/1815/files/SIDDAMENT_V2_PC-GF_TDS.pdf?v=1779204053,not recorded; start from the product page
"4 - printable today, composition undisclosed",M039,TPU,Officially listed family,G039-02,iSANMATE,TPU,no,Not published,Not published,I-TPU-TDS,https://www.isanmate.com/wp-content/uploads/2022/09/TPU_TDS.pdf,www.isanmate.com/wp-content/uploads/<yyyy>/<mm>/<Product>.pdf - the host is robots-disallowed to fetch tools; open it in a browser and keep the file
"4 - printable today, composition undisclosed",M039,TPU,Officially listed family,G039-03,Polymaker,PolyFlex TPU90,no,Not published,Not published,S-POLYCN-PolyFlex-TPU90-TDS-V5-1,https://cdn.polymaker.com.cn/wp-content/uploads/lana-downloads/PolyFlex_TPU90_TDS_V5.1.pdf,cdn.polymaker.com.cn/wp-content/uploads/lana-downloads/<Product>_TDS_V#.pdf - the documents tree of wiki.polymaker.com is the index
"4 - printable today, composition undisclosed",M050,PA6-CF,Official Bambu product,G050-02,iSANMATE,PA6 CF,no,Not published,Not published,I-PA6-CF-TDS,https://www.isanmate.com/wp-content/uploads/2024/09/PA6-CF_TDS.pdf,www.isanmate.com/wp-content/uploads/<yyyy>/<mm>/<Product>.pdf - the host is robots-disallowed to fetch tools; open it in a browser and keep the file
"4 - printable today, composition undisclosed",M051,PA6-GF,Official Bambu product,G051-02,3DXTECH,AMIDEX Nylon GF30,no,Not published,Not published,X-AMIDEX-Nylon-GF30-TDS-v1,https://cdn.shopify.com/s/files/1/0625/4185/6821/files/AMIDEX_Nylon_GF30_TDS_v1.pdf?v=1723942764,cdn.shopify.com/s/files/1/0625/4185/6821/files/<PRODUCT>_TDS_v#.pdf - an SDS sibling is linked from www.3dxtech.com/products/<slug>
"4 - printable today, composition undisclosed",M051,PA6-GF,Official Bambu product,G051-03,Polymaker,PolyMide PA6 GF,no,Not published,Not published,S-POLYCN-PolyMide-PA6-GF-TDS-V5-1,https://cdn.polymaker.com.cn/wp-content/uploads/lana-downloads/PolyMide_PA6_GF_TDS_V5.1.pdf,cdn.polymaker.com.cn/wp-content/uploads/lana-downloads/<Product>_TDS_V#.pdf - the documents tree of wiki.polymaker.com is the index
"4 - printable today, composition undisclosed",M072,PPS,Officially listed family,G072-02,Spectrum,pps am230,no,Not published,Not published,S-SPECTRUM-en-tds-spectrum-pps-am230,https://spectrumfilaments.com/wp-content/uploads/2022/10/en_tds_spectrum_pps_am230.pdf,spectrumfilaments.com/wp-content/uploads/<yyyy>/<mm>/en_tds_spectrum_<product>.pdf - an en_sds_ sibling is the obvious place to look
"4 - printable today, composition undisclosed",M074,PPS-GF,Officially listed family,G074-02,Polymaker,Fiberon PPS-GF20,no,Not published,Not published,S-FIBER-PPSGF-TDS-2,https://cdn.shopify.com/s/files/1/0548/7299/7945/files/TDS_FIBERON_PPS-GF20_V1.1.pdf?v=1752777698,cdn.polymaker.com.cn/wp-content/uploads/lana-downloads/<Product>_TDS_V#.pdf - the documents tree of wiki.polymaker.com is the index
5 - composition undisclosed,M004,PLA Lite,Theoretical,G004-01,eSUN,PLA-Lite,yes,Not published,Not published,R-ESUN-PLA-LITE-PAGE,https://www.esun3d.com/epla-lite-product,www.esun3d.com/media/esun/catalog/certification/product/<Product>/... - the folder is already called certification
5 - composition undisclosed,M008,PLA Silk,Theoretical,G008-01,Polymaker,Panchroma Silk PLA,yes,Not published,Not published,R-POLYMAKER-PANCHROMA-TDS-V2-1,https://polymaker.com/wp-content/uploads/Panchroma_TDS_V2.1.pdf,cdn.polymaker.com.cn/wp-content/uploads/lana-downloads/<Product>_TDS_V#.pdf - the documents tree of wiki.polymaker.com is the index
5 - composition undisclosed,M026,PETG-ESD,Theoretical,G026-01,3DXTECH,3DXSTAT ESD PETG,yes,Not published,Not published,X-3DXSTAT-ESD-PETG-TDS-v03,https://cdn.shopify.com/s/files/1/0625/4185/6821/files/3DXSTAT_ESD-PETG-TDS-v03.pdf?v=1723942764,cdn.shopify.com/s/files/1/0625/4185/6821/files/<PRODUCT>_TDS_v#.pdf - an SDS sibling is linked from www.3dxtech.com/products/<slug>
5 - composition undisclosed,M026,PETG-ESD,Theoretical,G026-02,Polymaker,PolyMax PETG ESD,no,Not published,Not published,S-POLYCN-PolyMax-PETG-ESD-TDS-V5-3,https://cdn.polymaker.com.cn/wp-content/uploads/lana-downloads/PolyMax_PETG-ESD_TDS_V5.3.pdf,cdn.polymaker.com.cn/wp-content/uploads/lana-downloads/<Product>_TDS_V#.pdf - the documents tree of wiki.polymaker.com is the index
5 - composition undisclosed,M026,PETG-ESD,Theoretical,G026-03,Spectrum,petg esd,no,Not published,Not published,S-SPECTRUM-en-tds-spectrum-petg-esd,https://spectrumfilaments.com/wp-content/uploads/2025/11/en_tds_spectrum_petg_esd.pdf,spectrumfilaments.com/wp-content/uploads/<yyyy>/<mm>/en_tds_spectrum_<product>.pdf - an en_sds_ sibling is the obvious place to look
5 - composition undisclosed,M030,ABS-ESD,Theoretical,G030-01,3DXTECH,3DXSTAT ESD ABS,yes,Not published,Not published,X-3DXSTAT-ESD-ABS-TDS-v3,https://cdn.shopify.com/s/files/1/0625/4185/6821/files/3DXSTAT_ESD_ABS_TDS_v3.pdf?v=1723942764,cdn.shopify.com/s/files/1/0625/4185/6821/files/<PRODUCT>_TDS_v#.pdf - an SDS sibling is linked from www.3dxtech.com/products/<slug>
5 - composition undisclosed,M030,ABS-ESD,Theoretical,G030-02,iSANMATE,ESD ABS,no,Not published,Not published,I-ESD-ABS-TDS,https://www.isanmate.com/wp-content/uploads/2024/09/ESD-ABS_TDS.pdf,www.isanmate.com/wp-content/uploads/<yyyy>/<mm>/<Product>.pdf - the host is robots-disallowed to fetch tools; open it in a browser and keep the file
5 - composition undisclosed,M045,PEBA,Theoretical,G045-01,eSUN,PEBA90A,yes,Not published,Not published,S-PEBA-PEBA90A-TDS-en,https://www.esun3d.com/media/esun/catalog/certification/product/PEBA-90A/PEBA90A-TDS-en.pdf,www.esun3d.com/media/esun/catalog/certification/product/<Product>/... - the folder is already called certification
5 - composition undisclosed,M045,PEBA,Theoretical,G045-02,Spectrum,peba,no,Not published,Not published,S-SPECTRUM-en-tds-spectrum-peba,https://spectrumfilaments.com/wp-content/uploads/2025/11/en_tds_spectrum_peba.pdf,spectrumfilaments.com/wp-content/uploads/<yyyy>/<mm>/en_tds_spectrum_<product>.pdf - an en_sds_ sibling is the obvious place to look
5 - composition undisclosed,M046,TPC / TPEE,Theoretical,G046-01,BASF Forward AM,Ultrafuse TPC 45D,yes,Not published,Not published,S-TPC,https://move.forward-am.com/hubfs/AES%20Documentation/Flexible%20Filaments/TPC%2045D/TDS/Ultrafuse_TPC_45D_TDS_EN_v2.3.pdf,move.forward-am.com/hubfs/AES Documentation/<Category>/<Product>/TDS/... - look for an /SDS/ sibling folder
5 - composition undisclosed,M052,PA12,Theoretical,G052-01,3DXTECH,AMIDEX Nylon 12,yes,Not published,Not published,S-PA12,https://www.3dxtech.com/products/amidex%E2%84%A2-nylon-12,cdn.shopify.com/s/files/1/0625/4185/6821/files/<PRODUCT>_TDS_v#.pdf - an SDS sibling is linked from www.3dxtech.com/products/<slug>
5 - composition undisclosed,M053,PA12-CF,Theoretical,G053-01,3DXTECH,CarbonX CF PA12,yes,Not published,Not published,X-CarbonX-CF-PA12-TDS-v1,https://cdn.shopify.com/s/files/1/0625/4185/6821/files/CarbonX_CF_PA12_TDS_v1.pdf?v=1723942768,cdn.shopify.com/s/files/1/0625/4185/6821/files/<PRODUCT>_TDS_v#.pdf - an SDS sibling is linked from www.3dxtech.com/products/<slug>
5 - composition undisclosed,M053,PA12-CF,Theoretical,G053-02,Polymaker,PolyMide PA12 CF,no,Not published,Not published,S-POLYCN-PolyMide-PA12-CF-TDS-V5-1-1,https://cdn.polymaker.com.cn/wp-content/uploads/lana-downloads/PolyMide_PA12_CF_TDS_V5.1.1.pdf,cdn.polymaker.com.cn/wp-content/uploads/lana-downloads/<Product>_TDS_V#.pdf - the documents tree of wiki.polymaker.com is the index
5 - composition undisclosed,M053,PA12-CF,Theoretical,G053-03,Spectrum,pa12 cf15,no,Not published,Not published,S-SPECTRUM-en-tds-spectrum-pa12-cf15,https://spectrumfilaments.com/wp-content/uploads/2024/11/en_tds_spectrum_pa12_cf15.pdf,spectrumfilaments.com/wp-content/uploads/<yyyy>/<mm>/en_tds_spectrum_<product>.pdf - an en_sds_ sibling is the obvious place to look
5 - composition undisclosed,M054,PA12-GF,Theoretical,G054-01,3DXTECH,FIBREX PA12 GF30,yes,Not published,Not published,X-FIBREX-PA12-GF30-TDS-v1-0,https://cdn.shopify.com/s/files/1/0625/4185/6821/files/FIBREX_PA12_GF30_TDS_v1.0.pdf?v=1723942768,cdn.shopify.com/s/files/1/0625/4185/6821/files/<PRODUCT>_TDS_v#.pdf - an SDS sibling is linked from www.3dxtech.com/products/<slug>
5 - composition undisclosed,M057,PA6/66,Theoretical,G057-01,Polymaker,PolyMide CoPA,yes,Not published,Not published,S-POLYCN-PolyMide-CoPA-TDS-V5-2,https://cdn.polymaker.com.cn/wp-content/uploads/lana-downloads/PolyMide_CoPA_TDS_V5.2.pdf,cdn.polymaker.com.cn/wp-content/uploads/lana-downloads/<Product>_TDS_V#.pdf - the documents tree of wiki.polymaker.com is the index
5 - composition undisclosed,M057,PA6/66,Theoretical,G057-02,3DXTECH,AMIDEX PA6 Copolymer v1 0,no,Not published,Not published,X-AMIDEX-PA6-Copolymer-v1-0,https://cdn.shopify.com/s/files/1/0625/4185/6821/files/AMIDEX_PA6_Copolymer_v1.0.pdf?v=1723942767,cdn.shopify.com/s/files/1/0625/4185/6821/files/<PRODUCT>_TDS_v#.pdf - an SDS sibling is linked from www.3dxtech.com/products/<slug>
5 - composition undisclosed,M059,PA612-CF,Theoretical,G059-01,Polymaker,Fiberon PA612-CF15,yes,Not published,Not published,S-FIBER-PA612,https://fiberon.polymaker.com/wp-content/uploads/TDS_FIBERON-PA612-CF15_V1.1_EN.pdf,cdn.polymaker.com.cn/wp-content/uploads/lana-downloads/<Product>_TDS_V#.pdf - the documents tree of wiki.polymaker.com is the index
5 - composition undisclosed,M064,PA-ESD,Theoretical,G064-01,3DXTECH,3DXSTAT ESD PA12,yes,Not published,Not published,X-3DXSTAT-ESD-PA12-TDS-v1,https://cdn.shopify.com/s/files/1/0625/4185/6821/files/3DXSTAT_ESD_PA12_TDS_v1.pdf?v=1723942768,cdn.shopify.com/s/files/1/0625/4185/6821/files/<PRODUCT>_TDS_v#.pdf - an SDS sibling is linked from www.3dxtech.com/products/<slug>
5 - composition undisclosed,M065,PA612-ESD,Theoretical,G065-01,Polymaker,TDS FIBERON PA612 ESD V1 0 EN 1,yes,Not published,Not published,S-POLYCN-TDS-FIBERON-PA612-ESD-V1-0-EN-1,https://cdn.polymaker.com.cn/wp-content/uploads/lana-downloads/TDS_FIBERON-PA612-ESD_V1.0_EN-1.pdf,cdn.polymaker.com.cn/wp-content/uploads/lana-downloads/<Product>_TDS_V#.pdf - the documents tree of wiki.polymaker.com is the index
5 - composition undisclosed,M069,PPA,Conditional,G069-01,IPCON,PPA Pure Resin,yes,Not published,Not published,S-PPA-TDS,https://www.ipconpolymer.com/wp-content/uploads/2025/11/IPCON-PPA_TDS-Technical-Data-Sheet.pdf,not recorded; start from the product page
5 - composition undisclosed,M081,HIPS,Theoretical,G081-01,3DXTECH,3DXMAX HIPS,yes,Not published,Not published,X-3DXMAX-HIPS-TDS-v3,https://cdn.shopify.com/s/files/1/0625/4185/6821/files/3DXMAX_HIPS_TDS_v3.pdf?v=1723942764,cdn.shopify.com/s/files/1/0625/4185/6821/files/<PRODUCT>_TDS_v#.pdf - an SDS sibling is linked from www.3dxtech.com/products/<slug>
5 - composition undisclosed,M081,HIPS,Theoretical,G081-02,Spectrum,hipsx,no,Not published,Not published,S-SPECTRUM-en-tds-spectrum-hipsx,https://spectrumfilaments.com/wp-content/uploads/2022/05/en_tds_spectrum_hipsx.pdf,spectrumfilaments.com/wp-content/uploads/<yyyy>/<mm>/en_tds_spectrum_<product>.pdf - an en_sds_ sibling is the obvious place to look
5 - composition undisclosed,M082,PP,Theoretical,G082-02,iSANMATE,PP,yes,Not published,Not published,I-PP-TDS,https://www.isanmate.com/wp-content/uploads/2025/08/PP_TDS.pdf,www.isanmate.com/wp-content/uploads/<yyyy>/<mm>/<Product>.pdf - the host is robots-disallowed to fetch tools; open it in a browser and keep the file
5 - composition undisclosed,M083,PP-CF,Theoretical,G083-01,3DXTECH,CarbonX CF PP,yes,Not published,Not published,X-CarbonX-CF-PP-TDSv1,https://cdn.shopify.com/s/files/1/0625/4185/6821/files/CarbonX_CF_PP_TDSv1.pdf?v=1723942768,cdn.shopify.com/s/files/1/0625/4185/6821/files/<PRODUCT>_TDS_v#.pdf - an SDS sibling is linked from www.3dxtech.com/products/<slug>
5 - composition undisclosed,M084,PP-GF,Theoretical,G084-01,3DXTECH,FIBREX GF PP,yes,Not published,Not published,X-FIBREX-GF-PP-TDS-v1,https://cdn.shopify.com/s/files/1/0625/4185/6821/files/FIBREX_GF_PP_TDS_v1.pdf?v=1723942768,cdn.shopify.com/s/files/1/0625/4185/6821/files/<PRODUCT>_TDS_v#.pdf - an SDS sibling is linked from www.3dxtech.com/products/<slug>
5 - composition undisclosed,M086,OBC,Theoretical,G086-01,Dow,EVOLV3D OBC,yes,Not published,Not published,X-EVOLV3D-OBC-TDS,https://cdn.shopify.com/s/files/1/0625/4185/6821/files/EVOLV3D_OBC-TDS.pdf?v=1723942766,not recorded; start from the product page
5 - composition undisclosed,M087,POM / Acetal,Conditional,G087-01,Fabru / purefil,purefil POM,no,Not published,Not published,S-POM,https://www.purefil.de/purefil-pom-filament_186_2176/,not recorded; start from the product page
5 - composition undisclosed,M088,PCTG,Theoretical,G088-01,3DXTECH,MAXG PCTG,yes,Not published,Not published,X-MAXG-PCTG-TDS-v1-0,https://cdn.shopify.com/s/files/1/0625/4185/6821/files/MAXG_PCTG_TDS_v1.0.pdf?v=1723942769,cdn.shopify.com/s/files/1/0625/4185/6821/files/<PRODUCT>_TDS_v#.pdf - an SDS sibling is linked from www.3dxtech.com/products/<slug>
5 - composition undisclosed,M088,PCTG,Theoretical,G088-02,Spectrum,pctg,no,Not published,Not published,S-SPECTRUM-en-tds-spectrum-pctg,https://spectrumfilaments.com/wp-content/uploads/2022/05/en_tds_spectrum_pctg.pdf,spectrumfilaments.com/wp-content/uploads/<yyyy>/<mm>/en_tds_spectrum_<product>.pdf - an en_sds_ sibling is the obvious place to look
5 - composition undisclosed,M089,CPE,Theoretical,G089-01,Fillamentum,CPE HG100,yes,Not published,Not published,S-FILLAMENTUM,https://fillamentum.com/collections/cpe-filament/,fillamentum.com/wp-content/uploads/<yyyy>/<mm>/TDS_<Product>.pdf
5 - composition undisclosed,M090,CPE-CF,Theoretical,G090-01,Fillamentum,CPE CF112 Carbon,yes,Not published,Not published,S-CPECF,https://fillamentum.com/wp-content/uploads/2020/10/TDS_CPE-CF112-Carbon.pdf,fillamentum.com/wp-content/uploads/<yyyy>/<mm>/TDS_<Product>.pdf
5 - composition undisclosed,M090,CPE-CF,Theoretical,G090-02,Spectrum,pctg cf10,no,Not published,Not published,S-SPECTRUM-en-tds-spectrum-pctg-cf10,https://spectrumfilaments.com/wp-content/uploads/2022/10/en_tds_spectrum_pctg_cf10.pdf,spectrumfilaments.com/wp-content/uploads/<yyyy>/<mm>/en_tds_spectrum_<product>.pdf - an en_sds_ sibling is the obvious place to look
5 - composition undisclosed,M092,nGen / Amphora,Theoretical,G092-01,colorFabb,nGen Amphora AM3300,yes,Not published,Not published,S-NGEN2,https://colorfabb.us/filaments/materials/co-polyester-filaments/ngen,not recorded; start from the product page
5 - composition undisclosed,M093,PVB,Theoretical,G093-01,Prusa Research,PVB Prusament,yes,Not published,Not published,S-PVB-PVB-Prusament-TDS-2021-10-EN,https://prusament.com/wp-content/uploads/2022/10/PVB_Prusament_TDS_2021_10_EN.pdf,help.prusa3d.com/article/<slug> and prusament.com/wp-content/uploads/<yyyy>/<mm>/<Product>_TDS_<date>_EN.pdf
5 - composition undisclosed,M094,PC-ABS,Theoretical,G094-01,3DXTECH,3DXMAX PCABS,yes,Not published,Not published,X-3DXMAX-PCABS-TDS-v3,https://cdn.shopify.com/s/files/1/0625/4185/6821/files/3DXMAX_PCABS_TDS_v3.pdf?v=1723942764,cdn.shopify.com/s/files/1/0625/4185/6821/files/<PRODUCT>_TDS_v#.pdf - an SDS sibling is linked from www.3dxtech.com/products/<slug>
5 - composition undisclosed,M094,PC-ABS,Theoretical,G094-02,Polymaker,Polymaker PC ABS,no,Not published,Not published,S-POLYCN-Polymaker-PC-ABS-TDS-V5-1,https://cdn.polymaker.com.cn/wp-content/uploads/lana-downloads/Polymaker_PC_ABS_TDS_V5.1.pdf,cdn.polymaker.com.cn/wp-content/uploads/lana-downloads/<Product>_TDS_V#.pdf - the documents tree of wiki.polymaker.com is the index
5 - composition undisclosed,M094,PC-ABS,Theoretical,G094-03,Spectrum,pc abs fr v0,no,Not published,Not published,S-SPECTRUM-en-tds-spectrum-pc-abs-fr-v0,https://spectrumfilaments.com/wp-content/uploads/2024/02/en_tds_spectrum_pc_abs_fr_v0.pdf,spectrumfilaments.com/wp-content/uploads/<yyyy>/<mm>/en_tds_spectrum_<product>.pdf - an en_sds_ sibling is the obvious place to look
5 - composition undisclosed,M095,PC-PBT,Theoretical,G095-01,Polymaker,Polymaker PC PBT,yes,Not published,Not published,S-POLYCN-Polymaker-PC-PBT-TDS-V5-1,https://cdn.polymaker.com.cn/wp-content/uploads/lana-downloads/Polymaker_PC_PBT_TDS_V5.1.pdf,cdn.polymaker.com.cn/wp-content/uploads/lana-downloads/<Product>_TDS_V#.pdf - the documents tree of wiki.polymaker.com is the index
5 - composition undisclosed,M096,PVDF,Conditional,G096-01,3DXTECH,FLUORX PVDF,yes,Not published,Not published,X-FLUORX-PVDF-TDS-v3,https://cdn.shopify.com/s/files/1/0625/4185/6821/files/FLUORX_PVDF_TDS_v3.pdf?v=1723942766,cdn.shopify.com/s/files/1/0625/4185/6821/files/<PRODUCT>_TDS_v#.pdf - an SDS sibling is linked from www.3dxtech.com/products/<slug>
5 - composition undisclosed,M097,PEEK,Excluded,G097-01,3DXTECH,Themax PEEK,yes,Not published,Not published,X-Themax-PEEK-TDS-v3,https://cdn.shopify.com/s/files/1/0625/4185/6821/files/Themax_PEEK_TDS_v3.pdf?v=1723942765,cdn.shopify.com/s/files/1/0625/4185/6821/files/<PRODUCT>_TDS_v#.pdf - an SDS sibling is linked from www.3dxtech.com/products/<slug>
5 - composition undisclosed,M097,PEEK,Excluded,G097-02,iSANMATE,PEEK,no,Not published,Not published,I-PEEK-TDS,https://www.isanmate.com/wp-content/uploads/2022/09/PEEK_TDS.pdf,www.isanmate.com/wp-content/uploads/<yyyy>/<mm>/<Product>.pdf - the host is robots-disallowed to fetch tools; open it in a browser and keep the file
5 - composition undisclosed,M098,PEKK,Excluded,G098-01,3DXTECH,Thermax PEKK A,yes,Not published,Not published,X-Thermax-PEKK-A-TDS-v2-1,https://cdn.shopify.com/s/files/1/0625/4185/6821/files/Thermax_PEKK-A_TDS_v2.1.pdf?v=1723942767,cdn.shopify.com/s/files/1/0625/4185/6821/files/<PRODUCT>_TDS_v#.pdf - an SDS sibling is linked from www.3dxtech.com/products/<slug>
5 - composition undisclosed,M098,PEKK,Excluded,G098-02,3DXTECH,Thermax PEKK C,no,Not published,Not published,X-Thermax-PEKK-C-TDS-v3-3,https://cdn.shopify.com/s/files/1/0625/4185/6821/files/Thermax_PEKK-C_TDS_v3.3.pdf?v=1723942768,cdn.shopify.com/s/files/1/0625/4185/6821/files/<PRODUCT>_TDS_v#.pdf - an SDS sibling is linked from www.3dxtech.com/products/<slug>
5 - composition undisclosed,M099,PEI / ULTEM,Excluded,G099-01,3DXTECH,THERMAX PEI 1010,yes,Not published,Not published,X-THERMAX-PEI-1010-TDS-v4,https://cdn.shopify.com/s/files/1/0625/4185/6821/files/THERMAX_PEI_1010_TDS_v4.pdf?v=1723942766,cdn.shopify.com/s/files/1/0625/4185/6821/files/<PRODUCT>_TDS_v#.pdf - an SDS sibling is linked from www.3dxtech.com/products/<slug>
5 - composition undisclosed,M099,PEI / ULTEM,Excluded,G099-02,iSANMATE,PEI 9085,no,Not published,Not published,I-PEI-9085-TDS,https://www.isanmate.com/wp-content/uploads/2022/09/PEI-9085_TDS.pdf,www.isanmate.com/wp-content/uploads/<yyyy>/<mm>/<Product>.pdf - the host is robots-disallowed to fetch tools; open it in a browser and keep the file
5 - composition undisclosed,M100,PSU,Excluded,G100-01,3DXTECH,THERMAX PSU,yes,Not published,Not published,X-THERMAX-PSU-TDS-v3,https://cdn.shopify.com/s/files/1/0625/4185/6821/files/THERMAX_PSU_TDS_v3.pdf?v=1723942766,cdn.shopify.com/s/files/1/0625/4185/6821/files/<PRODUCT>_TDS_v#.pdf - an SDS sibling is linked from www.3dxtech.com/products/<slug>
5 - composition undisclosed,M101,PESU / PES,Excluded,G101-01,3DXTECH,THERMAX PES,yes,Not published,Not published,S-PES-THERMAX-PES-TDS-v1-0,https://cdn.shopify.com/s/files/1/0625/4185/6821/files/THERMAX_PES_TDS_v1.0.pdf?v=1739974182,cdn.shopify.com/s/files/1/0625/4185/6821/files/<PRODUCT>_TDS_v#.pdf - an SDS sibling is linked from www.3dxtech.com/products/<slug>
5 - composition undisclosed,M102,PPSU,Excluded,G102-01,3DXTECH,THERMAX PPSU,yes,Not published,Not published,X-THERMAX-PPSU-TDS-v3,https://cdn.shopify.com/s/files/1/0625/4185/6821/files/THERMAX_PPSU_TDS_v3.pdf?v=1723942766,cdn.shopify.com/s/files/1/0625/4185/6821/files/<PRODUCT>_TDS_v#.pdf - an SDS sibling is linked from www.3dxtech.com/products/<slug>
5 - composition undisclosed,M102,PPSU,Excluded,G102-02,iSANMATE,PPSU,no,Not published,Not published,I-PPSU-TDS,https://www.isanmate.com/wp-content/uploads/2022/09/PPSU_TDS.pdf,www.isanmate.com/wp-content/uploads/<yyyy>/<mm>/<Product>.pdf - the host is robots-disallowed to fetch tools; open it in a browser and keep the file
6 - composition disclosed on the data sheet,M002,PLA Basic,Official Bambu product,G002-01,Bambu Lab,PLA Basic,yes,PLA,"Flammable — verify grade, thickness and certificate; not assembly certification",B-pla-basic-filament-TDS,https://store.bblcdn.com/s1/default/58b85d0f3db94878854a28fdb8a0006e/Bambu_PLA_Basic_Technical_Data_Sheet.pdf,store.bblcdn.com/<opaque hash>/<Name>.pdf - not constructible; take the SDS link from the product page at ca.store.bambulab.com/products/<slug>
6 - composition disclosed on the data sheet,M003,PLA Matte,Official Bambu product,G003-01,Bambu Lab,PLA Matte,yes,PLA,"Flammable — verify grade, thickness and certificate; not assembly certification",B-pla-matte-TDS,https://store.bblcdn.com/s7/default/5b061f2feeac4ba88f355a33248bbda7/Bambu_PLA_Matte_Technical_Data_Sheet.pdf,store.bblcdn.com/<opaque hash>/<Name>.pdf - not constructible; take the SDS link from the product page at ca.store.bambulab.com/products/<slug>
6 - composition disclosed on the data sheet,M005,PLA Basic Gradient,Official Bambu product,G005-01,Bambu Lab,PLA Basic Gradient,yes,PLA,"Flammable and self-extinguishing in the air — verify grade, thickness and certificate; not assembly certification",B-pla-basic-gradient-TDS,https://cdn.shopify.com/s/files/1/0584/7236/6216/files/Bambu_PLA_Basic_Gradient_Technical_Data_Sheet.pdf,store.bblcdn.com/<opaque hash>/<Name>.pdf - not constructible; take the SDS link from the product page at ca.store.bambulab.com/products/<slug>
6 - composition disclosed on the data sheet,M006,PLA Tough+,Official Bambu product,G006-01,Bambu Lab,PLA Tough+,yes,Polylactic acid,"Flammable — verify grade, thickness and certificate; not assembly certification",B-pla-tough-upgrade-TDS,https://store.bblcdn.com/s7/default/80a85371db2e40bda97069d283fed76c/BambuPLA_Tough_TechnicalData_Sheet_(2).pdf,store.bblcdn.com/<opaque hash>/<Name>.pdf - not constructible; take the SDS link from the product page at ca.store.bambulab.com/products/<slug>
6 - composition disclosed on the data sheet,M007,PLA Translucent,Official Bambu product,G007-01,Bambu Lab,PLA Translucent,yes,Polylactic acid,"Flammable — verify grade, thickness and certificate; not assembly certification",B-pla-translucent-TDS,https://store.bblcdn.com/s7/default/729a8bf233e9474db25c8d5be1e64a00/Bambu_PLA_Translucent_Technical_Data_Sheet.pdf,store.bblcdn.com/<opaque hash>/<Name>.pdf - not constructible; take the SDS link from the product page at ca.store.bambulab.com/products/<slug>
6 - composition disclosed on the data sheet,M008,PLA Silk,Theoretical,G008-02,eSUN,PLA-Silk,no,"Silk-effect PLA; ""modified based on PLA material"" (TDS)",Not published,S-ESUN-PLA-Silk-TDS-2025-06-19,https://www.esun3d.com/media/esun/catalog/certification/product/PLA-Silk/PLA-Silk_TDS_2025.06.19.pdf,www.esun3d.com/media/esun/catalog/certification/product/<Product>/... - the folder is already called certification
6 - composition disclosed on the data sheet,M009,PLA Silk+,Official Bambu product,G009-01,Bambu Lab,PLA Silk+,yes,Polylactic acid,"Flammable — verify grade, thickness and certificate; not assembly certification",B-pla-silk-upgrade-TDS,https://cdn.shopify.com/s/files/1/0584/7236/6216/files/Bambu_PLA_Silk__Technical_Data_Sheet.pdf?v=1733472353,store.bblcdn.com/<opaque hash>/<Name>.pdf - not constructible; take the SDS link from the product page at ca.store.bambulab.com/products/<slug>
6 - composition disclosed on the data sheet,M010,PLA Silk Dual Color,Official Bambu product,G010-01,Bambu Lab,PLA Silk Dual Color,yes,Polylactic acid,"Flammable — verify grade, thickness and certificate; not assembly certification",B-pla-silk-dual-color-TDS,https://cdn.shopify.com/s/files/1/0584/7236/6216/files/Bambu_PLA_Silk_Dual_Color_Technical_Data_Sheet.pdf,store.bblcdn.com/<opaque hash>/<Name>.pdf - not constructible; take the SDS link from the product page at ca.store.bambulab.com/products/<slug>
6 - composition disclosed on the data sheet,M011,PLA Metal,Official Bambu product,G011-01,Bambu Lab,PLA Metal,yes,PLA,"Flammable — verify grade, thickness and certificate; not assembly certification",B-pla-metal-TDS,https://store.bblcdn.com/c6c28a13ba294c6f9fe62755ec9188fa.pdf,store.bblcdn.com/<opaque hash>/<Name>.pdf - not constructible; take the SDS link from the product page at ca.store.bambulab.com/products/<slug>
6 - composition disclosed on the data sheet,M012,PLA Marble,Official Bambu product,G012-01,Bambu Lab,PLA Marble,yes,PLA,"Flammable — verify grade, thickness and certificate; not assembly certification",B-pla-marble-TDS,https://store.bblcdn.com/b81e083c7d1f4e2182ef749d48f9ec86.pdf,store.bblcdn.com/<opaque hash>/<Name>.pdf - not constructible; take the SDS link from the product page at ca.store.bambulab.com/products/<slug>
6 - composition disclosed on the data sheet,M013,PLA Sparkle,Official Bambu product,G013-01,Bambu Lab,PLA Sparkle,yes,PLA,Not published,B-pla-sparkle-TDS,https://store.bblcdn.com/169532c9ce4d4610a9e85d92c0222bb9.pdf,store.bblcdn.com/<opaque hash>/<Name>.pdf - not constructible; take the SDS link from the product page at ca.store.bambulab.com/products/<slug>
6 - composition disclosed on the data sheet,M014,PLA Wood,Official Bambu product,G014-01,Bambu Lab,PLA Wood,yes,Polylactic acid,"Flammable — verify grade, thickness and certificate; not assembly certification",B-pla-wood-TDS,https://store.bblcdn.com/s4/default/6fda0ae88e5a4e66bb5d58f2968eee42/Bambus_PLA_Wood_Technical_Data_Sheet.pdf,store.bblcdn.com/<opaque hash>/<Name>.pdf - not constructible; take the SDS link from the product page at ca.store.bambulab.com/products/<slug>
6 - composition disclosed on the data sheet,M015,PLA Galaxy,Official Bambu product,G015-01,Bambu Lab,PLA Galaxy,yes,Polylactic acid,"Flammable — verify grade, thickness and certificate; not assembly certification",B-pla-galaxy-TDS,https://store.bblcdn.com/8f0b6b2741e3498689c2c7706374c482.pdf,store.bblcdn.com/<opaque hash>/<Name>.pdf - not constructible; take the SDS link from the product page at ca.store.bambulab.com/products/<slug>
6 - composition disclosed on the data sheet,M016,PLA Glow,Official Bambu product,G016-01,Bambu Lab,PLA Glow,yes,Polylactic acid,"Flammable — verify grade, thickness and certificate; not assembly certification",B-pla-glow-TDS,https://store.bblcdn.com/cd34cf072d14484bbf027290d16abe9b.pdf,store.bblcdn.com/<opaque hash>/<Name>.pdf - not constructible; take the SDS link from the product page at ca.store.bambulab.com/products/<slug>
6 - composition disclosed on the data sheet,M017,PLA Aero,Official Bambu product,G017-01,Bambu Lab,PLA Aero,yes,Polylactic acid,"Flammable — verify grade, thickness and certificate; not assembly certification",B-pla-aero-TDS,https://store.bblcdn.com/cbc8b808aaf84ead9bb3b0b9b43e66af.pdf,store.bblcdn.com/<opaque hash>/<Name>.pdf - not constructible; take the SDS link from the product page at ca.store.bambulab.com/products/<slug>
6 - composition disclosed on the data sheet,M018,PLA-CF,Official Bambu product,G018-01,Bambu Lab,PLA-CF,yes,"Polylactic acid, carbon fiber","Flammable — verify grade, thickness and certificate; not assembly certification",B-pla-cf-TDS,https://store.bblcdn.com/842f399d4e274507953a5231126ec8c1.pdf,store.bblcdn.com/<opaque hash>/<Name>.pdf - not constructible; take the SDS link from the product page at ca.store.bambulab.com/products/<slug>
6 - composition disclosed on the data sheet,M021,PETG Basic,Official Bambu product,G021-01,Bambu Lab,PETG Basic,yes,PETG,"Flammable — verify grade, thickness and certificate; not assembly certification",B-petg-basic-TDS,https://store.bblcdn.com/s1/default/cb94589bf7994fdcbfa833badefae9cd/Bambu_PETG_Basic_Technical_Data_Sheet.pdf,store.bblcdn.com/<opaque hash>/<Name>.pdf - not constructible; take the SDS link from the product page at ca.store.bambulab.com/products/<slug>
6 - composition disclosed on the data sheet,M022,PETG HF,Official Bambu product,G022-01,Bambu Lab,PETG HF,yes,PETG,"Flammable — verify grade, thickness and certificate; not assembly certification",B-petg-hf-TDS,https://store.bblcdn.com/3a230e260a3a47c2b0db0156e07eef91.pdf,store.bblcdn.com/<opaque hash>/<Name>.pdf - not constructible; take the SDS link from the product page at ca.store.bambulab.com/products/<slug>
6 - composition disclosed on the data sheet,M023,PETG Translucent,Official Bambu product,G023-01,Bambu Lab,PETG Translucent,yes,PETG,"Flammable — verify grade, thickness and certificate; not assembly certification",B-petg-translucent-TDS,https://store.bblcdn.com/s1/default/338c9cd853fd44d9b6ed354a49048e72/Bambu_PETG_Translucent_Technical_Data_Sheet.pdf,store.bblcdn.com/<opaque hash>/<Name>.pdf - not constructible; take the SDS link from the product page at ca.store.bambulab.com/products/<slug>
6 - composition disclosed on the data sheet,M024,PETG-CF,Official Bambu product,G024-01,Bambu Lab,PETG-CF,yes,"PETG, carbon fiber","Flammable — verify grade, thickness and certificate; not assembly certification",B-petg-cf-TDS,https://store.bblcdn.com/626e4f424bf345ae965ad0ddfcaf2459.pdf,store.bblcdn.com/<opaque hash>/<Name>.pdf - not constructible; take the SDS link from the product page at ca.store.bambulab.com/products/<slug>
6 - composition disclosed on the data sheet,M024,PETG-CF,Official Bambu product,G024-02,Polymaker (Fiberon),Fiberon PETG-rCF08,no,Recycled carbon-fibre reinforced PETG; the product designation states 8 % recycled carbon fibre (TDS p. 1). Recycled fibre is not a declared variant class in this database,"UL 94 HB at 1.5 mm (TDS p. 1, Flame retardancy); verify colour, thickness and certificate. Not printed-part certification",R-FIBERON-PETGRCF08-TDS,https://polymaker.com/wp-content/uploads/lana-downloads/TDS_FIBERON-PETG-rCF08_V1.0_EN.pdf,polymaker.com/wp-content/uploads/lana-downloads/TDS_FIBERON-<Product>_V#_EN.pdf; product pages at fiberon.polymaker.com/product/<slug>
6 - composition disclosed on the data sheet,M025,PETG-GF,Officially listed family,G025-02,Eryone,PETG-GF,yes,PETG with 10% glass fibre (TDS),Not published,R-ERYONE-PETG-GF-TDS,https://file.globalso.com/file_manage/3828/20250630/eryone-petg-gf-tds.pdf,not recorded; start from the product page
6 - composition disclosed on the data sheet,M027,ABS,Official Bambu product,G027-01,Bambu Lab,ABS,yes,ABS,"Flammable — verify grade, thickness and certificate; not assembly certification",B-abs-filament-TDS,https://store.bblcdn.com/s7/default/23b4cf2b83d5470bb96d19970b5f3ae8/Bambu_ABS_Technical_Data_Sheet_V3.pdf,store.bblcdn.com/<opaque hash>/<Name>.pdf - not constructible; take the SDS link from the product page at ca.store.bambulab.com/products/<slug>
6 - composition disclosed on the data sheet,M027,ABS,Official Bambu product,G027-02,Polymaker,PolyLite ABS,no,Bulk-polymerized ABS resin with a lower volatile content than traditional ABS resins (TDS p. 2); no filler disclosed,Not published,S-POLYCN-PolyLite-ABS-TDS-V5-3,https://cdn.polymaker.com.cn/wp-content/uploads/lana-downloads/PolyLite_ABS_TDS_V5.3.pdf,cdn.polymaker.com.cn/wp-content/uploads/lana-downloads/<Product>_TDS_V#.pdf - the documents tree of wiki.polymaker.com is the index
6 - composition disclosed on the data sheet,M028,ABS-GF,Official Bambu product,G028-01,Bambu Lab,ABS-GF,yes,"Acrylonitrile - butadiene - styrene, glass fiber","Flammable — verify grade, thickness and certificate; not assembly certification",B-abs-gf-TDS,https://store.bblcdn.com/69f0758087c943f8a0a87bffa6dc901b.pdf,store.bblcdn.com/<opaque hash>/<Name>.pdf - not constructible; take the SDS link from the product page at ca.store.bambulab.com/products/<slug>
6 - composition disclosed on the data sheet,M031,ASA,Official Bambu product,G031-01,Bambu Lab,ASA,yes,acrylonitrile - styrene - acrylate,"Flammable — verify grade, thickness and certificate; not assembly certification",B-asa-filament-TDS,https://store.bblcdn.com/ad7b08230c164e72856cffbe06bb7dc9.pdf,store.bblcdn.com/<opaque hash>/<Name>.pdf - not constructible; take the SDS link from the product page at ca.store.bambulab.com/products/<slug>
6 - composition disclosed on the data sheet,M031,ASA,Official Bambu product,G031-02,Polymaker,PolyLite ASA,no,"ASA, described as an alternative to ABS with improved weather and UV resistance (TDS p. 2); no filler disclosed",Not published,S-POLYCN-PolyLite-ASA-TDS-V5-3,https://cdn.polymaker.com.cn/wp-content/uploads/lana-downloads/PolyLite_ASA_TDS_V5.3.pdf,cdn.polymaker.com.cn/wp-content/uploads/lana-downloads/<Product>_TDS_V#.pdf - the documents tree of wiki.polymaker.com is the index
6 - composition disclosed on the data sheet,M032,ASA Aero,Official Bambu product,G032-01,Bambu Lab,ASA Aero,yes,acrylonitrile - styrene - acrylate,"Flammable — verify grade, thickness and certificate; not assembly certification",B-asa-aero-TDS,https://store.bblcdn.com/s1/default/02b005fdf02d450084e3128f7cf0c36f/Bambu_ASA_Aero_Technical_Data_Sheet.pdf,store.bblcdn.com/<opaque hash>/<Name>.pdf - not constructible; take the SDS link from the product page at ca.store.bambulab.com/products/<slug>
6 - composition disclosed on the data sheet,M033,ASA-CF,Official Bambu product,G033-01,Bambu Lab,ASA-CF,yes,acrylonitrile - styrene - acrylate,"Flammable — verify grade, thickness and certificate; not assembly certification",B-asa-cf-TDS,https://store.bblcdn.com/s7/default/44b0a48ab1d84e819647c980eb179ae9/Bambus_ASA-CF_Technical_Data_Sheet.pdf,store.bblcdn.com/<opaque hash>/<Name>.pdf - not constructible; take the SDS link from the product page at ca.store.bambulab.com/products/<slug>
6 - composition disclosed on the data sheet,M034,ASA-GF,Officially listed family,G034-03,IPCON,IPCON ASA GF,yes,ASA with glass fibre (fraction not published),Not published,R-IPCON-ASA-GF-TDS,https://www.ipconpolymer.com/wp-content/uploads/2026/06/IPCON-ASA-GF_TDS-Technical-Data-Sheet_V1.0.pdf,not recorded; start from the product page
6 - composition disclosed on the data sheet,M034,ASA-GF,Officially listed family,G034-04,Flashforge,ASAGF10,no,Modified ASA with 10% glass fibre (TDS),Not published,R-FLASHFORGE-ASA-GF10-TDS,https://after-support.flashforge.jp/uploads/datasheet/tds/ASA_GF_TDS_EN.pdf,www.flashforge.com/products/<slug>
6 - composition disclosed on the data sheet,M035,PC,Official Bambu product,G035-01,Bambu Lab,PC,yes,PC,"Flammable and self-extinguishing in the air — verify grade, thickness and certificate; not assembly certification",B-PC-TDS,https://store.bblcdn.com/a52afdccddfd448583d119587122c8c5.pdf,store.bblcdn.com/<opaque hash>/<Name>.pdf - not constructible; take the SDS link from the product page at ca.store.bambulab.com/products/<slug>
6 - composition disclosed on the data sheet,M035,PC,Official Bambu product,G035-02,Polymaker,PolyLite PC,no,"Polycarbonate resin engineered for 3D printing, with light-diffusing properties (TDS p. 2); no filler disclosed",Not published,S-POLYCN-PolyLite-PC-TDS-V5-3,https://cdn.polymaker.com.cn/wp-content/uploads/lana-downloads/PolyLite_PC_TDS_V5.3.pdf,cdn.polymaker.com.cn/wp-content/uploads/lana-downloads/<Product>_TDS_V#.pdf - the documents tree of wiki.polymaker.com is the index
6 - composition disclosed on the data sheet,M036,PC FR,Official Bambu product,G036-01,Bambu Lab,PC FR,yes,Polycarbonate,Not published,B-pc-fr-TDS,https://store.bblcdn.com/s1/default/4adf3c9827a0475d8777e9b8cfd11fbe.pdf,store.bblcdn.com/<opaque hash>/<Name>.pdf - not constructible; take the SDS link from the product page at ca.store.bambulab.com/products/<slug>
6 - composition disclosed on the data sheet,M036,PC FR,Official Bambu product,G036-02,Polymaker,PolyMax PC-FR,no,Flame-retardant polycarbonate from Covestro's Makrolon family (TDS p. 2); the retardant is not disclosed,"UL94 V0 (TDS p. 2, Flame retardancy); verify colour, thickness and certificate. Not printed-part certification",S-POLYCN-PolyMax-PC-FR-TDS-V5-1,https://cdn.polymaker.com.cn/wp-content/uploads/lana-downloads/PolyMax_PC_FR_TDS_V5.1.pdf,cdn.polymaker.com.cn/wp-content/uploads/lana-downloads/<Product>_TDS_V#.pdf - the documents tree of wiki.polymaker.com is the index
6 - composition disclosed on the data sheet,M038,PC-GF,Officially listed family,G038-02,BASF Forward AM,Ultrafuse PC GF30,yes,Polycarbonate with 30% glass fibre,"UL 94 V0 at 1.5 mm and 3.0 mm; verify colour, thickness and certificate",R-BASF-PCGF30-TDS,https://forward-am.com/wp-content/uploads/2021/12/Ultrafuse_PC_GF30_TDS_EN_v1.2.pdf,move.forward-am.com/hubfs/AES Documentation/<Category>/<Product>/TDS/... - look for an /SDS/ sibling folder
6 - composition disclosed on the data sheet,M040,TPU for AMS,Official Bambu product,G040-01,Bambu Lab,TPU for AMS,yes,Thermoplastic polyurethane,"Flammable — verify grade, thickness and certificate; not assembly certification",B-tpu-for-ams-TDS,https://store.bblcdn.com/s5/default/0a98353dce6d486ca848b21d2b19a207.pdf,store.bblcdn.com/<opaque hash>/<Name>.pdf - not constructible; take the SDS link from the product page at ca.store.bambulab.com/products/<slug>
6 - composition disclosed on the data sheet,M041,TPU 95A HF,Official Bambu product,G041-01,Bambu Lab,TPU 95A HF,yes,Thermoplastic polyurethane,"Flammable — verify grade, thickness and certificate; not assembly certification",B-tpu-95a-hf-TDS,https://store.bblcdn.com/58df32731eab4c90a7dac9b12e13ba88.pdf,store.bblcdn.com/<opaque hash>/<Name>.pdf - not constructible; take the SDS link from the product page at ca.store.bambulab.com/products/<slug>
6 - composition disclosed on the data sheet,M042,TPU 90A,Official Bambu product,G042-01,Bambu Lab,TPU 90A,yes,Thermoplastic polyurethane,"Flammable — verify grade, thickness and certificate; not assembly certification",B-TPU-SOFT-TDS-4,https://cdn.shopify.com/s/files/1/0645/5876/0155/files/Bambu_TPU_90A_Technical_Data_Sheet_582bf8f6-1f0a-474c-aeda-9e72af3689dc.pdf?v=1741314674,store.bblcdn.com/<opaque hash>/<Name>.pdf - not constructible; take the SDS link from the product page at ca.store.bambulab.com/products/<slug>
6 - composition disclosed on the data sheet,M043,TPU 85A,Official Bambu product,G043-01,Bambu Lab,TPU 85A,yes,Thermoplastic polyurethane,"Flammable — verify grade, thickness and certificate; not assembly certification",B-TPU-SOFT-TDS-5,https://cdn.shopify.com/s/files/1/0645/5876/0155/files/Bambu_TPU_85A_Technical_Data_Sheet_a7233668-497b-487f-af8a-3adb49fafaa1.pdf?v=1741314674,store.bblcdn.com/<opaque hash>/<Name>.pdf - not constructible; take the SDS link from the product page at ca.store.bambulab.com/products/<slug>
6 - composition disclosed on the data sheet,M045,PEBA,Theoretical,G045-03,Kimya / Airtech Europe,Kimya PEBA-S,no,"PEBA (polyether block amide), unfilled",Not published,R-KIMYA-PEBA-S-TDS,https://www.samaro.fr/app/uploads/2026/09/ba38ba38d87e28552202938c4c1cc670d8ef6fea3287_Kimya_PEBA_S_3D_Filament_EN.pdf,not recorded; start from the product page
6 - composition disclosed on the data sheet,M045,PEBA,Theoretical,G045-04,Fillamentum,Flexfill PEBA 90A,no,"Polyether-block-amide (PEBA), no plasticizer (TDS)",Not published,R-FILLAMENTUM-FLEXFILL-PEBA-90A-TDS,https://fillamentum.com/wp-content/uploads/2020/10/TDS_Flexfill-PEBA-90A_EN.pdf,fillamentum.com/wp-content/uploads/<yyyy>/<mm>/TDS_<Product>.pdf
6 - composition disclosed on the data sheet,M046,TPC / TPEE,Theoretical,G046-02,Kimya / Airtech Europe,Kimya TPC-91A,no,"Thermoplastic copolyester elastomer (TPE-C), Shore 91A (TDS)",Not published,R-KIMYA-TPC-91A-TDS,https://f.hubspotusercontent20.net/hubfs/7196278/Datasheets/Kimya/Kimya_TPC-91A_Technical_Data_Sheet.pdf,not recorded; start from the product page
6 - composition disclosed on the data sheet,M046,TPC / TPEE,Theoretical,G046-03,DSM,Arnitel ID 2045,no,"Thermoplastic copolyester (TPC), >50% renewable content, Shore D 34 (sheet)",Not published,R-DSM-ARNITEL-ID2045-TDS,https://www.matterhackers.com/r/kVK5ym,not recorded; start from the product page
6 - composition disclosed on the data sheet,M048,PAHT-CF,Official Bambu product,G048-01,Bambu Lab,PAHT-CF,yes,"PA 12 and other long-chain PA, carbon fiber","Flammable — verify grade, thickness and certificate; not assembly certification",B-paht-cf-TDS,https://store.bblcdn.com/7166b20bc68f4c87b32c972b856eeb4b.pdf,store.bblcdn.com/<opaque hash>/<Name>.pdf - not constructible; take the SDS link from the product page at ca.store.bambulab.com/products/<slug>
6 - composition disclosed on the data sheet,M048,PAHT-CF,Official Bambu product,G048-02,BASF Forward AM,Ultrafuse PAHT CF15,no,"High-temperature polyamide filled with 15 % carbon fibres (TDS p. 1, Components)",ESD-safe claimed at a surface resistivity of 1e5 to 1e11 ohm (TDS p. 1); no printed-part certification stated,R-FORWARDAM-PAHT-CF15-TDS-v4-0,https://forward-am.com/wp-content/uploads/2024/10/Ultrafuse_PAHT_CF15_TDS_EN_v3.5-1.pdf,move.forward-am.com/hubfs/AES Documentation/<Category>/<Product>/TDS/... - look for an /SDS/ sibling folder
6 - composition disclosed on the data sheet,M049,PA6,Theoretical,G049-02,FormFutura,STYX PA6,no,"PA6 (nylon) filament, ""Low warping PA6 filament"" (TDS); no filler or additive disclosed, and its 1.15 g/cm³ and 2.9 GPa are within neat PA6","Flammability UL-94 V2 at 1.5 mm (TDS ""Flammability"" row); a typical value, not a certificate: verify grade, thickness and certificate",R-FORMFUTURA-STYX-PA6-TDS,https://www.formfutura.com/web/content/281451?download=true,www.formfutura.com/web/content/<opaque id>?download=true - not constructible; take the link from the product page
6 - composition disclosed on the data sheet,M050,PA6-CF,Official Bambu product,G050-01,Bambu Lab,PA6-CF,yes,"Nylon 6, carbon fiber","Flammable — verify grade, thickness and certificate; not assembly certification",B-pa6-cf-TDS,https://store.bblcdn.com/b2abc59ac250492b979a52f1ce3e61b3.pdf,store.bblcdn.com/<opaque hash>/<Name>.pdf - not constructible; take the SDS link from the product page at ca.store.bambulab.com/products/<slug>
6 - composition disclosed on the data sheet,M051,PA6-GF,Official Bambu product,G051-01,Bambu Lab,PA6-GF,yes,"Nylon 6, glass fiber","Flammable — verify grade, thickness and certificate; not assembly certification",B-pa6-gf-TDS,https://store.bblcdn.com/s5/default/f0317db8b3f44d0486553c1e214cff9d.pdf,store.bblcdn.com/<opaque hash>/<Name>.pdf - not constructible; take the SDS link from the product page at ca.store.bambulab.com/products/<slug>
6 - composition disclosed on the data sheet,M067,PET-CF,Official Bambu product,G067-01,Bambu Lab,PET-CF,yes,"Polyethylene terephthalate, carbon fiber","Flammable — verify grade, thickness and certificate; not assembly certification",B-pet-cf-TDS,https://store.bblcdn.com/9690d6226f024acab2ba0dd52dabb654.pdf,store.bblcdn.com/<opaque hash>/<Name>.pdf - not constructible; take the SDS link from the product page at ca.store.bambulab.com/products/<slug>
6 - composition disclosed on the data sheet,M067,PET-CF,Official Bambu product,G067-02,Polymaker (Fiberon),Fiberon PET-CF17,no,Carbon-fibre reinforced PET; the product designation states 17 % carbon fibre (TDS p. 1),"UL 94 HB at 1.5 mm (TDS p. 1, Flame retardancy); verify colour, thickness and certificate. Not printed-part certification",R-FIBERON-PETCF17-TDS,https://polymaker.com/wp-content/uploads/lana-downloads/TDS_FIBERON-PET-CF17_V1.0_EN.pdf,polymaker.com/wp-content/uploads/lana-downloads/TDS_FIBERON-<Product>_V#_EN.pdf; product pages at fiberon.polymaker.com/product/<slug>
6 - composition disclosed on the data sheet,M068,PET-GF,Officially listed family,G068-01,Flashforge,PET-GF,no,PET with30% glass fibre (manufacturer description),Not published,D-FLASH-PETGF,https://www.flashforge.com/products/pet-gf,www.flashforge.com/products/<slug>
6 - composition disclosed on the data sheet,M068,PET-GF,Officially listed family,G068-02,Polymaker (Fiberon),Fiberon PET-GF15,yes,"PET, glass fibre (GF15 product designation)",UL 94 HB at 1.5 mm per TDS; not printed-part certification,R-FIBERON-PETGF15-TDS,https://fiberon.polymaker.com/wp-content/uploads/TDS_FIBERON-PET-GF15_V1.0_EN.pdf,polymaker.com/wp-content/uploads/lana-downloads/TDS_FIBERON-<Product>_V#_EN.pdf; product pages at fiberon.polymaker.com/product/<slug>
6 - composition disclosed on the data sheet,M070,PPA-CF,Official Bambu product,G070-01,Bambu Lab,PPA-CF,yes,"Semi-aromatic Nylon, carbon fiber","Flammable — verify grade, thickness and certificate; not assembly certification",B-ppa-cf-TDS,https://store.bblcdn.com/05b0e4ca5ee14a4cb378cfa48df24f91.pdf,store.bblcdn.com/<opaque hash>/<Name>.pdf - not constructible; take the SDS link from the product page at ca.store.bambulab.com/products/<slug>
6 - composition disclosed on the data sheet,M073,PPS-CF,Official Bambu product,G073-01,Bambu Lab,PPS-CF,yes,"Polyphenylene sulfide (PPS), carbon fiber",Not published,B-pps-cf-TDS,https://store.bblcdn.com/26f4f40359484040a8660c9150a90fc0.pdf,store.bblcdn.com/<opaque hash>/<Name>.pdf - not constructible; take the SDS link from the product page at ca.store.bambulab.com/products/<slug>
6 - composition disclosed on the data sheet,M073,PPS-CF,Official Bambu product,G073-02,Essentium / Nexa3D,Essentium PPS-CF,no,PPS with 15% carbon fibre; LUVOCOM 3F resin,UL 94 V0 is a raw-material value; not printed-part certification,R-ESSENTIUM-PPSCF-TDS,https://nexa3d.com/wp-content/uploads/2024/07/TDS-Essentium-PPS-CF.pdf,not recorded; start from the product page
6 - composition disclosed on the data sheet,M075,PVA,Official Bambu product,G075-01,Bambu Lab,PVA,yes,Polyvinyl alcohol,"Flammable — verify grade, thickness and certificate; not assembly certification",B-pva-TDS,https://store.bblcdn.com/s7/default/868930e5a44944258586caa250cc8143/Bambu_PVA_Technical_Data_Sheet.pdf,store.bblcdn.com/<opaque hash>/<Name>.pdf - not constructible; take the SDS link from the product page at ca.store.bambulab.com/products/<slug>
6 - composition disclosed on the data sheet,M076,BVOH,Officially listed family,G076-02,BASF Forward AM,Ultrafuse BVOH,no,Butenediol vinyl alcohol copolymer based filament (TDS),Not published,S-BVOH-ULTRAFUSE-TDS-v1-3,https://move.forward-am.com/hubfs/AES%20Documentation/Support%20Filaments/BVOH/TDS/Ultrafuse_BVOH_TDS_EN_v1.3.pdf,move.forward-am.com/hubfs/AES Documentation/<Category>/<Product>/TDS/... - look for an /SDS/ sibling folder
6 - composition disclosed on the data sheet,M077,Support for PLA,Official Bambu product,G077-01,Bambu Lab,Support for PLA (New Version),yes,Commercial support formulation; composition not disclosed,Flammable; no mechanical values published in the TDS,R-BAMBU-SUPPORT-PLA-NEW-TDS,https://store.bblcdn.com/s2/default/200ef29f5cd04b20ba6c2c86f0cc3ec0/Bambus_Support_for_PLA_Technical_Data_Sheet.pdf,store.bblcdn.com/<opaque hash>/<Name>.pdf - not constructible; take the SDS link from the product page at ca.store.bambulab.com/products/<slug>
6 - composition disclosed on the data sheet,M078,Support for PLA/PETG,Official Bambu product,G078-01,Bambu Lab,Support for PLA/PETG,yes,Polylactic acid,"Flammable — verify grade, thickness and certificate; not assembly certification",B-support-for-pla-petg-TDS,https://store.bblcdn.com/d09d55778d42495db121e28a3b04a4c5.pdf,store.bblcdn.com/<opaque hash>/<Name>.pdf - not constructible; take the SDS link from the product page at ca.store.bambulab.com/products/<slug>
6 - composition disclosed on the data sheet,M079,Support for ABS,Official Bambu product,G079-01,Bambu Lab,Support for ABS,yes,HIPS,"Flammable — verify grade, thickness and certificate; not assembly certification",B-support-for-abs-TDS,https://store.bblcdn.com/4ea7b59ca78c485f828115735ed35050.pdf,store.bblcdn.com/<opaque hash>/<Name>.pdf - not constructible; take the SDS link from the product page at ca.store.bambulab.com/products/<slug>
6 - composition disclosed on the data sheet,M080,Support for PA/PET,Official Bambu product,G080-01,Bambu Lab,Support for PA/PET,yes,Nylon,Not published,B-support-for-pa-pet-TDS,https://store.bblcdn.com/7e83189be1eb4a3dab8ce9b9a7b2065a.pdf,store.bblcdn.com/<opaque hash>/<Name>.pdf - not constructible; take the SDS link from the product page at ca.store.bambulab.com/products/<slug>
6 - composition disclosed on the data sheet,M085,PE,Conditional,G085-02,Braskem,FL300PE,yes,"100% polyethylene filament (sheet); ""anywhere traditional HDPE resins are typically required""",Not published,R-BRASKEM-FL300PE-PDS,https://www.braskem.com.br/portal/usa/arquivos/3DPrinting/Product-Data-Sheet-FL300PE.pdf,not recorded; start from the product page
6 - composition disclosed on the data sheet,M087,POM / Acetal,Conditional,G087-02,Grupa Azoty,Tarfuse POM 3D Filament,yes,Polyacetal copolymer (TDS),Not published,R-GRUPA-AZOTY-TARFUSE-POM-TDS,https://filamentworld.de/fact-sheets/Grupa-Azoty_Tarfuse-POM_Datenblatt_EN.pdf,not recorded; start from the product page
6 - composition disclosed on the data sheet,M087,POM / Acetal,Conditional,G087-03,Guangzhou Yousu 3D Technology,YOUSU POM 3D Filament,no,POM (TDS); homopolymer or copolymer not stated,Not published,R-YOUSU-POM-TDS,https://ysfilament.com/u_file/2206/14/file/YOUSUPOMTDS-ae63.pdf,not recorded; start from the product page
6 - composition disclosed on the data sheet,M091,CoPE,Theoretical,G091-02,Polymaker,Panchroma CoPE,yes,Co-polyester (CoPE); composition not disclosed,Not published,R-POLYMAKER-PANCHROMA-TDS-V2-1,https://polymaker.com/wp-content/uploads/Panchroma_TDS_V2.1.pdf,cdn.polymaker.com.cn/wp-content/uploads/lana-downloads/<Product>_TDS_V#.pdf - the documents tree of wiki.polymaker.com is the index
6 - composition disclosed on the data sheet,M093,PVB,Theoretical,G093-02,Polymaker,PolySmooth,no,Polyvinyl butyral (PVB) filament for alcohol smoothing; composition not otherwise disclosed,Not published,S-POLYCN-PolySmooth-TDS-V5-4,https://cdn.shopify.com/s/files/1/0548/7299/7945/files/PolySmooth_TDS_EN_V5.4.pdf?v=1731961910,cdn.polymaker.com.cn/wp-content/uploads/lana-downloads/<Product>_TDS_V#.pdf - the documents tree of wiki.polymaker.com is the index
